"","X","Endothelial","CAFs","PVL","B.cells","T.cells","Myeloid","Normal.Epithelial","Plasmablasts","Cancer.Epithelial","sid","invasive.cancer","stroma","lymphocyte","others"
"1","Human_Breast_Andersson_10142021_ST_D3_10x10",0.0221001873774709,0.291936390880856,0.00937968970313757,0.0851783722854269,0.0245681214077471,0.11316913869878,0.0130132305178415,0.297366391508422,0.143288477620318,"Human_Breast_Andersson_10142021_ST_D3",0.143288477620318,0.323416267961464,0.407112885201596,0.126182369216621
"2","Human_Breast_Andersson_10142021_ST_D3_10x11",0.0479612159606479,0.264516058785821,0.0684764198424901,0.025416996268662,0.0150705278251991,0.0719441708312025,0.0140732739129362,0.410683795508701,0.0818575410643408,"Human_Breast_Andersson_10142021_ST_D3",0.0818575410643408,0.380953694588959,0.451171319602562,0.0860174447441387
"3","Human_Breast_Andersson_10142021_ST_D3_10x12",0.0268303815383076,0.308050746933146,0.100300654935326,0.0450544782991214,0.00557811498993547,0.09574416818715,0.0464051145016889,0.202908512498765,0.16912782811656,"Human_Breast_Andersson_10142021_ST_D3",0.16912782811656,0.43518178340678,0.253541105787822,0.142149282688839
"4","Human_Breast_Andersson_10142021_ST_D3_10x13",0.028005348418318,0.337224849500875,0.0396390858898027,0.0116143486911538,0.00805540429956469,0.128128010003562,0.0231360694667569,0.13283901377447,0.291357869955497,"Human_Breast_Andersson_10142021_ST_D3",0.291357869955497,0.404869283808996,0.152508766765188,0.151264079470319
"5","Human_Breast_Andersson_10142021_ST_D3_10x14",0.0387685216387763,0.326720934813198,0.0581562480437441,0.00985907297598769,0.0247050687461729,0.0604902731931476,0.080216304854184,0.0537815401700207,0.347302035564768,"Human_Breast_Andersson_10142021_ST_D3",0.347302035564768,0.423645704495718,0.0883456818921813,0.140706578047332
"6","Human_Breast_Andersson_10142021_ST_D3_10x15",0.0608857866067678,0.322446966517807,0.0383029951280797,0.00834638495119696,0.0036478954273958,0.0620411761661507,0.0433364044874798,0.161325629325167,0.299666761389955,"Human_Breast_Andersson_10142021_ST_D3",0.299666761389955,0.421635748252654,0.17331990970376,0.105377580653631
"7","Human_Breast_Andersson_10142021_ST_D3_10x16",0.0266448840294372,0.200071832137869,0.0219572652016983,0.0315572197542537,0.0490956230810802,0.0284627919565444,0.153204334517277,0.0643384353242555,0.424667613997585,"Human_Breast_Andersson_10142021_ST_D3",0.424667613997585,0.248673981369004,0.144991278159589,0.181667126473821
"8","Human_Breast_Andersson_10142021_ST_D3_10x17",0.0232066425358998,0.338230075422349,0.0266155068329097,0.0110806378682798,0.00628835767969671,0.0724591371469615,0.0615982205828846,0.152684535304878,0.30783688662614,"Human_Breast_Andersson_10142021_ST_D3",0.30783688662614,0.388052224791159,0.170053530852855,0.134057357729846
"9","Human_Breast_Andersson_10142021_ST_D3_10x18",0.0281587443885523,0.217436110640538,0.0472127267326238,0.0107687715223474,0.0104231591313566,0.0391036749758377,0.120444057930321,0.0730834562552118,0.453369298423211,"Human_Breast_Andersson_10142021_ST_D3",0.453369298423211,0.292807581761714,0.0942753869089158,0.159547732906159
"10","Human_Breast_Andersson_10142021_ST_D3_10x19",0.0400516547026767,0.291467442469992,0.0688424681852799,0.0186685547868676,0.0105979745322307,0.199375788313979,0.0526014684192665,0.112781904447192,0.205612744142516,"Human_Breast_Andersson_10142021_ST_D3",0.205612744142516,0.400361565357949,0.14204843376629,0.251977256733246
"11","Human_Breast_Andersson_10142021_ST_D3_10x20",0.0477413984972739,0.32511213915041,0.0914894896019124,0.0149253547516186,0.0253815087643952,0.137918768239583,0.0567080520530747,0.116299012692162,0.18442427624957,"Human_Breast_Andersson_10142021_ST_D3",0.18442427624957,0.464343027249596,0.156605876208176,0.194626820292658
"12","Human_Breast_Andersson_10142021_ST_D3_10x21",0.0422685760385241,0.292119419257207,0.0793314977592794,0.00728104245140057,0.0041983060670779,0.224885294994812,0.0240930071880403,0.156293129318204,0.169529726925454,"Human_Breast_Andersson_10142021_ST_D3",0.169529726925454,0.413719493055011,0.167772477836682,0.248978302182852
"13","Human_Breast_Andersson_10142021_ST_D3_10x22",0.0343436483093842,0.280700402138603,0.1244017639122,0.00958872585463551,0.00239752403023635,0.267030156411981,0.0189884665103398,0.0986615008509464,0.163887811981674,"Human_Breast_Andersson_10142021_ST_D3",0.163887811981674,0.439445814360187,0.110647750735818,0.286018622922321
"14","Human_Breast_Andersson_10142021_ST_D3_10x23",0.012645660837926,0.391838765989231,0.0294159203787146,0.0031804631657642,0.00206654097579313,0.140347730920859,0.0110168810682533,0.315891208598637,0.093596828064822,"Human_Breast_Andersson_10142021_ST_D3",0.093596828064822,0.433900347205872,0.321138212740194,0.151364611989112
"15","Human_Breast_Andersson_10142021_ST_D3_10x24",0.0246966473144251,0.375700982468283,0.0325037973920805,0.11053151631478,0.0183358144724886,0.254950902551694,0.00783218991623576,0.103546654428559,0.0719014951414537,"Human_Breast_Andersson_10142021_ST_D3",0.0719014951414537,0.432901427174789,0.232413985215828,0.26278309246793
"16","Human_Breast_Andersson_10142021_ST_D3_10x25",0.0254312939209895,0.32022422625981,0.017616961764667,0.0932305938075242,0.0570436259242748,0.235072802751436,0.0179995257111217,0.171080567611535,0.062300402248642,"Human_Breast_Andersson_10142021_ST_D3",0.062300402248642,0.363272481945467,0.321354787343334,0.253072328462558
"17","Human_Breast_Andersson_10142021_ST_D3_10x26",0.042721629964942,0.317058510763221,0.0703974658018005,0.0696007051963104,0.0671064873850212,0.146847119610041,0.0212363081328147,0.0850915561585373,0.179940216987312,"Human_Breast_Andersson_10142021_ST_D3",0.179940216987312,0.430177606529964,0.221798748739869,0.168083427742856
"18","Human_Breast_Andersson_10142021_ST_D3_10x27",0.0201908167707092,0.243761301191202,0.115006250399965,0.106819516818148,0.055573958907751,0.157082131721791,0.0351382680443686,0.0480158605758775,0.218411895570187,"Human_Breast_Andersson_10142021_ST_D3",0.218411895570187,0.378958368361876,0.210409336301776,0.19222039976616
"19","Human_Breast_Andersson_10142021_ST_D3_11x10",0.0573889515416421,0.262739578721721,0.045577038784644,0.0903720757776844,0.0796160366507262,0.136416995718792,0.061588907146217,0.0682637046070963,0.198036711051478,"Human_Breast_Andersson_10142021_ST_D3",0.198036711051478,0.365705569048007,0.238251817035507,0.198005902865009
"20","Human_Breast_Andersson_10142021_ST_D3_11x11",0.049030177864758,0.279708449417976,0.0326294572693755,0.100737663613654,0.0302469550702193,0.252985778530636,0.0164282042742147,0.168312684449041,0.0699206295101257,"Human_Breast_Andersson_10142021_ST_D3",0.0699206295101257,0.36136808455211,0.299297303132914,0.269413982804851
"21","Human_Breast_Andersson_10142021_ST_D3_11x12",0.0194507871194991,0.396194715828802,0.0145618420800014,0.0220713404764627,0.0276745765035963,0.263558043880332,0.019022990927232,0.147418087084284,0.0900476160997907,"Human_Breast_Andersson_10142021_ST_D3",0.0900476160997907,0.430207345028302,0.197164004064343,0.282581034807564
"22","Human_Breast_Andersson_10142021_ST_D3_11x13",0.0151197098940614,0.353536979723542,0.0221729353746237,0.059650115258574,0.0539794311653436,0.215689022207255,0.0229197864778028,0.159847724532233,0.0970842953665641,"Human_Breast_Andersson_10142021_ST_D3",0.0970842953665641,0.390829624992227,0.273477270956151,0.238608808685058
"23","Human_Breast_Andersson_10142021_ST_D3_11x14",0.0187681606377657,0.301169638032111,0.0553176037867732,0.0235238298155684,0.0202325410740605,0.1121532578839,0.0439536735924897,0.304959741727407,0.119921553449925,"Human_Breast_Andersson_10142021_ST_D3",0.119921553449925,0.37525540245665,0.348716112617036,0.15610693147639
"24","Human_Breast_Andersson_10142021_ST_D3_11x15",0.0390994621859429,0.294177348075824,0.0364416202497029,0.0237613161443858,0.00765657052723086,0.0495252548057634,0.0447508242230527,0.160242214034354,0.344345389753744,"Human_Breast_Andersson_10142021_ST_D3",0.344345389753744,0.36971843051147,0.191660100705971,0.0942760790288161
"25","Human_Breast_Andersson_10142021_ST_D3_11x16",0.0204499657577618,0.239345123331937,0.0551221910131753,0.0297328694899758,0.0122130661211905,0.0413168977461734,0.104967557905251,0.193458396013023,0.303393932621512,"Human_Breast_Andersson_10142021_ST_D3",0.303393932621512,0.314917280102874,0.235404331624189,0.146284455651424
"26","Human_Breast_Andersson_10142021_ST_D3_11x18",0.0402777055556079,0.224931325141306,0.0412522260112306,0.00896381798810758,0.0120046172227241,0.075770598904982,0.0752793832908976,0.20556220832864,0.315958117556504,"Human_Breast_Andersson_10142021_ST_D3",0.315958117556504,0.306461256708145,0.226530643539472,0.15104998219588
"27","Human_Breast_Andersson_10142021_ST_D3_11x19",0.0461094650731715,0.116059402442097,0.0321234892199731,0.0361157373437894,0.0453143814242174,0.0336617062459281,0.0836213220410805,0.145084166516689,0.461910329693054,"Human_Breast_Andersson_10142021_ST_D3",0.461910329693054,0.194292356735242,0.226514285284696,0.117283028287009
"28","Human_Breast_Andersson_10142021_ST_D3_11x20",0.0236367010686971,0.208395599529588,0.0601982180360704,0.0415559018048981,0.0135905983357661,0.155944168628941,0.0515546746787238,0.285163271596196,0.15996086632112,"Human_Breast_Andersson_10142021_ST_D3",0.15996086632112,0.292230518634356,0.34030977173686,0.207498843307665
"29","Human_Breast_Andersson_10142021_ST_D3_11x21",0.0507291795831039,0.276021819044298,0.071164381913213,0.0158060378470831,0.0103544431042291,0.185280023842369,0.0347037442164298,0.242312384889519,0.113627985559755,"Human_Breast_Andersson_10142021_ST_D3",0.113627985559755,0.397915380540615,0.268472865840831,0.219983768058799
"30","Human_Breast_Andersson_10142021_ST_D3_11x22",0.0189162387983084,0.273725558745964,0.0585669143869769,0.155306050871322,0.00912488062030768,0.238986156553968,0.0370454226426421,0.136852115531691,0.0714766618488202,"Human_Breast_Andersson_10142021_ST_D3",0.0714766618488202,0.351208711931249,0.301283047023321,0.27603157919661
"31","Human_Breast_Andersson_10142021_ST_D3_11x23",0.00813359827700499,0.222346858754784,0.188125211843447,0.0187228854552947,0.00515738885026443,0.208050376151398,0.0336526404839121,0.195326470210893,0.120484569973002,"Human_Breast_Andersson_10142021_ST_D3",0.120484569973002,0.418605668875236,0.219206744516452,0.24170301663531
"32","Human_Breast_Andersson_10142021_ST_D3_11x24",0.0388357507092376,0.323335588690925,0.0391400230282695,0.0360518636934866,0.00714773882987177,0.193273168615253,0.00314345698772406,0.326977458575513,0.0320949508697189,"Human_Breast_Andersson_10142021_ST_D3",0.0320949508697189,0.401311362428432,0.370177061098871,0.196416625602977
"33","Human_Breast_Andersson_10142021_ST_D3_11x25",0.133701992587073,0.397478467895928,0.0647176818772972,0.0507099306608409,0.0166282810750283,0.234101453586268,0.00308200594736967,0.0679223061998586,0.0316578801703369,"Human_Breast_Andersson_10142021_ST_D3",0.0316578801703369,0.595898142360298,0.135260517935728,0.237183459533638
"34","Human_Breast_Andersson_10142021_ST_D3_11x26",0.0256404997376866,0.201340221547015,0.211842901132579,0.0232979013082475,0.010383049404006,0.270215702604533,0.0282070771252726,0.0300310606584377,0.199041586482223,"Human_Breast_Andersson_10142021_ST_D3",0.199041586482223,0.438823622417281,0.0637120113706912,0.298422779729806
"35","Human_Breast_Andersson_10142021_ST_D3_11x27",0.0184891806843513,0.230889560769427,0.0636473429949999,0.0467420169717623,0.0173793564822573,0.194656587209431,0.0264838950579082,0.148686908869496,0.253025150960367,"Human_Breast_Andersson_10142021_ST_D3",0.253025150960367,0.313026084448778,0.212808282323516,0.221140482267339
"36","Human_Breast_Andersson_10142021_ST_D3_12x10",0.0393867305742854,0.25151405625046,0.0746871914553211,0.0852680536962223,0.0531818068425165,0.233028541265378,0.0176483419534006,0.106169175511308,0.139116102451109,"Human_Breast_Andersson_10142021_ST_D3",0.139116102451109,0.365587978280067,0.244619036050047,0.250676883218779
"37","Human_Breast_Andersson_10142021_ST_D3_12x11",0.0537667793426423,0.207804053904608,0.0668457279323662,0.124619001559369,0.0437664094148944,0.231235474404376,0.00920198396761101,0.201330450861992,0.0614301186121411,"Human_Breast_Andersson_10142021_ST_D3",0.0614301186121411,0.328416561179616,0.369715861836255,0.240437458371987
"38","Human_Breast_Andersson_10142021_ST_D3_12x12",0.0195937256354379,0.228536494089887,0.0326903871825926,0.0441856772964555,0.0403933728678447,0.152948031066575,0.0112501236148586,0.396991670604307,0.0734105176420426,"Human_Breast_Andersson_10142021_ST_D3",0.0734105176420426,0.280820606907917,0.481570720768607,0.164198154681434
"39","Human_Breast_Andersson_10142021_ST_D3_12x13",0.0204525636087024,0.239494480607909,0.0464546540636378,0.0149815617835575,0.0210257425975007,0.171559313939214,0.0188765074840123,0.34095679873489,0.126198377180576,"Human_Breast_Andersson_10142021_ST_D3",0.126198377180576,0.306401698280249,0.376964103115948,0.190435821423226
"40","Human_Breast_Andersson_10142021_ST_D3_12x14",0.0333575935663247,0.313906307948705,0.0227466552231061,0.037075803522019,0.0320222433936634,0.0916613274503514,0.0613807305126062,0.110078866639583,0.297770471743642,"Human_Breast_Andersson_10142021_ST_D3",0.297770471743642,0.370010556738136,0.179176913555265,0.153042057962958
"41","Human_Breast_Andersson_10142021_ST_D3_12x15",0.0411071352096412,0.224092661692394,0.0716310715386328,0.0300697924818508,0.0358071848321634,0.068350975171079,0.0882030537014555,0.0728156595463287,0.367922465826455,"Human_Breast_Andersson_10142021_ST_D3",0.367922465826455,0.336830868440668,0.138692636860343,0.156554028872535
"42","Human_Breast_Andersson_10142021_ST_D3_12x16",0.0299066649070861,0.330979939973614,0.0955388017651308,0.0122135178428669,0.00755566582556107,0.13055157920547,0.0440477315270981,0.0911717010082544,0.258034397944919,"Human_Breast_Andersson_10142021_ST_D3",0.258034397944919,0.456425406645831,0.110940884676682,0.174599310732568
"43","Human_Breast_Andersson_10142021_ST_D3_12x17",0.0275473634334158,0.267344416624483,0.0534865314823354,0.022760387775173,0.00890294533054966,0.0974462301382726,0.0318487719110014,0.30415543310491,0.186507920199859,"Human_Breast_Andersson_10142021_ST_D3",0.186507920199859,0.348378311540234,0.335818766210633,0.129295002049274
"44","Human_Breast_Andersson_10142021_ST_D3_12x18",0.0152439906276939,0.289526391085245,0.0497117303250372,0.0234570941580577,0.00950611814475407,0.11150336621424,0.0367985697519281,0.200064509416288,0.264188230276756,"Human_Breast_Andersson_10142021_ST_D3",0.264188230276756,0.354482112037976,0.2330277217191,0.148301935966168
"45","Human_Breast_Andersson_10142021_ST_D3_12x19",0.0406611422492147,0.254440661447524,0.036306935871782,0.0410149462563256,0.0192139657598505,0.106353662974477,0.0340944495422302,0.203452118633533,0.264462117265063,"Human_Breast_Andersson_10142021_ST_D3",0.264462117265063,0.331408739568521,0.263681030649709,0.140448112516707
"46","Human_Breast_Andersson_10142021_ST_D3_12x20",0.0227618997173711,0.246236715278343,0.0454992639172304,0.0136325446677975,0.00386666472873314,0.123078312480094,0.0368384268964596,0.318727048631639,0.189359123682332,"Human_Breast_Andersson_10142021_ST_D3",0.189359123682332,0.314497878912945,0.33622625802817,0.159916739376554
"47","Human_Breast_Andersson_10142021_ST_D3_12x21",0.014703017604517,0.212070670530158,0.0977101208363685,0.0784400990362003,0.0165836816681677,0.165457019275952,0.0124913066750893,0.271217767340555,0.131326317032992,"Human_Breast_Andersson_10142021_ST_D3",0.131326317032992,0.324483808971044,0.366241548044923,0.177948325951041
"48","Human_Breast_Andersson_10142021_ST_D3_12x22",0.0121263277333307,0.319175324920987,0.0420616846356847,0.0750384589620867,0.0102537169897309,0.239492557471678,0.00495096086021477,0.261766894098103,0.0351340743281846,"Human_Breast_Andersson_10142021_ST_D3",0.0351340743281846,0.373363337290002,0.347059070049921,0.244443518331893
"49","Human_Breast_Andersson_10142021_ST_D3_12x23",0.0512559069392458,0.30692368703979,0.0386901463056944,0.069929831348196,0.0140949794147018,0.232486963042806,0.0109987982290107,0.226254075414532,0.0493656122660232,"Human_Breast_Andersson_10142021_ST_D3",0.0493656122660232,0.39686974028473,0.31027888617743,0.243485761271817
"50","Human_Breast_Andersson_10142021_ST_D3_12x24",0.00612000286475431,0.415046314418197,0.0262087953075796,0.0259739353421532,0.0101691622016011,0.357850605017446,0.0043783758889653,0.125968377238348,0.0282844317209559,"Human_Breast_Andersson_10142021_ST_D3",0.0282844317209559,0.447375112590531,0.162111474782102,0.362228980906411
"51","Human_Breast_Andersson_10142021_ST_D3_12x25",0.0284546127365109,0.358387266860455,0.0510013254159124,0.121451329068047,0.00509991419510026,0.277303182124235,0.00842775642272857,0.108384077540779,0.0414905356362312,"Human_Breast_Andersson_10142021_ST_D3",0.0414905356362312,0.437843205012878,0.234935320803926,0.285730938546964
"52","Human_Breast_Andersson_10142021_ST_D3_12x26",0.0384971748599949,0.16946867909127,0.0455812463215848,0.0177480979626245,0.0106116247464258,0.205555074534626,0.0194474414487655,0.344370487142617,0.148720173892092,"Human_Breast_Andersson_10142021_ST_D3",0.148720173892092,0.25354710027285,0.372730209851667,0.225002515983391
"53","Human_Breast_Andersson_10142021_ST_D3_12x27",0.053004824133395,0.286773572752032,0.0183321813327225,0.0549806376036024,0.10863010604376,0.116276816706374,0.0832606697496685,0.0303593616444527,0.248381830033993,"Human_Breast_Andersson_10142021_ST_D3",0.248381830033993,0.35811057821815,0.193970105291815,0.199537486456043
"54","Human_Breast_Andersson_10142021_ST_D3_13x10",0.00636474750504721,0.335731488136725,0.0142694076629697,0.0170185027489683,0.0425989985966494,0.271610589631452,0.0122412915904851,0.252462002340963,0.0477029717867407,"Human_Breast_Andersson_10142021_ST_D3",0.0477029717867407,0.356365643304742,0.312079503686581,0.283851881221937
"55","Human_Breast_Andersson_10142021_ST_D3_13x11",0.0550360074174652,0.234030814508953,0.0512617089269648,0.0882692841485774,0.0168976068303968,0.248177570426435,0.0117396785508806,0.202716331244618,0.091870997945708,"Human_Breast_Andersson_10142021_ST_D3",0.091870997945708,0.340328530853383,0.307883222223592,0.259917248977316
"56","Human_Breast_Andersson_10142021_ST_D3_13x12",0.0499135009712623,0.274558100224919,0.0217285354679594,0.0761944051487789,0.0767811200895334,0.190393820267658,0.00923298283781048,0.25575717292749,0.0454403620645883,"Human_Breast_Andersson_10142021_ST_D3",0.0454403620645883,0.346200136664141,0.408732698165802,0.199626803105468
"57","Human_Breast_Andersson_10142021_ST_D3_13x13",0.0167398986080209,0.312006702345011,0.0155712550679406,0.0767305698662537,0.024332770102262,0.195612613192051,0.0338408349041901,0.173102670615968,0.152062685298303,"Human_Breast_Andersson_10142021_ST_D3",0.152062685298303,0.344317856020972,0.274166010584484,0.229453448096241
"58","Human_Breast_Andersson_10142021_ST_D3_13x14",0.0242034258116866,0.302608129746499,0.0950447341799318,0.0149126994233312,0.00951472389495192,0.125155936485949,0.0501625008678746,0.178764696204408,0.199633153385368,"Human_Breast_Andersson_10142021_ST_D3",0.199633153385368,0.421856289738117,0.203192119522691,0.175318437353824
"59","Human_Breast_Andersson_10142021_ST_D3_13x15",0.0280288316336391,0.274250775059256,0.045307132510227,0.0508160361025082,0.0347695114867355,0.0707843773031141,0.0363660028439979,0.247131206963857,0.212546126096665,"Human_Breast_Andersson_10142021_ST_D3",0.212546126096665,0.347586739203122,0.332716754553101,0.107150380147112
"60","Human_Breast_Andersson_10142021_ST_D3_13x16",0.050160434767226,0.278591437695256,0.0821374504805305,0.0386704877185687,0.0342483367236101,0.0222151639909492,0.0952145331204406,0.0879173523812175,0.310844803122202,"Human_Breast_Andersson_10142021_ST_D3",0.310844803122202,0.410889322943013,0.160836176823396,0.11742969711139
"61","Human_Breast_Andersson_10142021_ST_D3_13x17",0.0202482767188363,0.194009138604996,0.0749824617876306,0.0257434493683206,0.0169255554201659,0.111643245508962,0.0169080017140851,0.333455856778331,0.206084014098672,"Human_Breast_Andersson_10142021_ST_D3",0.206084014098672,0.289239877111463,0.376124861566818,0.128551247223047
"62","Human_Breast_Andersson_10142021_ST_D3_13x18",0.0295151864551353,0.213469481709241,0.0855581203659209,0.0300280836189634,0.00789440168448579,0.12596431412052,0.0698290965240944,0.192279746918,0.24546156860364,"Human_Breast_Andersson_10142021_ST_D3",0.24546156860364,0.328542788530297,0.230202232221449,0.195793410644614
"63","Human_Breast_Andersson_10142021_ST_D3_13x19",0.0421771789346523,0.298335892977257,0.048266793926218,0.0320308078094952,0.0144729060466946,0.134275427989648,0.0424064813139239,0.106864188710991,0.281170322291119,"Human_Breast_Andersson_10142021_ST_D3",0.281170322291119,0.388779865838127,0.153367902567181,0.176681909303572
"64","Human_Breast_Andersson_10142021_ST_D3_13x20",0.010726231889796,0.307759839074575,0.0267255876102129,0.0332552200879864,0.00411741644812267,0.134632995198746,0.0104729217534413,0.309461304564083,0.162848483373037,"Human_Breast_Andersson_10142021_ST_D3",0.162848483373037,0.345211658574584,0.346833941100192,0.145105916952187
"65","Human_Breast_Andersson_10142021_ST_D3_13x21",0.00388641395799969,0.333720287076641,0.0342499240540575,0.0487344883063103,0.012814919881376,0.214918548815868,0.0257935537389738,0.230816932624513,0.0950649315442601,"Human_Breast_Andersson_10142021_ST_D3",0.0950649315442601,0.371856625088698,0.292366340812199,0.240712102554842
"66","Human_Breast_Andersson_10142021_ST_D3_13x22",0.0199025470201697,0.343103886717151,0.0912504991685841,0.0534742348920214,0.0318835861535586,0.289257696722204,0.00945791461345054,0.124477107045449,0.0371925276674125,"Human_Breast_Andersson_10142021_ST_D3",0.0371925276674125,0.454256932905905,0.209834928091029,0.298715611335655
"67","Human_Breast_Andersson_10142021_ST_D3_13x23",0.0319868676234904,0.288766671552365,0.0586110609327087,0.242432682730362,0.0121313133841555,0.192451533824373,0.00584914494528075,0.131685756166101,0.0360849688411637,"Human_Breast_Andersson_10142021_ST_D3",0.0360849688411637,0.379364600108564,0.386249752280619,0.198300678769654
"68","Human_Breast_Andersson_10142021_ST_D3_13x24",0.0224946328192504,0.275128681186921,0.0505009998849794,0.0183283126996681,0.0121253616906621,0.170260648279196,0.0439870095927257,0.217466307399704,0.189708046446894,"Human_Breast_Andersson_10142021_ST_D3",0.189708046446894,0.348124313891151,0.247919981790034,0.214247657871922
"69","Human_Breast_Andersson_10142021_ST_D3_13x25",0.0333044539161455,0.242886098785249,0.0687282822388486,0.0457175606018377,0.0176090660323757,0.182472274746217,0.0783510054183699,0.0856058441670857,0.245325414093871,"Human_Breast_Andersson_10142021_ST_D3",0.245325414093871,0.344918834940243,0.148932470801299,0.260823280164587
"70","Human_Breast_Andersson_10142021_ST_D3_13x26",0.0126028622439053,0.256127961144264,0.0783547359989665,0.0743640844117309,0.00950684242618321,0.126899887848665,0.0517090751404602,0.144242032508365,0.24619251827746,"Human_Breast_Andersson_10142021_ST_D3",0.24619251827746,0.347085559387136,0.228112959346279,0.178608962989125
"71","Human_Breast_Andersson_10142021_ST_D3_13x27",0.0345543970236516,0.184572296807785,0.100581238694328,0.0508581704591717,0.0437946323087906,0.110570088789265,0.0529933951952478,0.152364580466027,0.269711200255733,"Human_Breast_Andersson_10142021_ST_D3",0.269711200255733,0.319707932525765,0.247017383233989,0.163563483984513
"72","Human_Breast_Andersson_10142021_ST_D3_14x10",0.067302259170111,0.20308345144126,0.00821882144724325,0.12704508234399,0.0726384687379931,0.18557197349985,0.016544342326048,0.16503023502801,0.154565366005495,"Human_Breast_Andersson_10142021_ST_D3",0.154565366005495,0.278604532058614,0.364713786109993,0.202116315825898
"73","Human_Breast_Andersson_10142021_ST_D3_14x11",0.00942913617634402,0.194476958867806,0.0149797023357664,0.219414374466074,0.171456241852216,0.196664559906594,0.015117398524125,0.101241017430698,0.0772206104403759,"Human_Breast_Andersson_10142021_ST_D3",0.0772206104403759,0.218885797379916,0.492111633748988,0.211781958430719
"74","Human_Breast_Andersson_10142021_ST_D3_14x12",0.0286976732594524,0.290292108373331,0.00844159665553516,0.067147272178882,0.0501306049998176,0.229720057858968,0.0142884290567342,0.241482519596773,0.0697997380205072,"Human_Breast_Andersson_10142021_ST_D3",0.0697997380205072,0.327431378288319,0.358760396775473,0.244008486915702
"75","Human_Breast_Andersson_10142021_ST_D3_14x13",0.03234900794247,0.259621747872192,0.0323579078287633,0.0510010297234761,0.0327008195366405,0.155115980703831,0.0167004332957357,0.17956876514503,0.240584307951862,"Human_Breast_Andersson_10142021_ST_D3",0.240584307951862,0.324328663643425,0.263270614405147,0.171816413999567
"76","Human_Breast_Andersson_10142021_ST_D3_14x14",0.0181449575690614,0.207621349827933,0.0800065285758568,0.0279650800522691,0.0120555350051297,0.110950546041591,0.0866350918485489,0.274180812981663,0.182440098097947,"Human_Breast_Andersson_10142021_ST_D3",0.182440098097947,0.305772835972851,0.314201428039062,0.19758563789014
"77","Human_Breast_Andersson_10142021_ST_D3_14x15",0.0249419261211549,0.245214881956947,0.0369919280144882,0.0263286379761807,0.0425671088585869,0.03788461336782,0.0782959606345088,0.234241880708566,0.273533062361748,"Human_Breast_Andersson_10142021_ST_D3",0.273533062361748,0.30714873609259,0.303137627543334,0.116180574002329
"78","Human_Breast_Andersson_10142021_ST_D3_14x16",0.0372816516343516,0.233485393045294,0.0383261411556928,0.067043483558947,0.0313289701098965,0.0542556987298555,0.0632952675807163,0.194133234193223,0.280850159992023,"Human_Breast_Andersson_10142021_ST_D3",0.280850159992023,0.309093185835338,0.292505687862067,0.117550966310572
"79","Human_Breast_Andersson_10142021_ST_D3_14x17",0.0245477229929439,0.315586097396879,0.0199283095625671,0.0112928528734246,0.0273379548308882,0.0918228736499552,0.0273899224118496,0.26685791958841,0.215236346693083,"Human_Breast_Andersson_10142021_ST_D3",0.215236346693083,0.36006212995239,0.305488727292723,0.119212796061805
"80","Human_Breast_Andersson_10142021_ST_D3_14x18",0.0138309192238733,0.32422066316805,0.0289618286295967,0.0108014221629399,0.0134621506830306,0.152204105035839,0.0663811337339995,0.181261640203715,0.208876137158955,"Human_Breast_Andersson_10142021_ST_D3",0.208876137158955,0.36701341102152,0.205525213049685,0.218585238769838
"81","Human_Breast_Andersson_10142021_ST_D3_14x19",0.0208481904799722,0.261358416629467,0.0540351810810833,0.0201332634309153,0.00694891916004987,0.256592956836914,0.0522651869131646,0.221974190604861,0.105843694863573,"Human_Breast_Andersson_10142021_ST_D3",0.105843694863573,0.336241788190523,0.249056373195826,0.308858143750079
"82","Human_Breast_Andersson_10142021_ST_D3_14x20",0.0169123117111407,0.290449123903862,0.0455042839241286,0.0314013550535192,0.0216626753588018,0.231613422954069,0.0465694127079519,0.100706685241493,0.215180729145033,"Human_Breast_Andersson_10142021_ST_D3",0.215180729145033,0.352865719539131,0.153770715653814,0.278182835662021
"83","Human_Breast_Andersson_10142021_ST_D3_14x21",0.0243498832871634,0.233908671236255,0.111966713491056,0.0752977288383236,0.0494078597217715,0.198356723581488,0.0094163995646157,0.205946260248216,0.0913497600311108,"Human_Breast_Andersson_10142021_ST_D3",0.0913497600311108,0.370225268014474,0.330651848808311,0.207773123146104
"84","Human_Breast_Andersson_10142021_ST_D3_14x22",0.0328743419674937,0.360166540264381,0.029059876954702,0.0742597641406713,0.0118509843720152,0.212359502474257,0.00658957845866642,0.211449905006669,0.061389506361144,"Human_Breast_Andersson_10142021_ST_D3",0.061389506361144,0.422100759186577,0.297560653519356,0.218949080932923
"85","Human_Breast_Andersson_10142021_ST_D3_14x23",0.0230743814258424,0.252544546536866,0.0310016684687255,0.0284559520874934,0.0356001887378577,0.209374163289402,0.0270316299729736,0.209978306061538,0.182939163419301,"Human_Breast_Andersson_10142021_ST_D3",0.182939163419301,0.306620596431434,0.274034446886889,0.236405793262376
"86","Human_Breast_Andersson_10142021_ST_D3_14x24",0.0264090692036461,0.219864657124587,0.163643297214659,0.0647124735855298,0.0269708450945314,0.153657192655958,0.0314555579083678,0.0531784202718077,0.260108486940913,"Human_Breast_Andersson_10142021_ST_D3",0.260108486940913,0.409917023542892,0.144861738951869,0.185112750564326
"87","Human_Breast_Andersson_10142021_ST_D3_14x25",0.0172740157327744,0.255298858630945,0.0429303082319181,0.0373570054058864,0.0114354664427821,0.12886575272219,0.0673758000757625,0.0886529073947,0.350809885363041,"Human_Breast_Andersson_10142021_ST_D3",0.350809885363041,0.315503182595637,0.137445379243368,0.196241552797952
"88","Human_Breast_Andersson_10142021_ST_D3_14x26",0.0234203636056484,0.169420819822469,0.0261775521635028,0.0605547708328442,0.0167821844586617,0.145491203089078,0.11533538294268,0.149681628614203,0.293136094470913,"Human_Breast_Andersson_10142021_ST_D3",0.293136094470913,0.21901873559162,0.227018583905709,0.260826586031758
"89","Human_Breast_Andersson_10142021_ST_D3_14x27",0.0242406757644753,0.148541909412323,0.0590596923892008,0.0627136672643307,0.0289771744033714,0.0806594629379811,0.0634220596543044,0.182132634282278,0.350252723891735,"Human_Breast_Andersson_10142021_ST_D3",0.350252723891735,0.231842277565999,0.27382347594998,0.144081522592286
"90","Human_Breast_Andersson_10142021_ST_D3_15x11",0.0194237451511523,0.307012236692853,0.0448125639657939,0.0292752707955104,0.0143234924742652,0.387535575189343,0.00584096827951127,0.0404248154653682,0.151351331986203,"Human_Breast_Andersson_10142021_ST_D3",0.151351331986203,0.371248545809799,0.0840235787351438,0.393376543468854
"91","Human_Breast_Andersson_10142021_ST_D3_15x12",0.0248501512899092,0.247089506952562,0.0364327222596951,0.0403186966134927,0.0759076334254415,0.168165133169347,0.0281578817195405,0.252853772157527,0.126224502412485,"Human_Breast_Andersson_10142021_ST_D3",0.126224502412485,0.308372380502166,0.369080102196461,0.196323014888888
"92","Human_Breast_Andersson_10142021_ST_D3_15x13",0.0174904564573543,0.13278501096389,0.131461275985808,0.0312333668031755,0.0168961681673421,0.150647736929318,0.0441824880721875,0.369002101913538,0.106301394707387,"Human_Breast_Andersson_10142021_ST_D3",0.106301394707387,0.281736743407052,0.417131636884056,0.194830225001505
"93","Human_Breast_Andersson_10142021_ST_D3_15x14",0.0046648197161497,0.185916700871617,0.102161797479839,0.098434507458965,0.0198535032667702,0.116513758064897,0.0209855150326225,0.298246875083937,0.153222523025202,"Human_Breast_Andersson_10142021_ST_D3",0.153222523025202,0.292743318067606,0.416534885809672,0.13749927309752
"94","Human_Breast_Andersson_10142021_ST_D3_15x15",0.0100015148939324,0.192872673226803,0.149188378468727,0.00757543541903142,0.0124027317297203,0.133678071864792,0.0427899265172709,0.129808358147886,0.321682909731837,"Human_Breast_Andersson_10142021_ST_D3",0.321682909731837,0.352062566589462,0.149786525296638,0.176467998382063
"95","Human_Breast_Andersson_10142021_ST_D3_15x16",0.0120285856823142,0.297408146249897,0.0141014078466751,0.0538309995130734,0.0247162637554448,0.198016509536701,0.0545496583067803,0.127085318171777,0.218263110937338,"Human_Breast_Andersson_10142021_ST_D3",0.218263110937338,0.323538139778886,0.205632581440295,0.252566167843481
"96","Human_Breast_Andersson_10142021_ST_D3_15x17",0.0124405590514161,0.232331562299027,0.0670298695688554,0.0786671596202077,0.0877036688199914,0.159761840429337,0.0384014172892328,0.130729310175999,0.192934612745934,"Human_Breast_Andersson_10142021_ST_D3",0.192934612745934,0.311801990919298,0.297100138616198,0.19816325771857
"97","Human_Breast_Andersson_10142021_ST_D3_15x18",0.0484486781297668,0.263141110146094,0.0634613345438632,0.0197969297439232,0.0200519347362929,0.123653267506885,0.0170829768291261,0.170764499561722,0.273599268802327,"Human_Breast_Andersson_10142021_ST_D3",0.273599268802327,0.375051122819724,0.210613364041938,0.140736244336011
"98","Human_Breast_Andersson_10142021_ST_D3_15x19",0.0233380864058756,0.262431182601999,0.0479125469996699,0.0991612552057106,0.0110863747886149,0.105721097650274,0.0277361560651212,0.227178623220826,0.195434677061909,"Human_Breast_Andersson_10142021_ST_D3",0.195434677061909,0.333681816007544,0.337426253215152,0.133457253715395
"99","Human_Breast_Andersson_10142021_ST_D3_15x20",0.0253033452836352,0.250292025454184,0.0750670407706853,0.0424474608135435,0.0232105195376165,0.185982731418207,0.0128737881569214,0.232932022684685,0.151891065880523,"Human_Breast_Andersson_10142021_ST_D3",0.151891065880523,0.350662411508505,0.298590003035845,0.198856519575128
"100","Human_Breast_Andersson_10142021_ST_D3_15x21",0.014807619886007,0.333944301765585,0.0468968573729246,0.0738122329733342,0.0127950408103947,0.401093680032589,0.0135024479802555,0.0492976795034888,0.053850139675421,"Human_Breast_Andersson_10142021_ST_D3",0.053850139675421,0.395648779024517,0.135904953287218,0.414596128012845
"101","Human_Breast_Andersson_10142021_ST_D3_15x22",0.0223823915108707,0.266607820772438,0.0528751256530157,0.0416110022307848,0.0179178689990563,0.194995312507043,0.0225234768525145,0.149106319633155,0.231980681841122,"Human_Breast_Andersson_10142021_ST_D3",0.231980681841122,0.341865337936324,0.208635190862996,0.217518789359557
"102","Human_Breast_Andersson_10142021_ST_D3_15x23",0.0279803579590727,0.209671983433496,0.0201422669123456,0.0898972869471719,0.0296979710029487,0.152903097491058,0.0277172559251366,0.247979620742663,0.194010159586106,"Human_Breast_Andersson_10142021_ST_D3",0.194010159586106,0.257794608304914,0.367574878692784,0.180620353416195
"103","Human_Breast_Andersson_10142021_ST_D3_15x24",0.0210163852823121,0.205883030694262,0.0278721002252215,0.0905850022683877,0.0413038542142114,0.114362155431242,0.095876819234873,0.0994686426590523,0.303632009990438,"Human_Breast_Andersson_10142021_ST_D3",0.303632009990438,0.254771516201796,0.231357499141651,0.210238974666115
"104","Human_Breast_Andersson_10142021_ST_D3_15x25",0.0127245468887105,0.239448329152264,0.0487044568992373,0.0391227236817554,0.0272846690101924,0.182525541485316,0.0723877801909811,0.100498975482883,0.27730297720866,"Human_Breast_Andersson_10142021_ST_D3",0.27730297720866,0.300877332940212,0.166906368174831,0.254913321676297
"105","Human_Breast_Andersson_10142021_ST_D3_15x26",0.0196270072207238,0.264079808576071,0.0540815908013049,0.0528725028860623,0.0217115321413344,0.259337630534498,0.0395544996520896,0.0381516503859004,0.250583777802015,"Human_Breast_Andersson_10142021_ST_D3",0.250583777802015,0.3377884065981,0.112735685413297,0.298892130186588
"106","Human_Breast_Andersson_10142021_ST_D3_15x27",0.0409257701764651,0.140769207536144,0.063109949522183,0.0351263300093965,0.036093720173365,0.0896641845817145,0.0671972455224545,0.0365876053471589,0.490525987131119,"Human_Breast_Andersson_10142021_ST_D3",0.490525987131119,0.244804927234792,0.10780765552992,0.156861430104169
"107","Human_Breast_Andersson_10142021_ST_D3_16x11",0.0114077815186334,0.271717641431013,0.0516512073161065,0.108886065449238,0.0122311663877448,0.15701527722387,0.01059929924012,0.211834690809784,0.164656870623491,"Human_Breast_Andersson_10142021_ST_D3",0.164656870623491,0.334776630265753,0.332951922646767,0.16761457646399
"108","Human_Breast_Andersson_10142021_ST_D3_16x12",0.022131303585837,0.290121498188226,0.0410976154477377,0.0380817915211356,0.0144974476357172,0.197243761380705,0.0151436780697213,0.23498588948949,0.146697014681431,"Human_Breast_Andersson_10142021_ST_D3",0.146697014681431,0.353350417221801,0.287565128646343,0.212387439450426
"109","Human_Breast_Andersson_10142021_ST_D3_16x13",0.0727614581594257,0.231873920595265,0.0195959408285797,0.030344137131823,0.0372524948171693,0.235192516450023,0.043675841844838,0.150609698438318,0.178693991734559,"Human_Breast_Andersson_10142021_ST_D3",0.178693991734559,0.32423131958327,0.21820633038731,0.278868358294861
"110","Human_Breast_Andersson_10142021_ST_D3_16x14",0.0700607005302909,0.171521669388384,0.0695647462727213,0.0856909963108779,0.021327241939091,0.218101823086741,0.0547093895778647,0.0265980523765005,0.282425380517528,"Human_Breast_Andersson_10142021_ST_D3",0.282425380517528,0.311147116191396,0.133616290626469,0.272811212664606
"111","Human_Breast_Andersson_10142021_ST_D3_16x15",0.0494239203378258,0.184962982926196,0.0904518128565964,0.044108575168177,0.164555872535413,0.165299141624665,0.021947861404191,0.116062263984182,0.163187569162754,"Human_Breast_Andersson_10142021_ST_D3",0.163187569162754,0.324838716120618,0.324726711687772,0.187247003028856
"112","Human_Breast_Andersson_10142021_ST_D3_16x16",0.0286486988145382,0.300078395822706,0.0778031233211626,0.0409604235835254,0.0219407126261775,0.13116428901768,0.0397176161975199,0.0028427786489879,0.356843961967703,"Human_Breast_Andersson_10142021_ST_D3",0.356843961967703,0.406530217958407,0.0657439148586908,0.1708819052152
"113","Human_Breast_Andersson_10142021_ST_D3_16x17",0.0318750678244975,0.243887169484223,0.046162346080686,0.0865239143435434,0.204457008903362,0.165442299261479,0.0265519503738172,0.0261451127077362,0.168955131020655,"Human_Breast_Andersson_10142021_ST_D3",0.168955131020655,0.321924583389406,0.317126035954642,0.191994249635296
"114","Human_Breast_Andersson_10142021_ST_D3_16x18",0.0280142719787645,0.206598662674366,0.0753033674979033,0.0413832947939724,0.0146968431807355,0.135118472811361,0.0409480656779929,0.246421287196681,0.211515734188224,"Human_Breast_Andersson_10142021_ST_D3",0.211515734188224,0.309916302151034,0.302501425171389,0.176066538489354
"115","Human_Breast_Andersson_10142021_ST_D3_16x19",0.0254455317785343,0.232914511983869,0.0342119167011618,0.0641316265683537,0.0105704340986933,0.170712602573271,0.0472706624489037,0.283544223267999,0.131198490579214,"Human_Breast_Andersson_10142021_ST_D3",0.131198490579214,0.292571960463565,0.358246283935046,0.217983265022175
"116","Human_Breast_Andersson_10142021_ST_D3_16x20",0.0667294094077825,0.3420028946784,0.0269660426033807,0.0320132153172947,0.0108886233829474,0.273072819075325,0.0197389248714171,0.156564882017468,0.0720231886459845,"Human_Breast_Andersson_10142021_ST_D3",0.0720231886459845,0.435698346689563,0.19946672071771,0.292811743946742
"117","Human_Breast_Andersson_10142021_ST_D3_16x21",0.0300467698014155,0.345422675074661,0.082021722051025,0.0215215631185875,0.0126226985599727,0.24723192550612,0.0108860654998236,0.120336306913016,0.129910273475378,"Human_Breast_Andersson_10142021_ST_D3",0.129910273475378,0.457491166927102,0.154480568591576,0.258117991005944
"118","Human_Breast_Andersson_10142021_ST_D3_16x22",0.0167574784434268,0.231507974812616,0.0887752540193508,0.063602431404347,0.00741698744921574,0.310429078718007,0.0288353487833997,0.14657980233683,0.106095644032807,"Human_Breast_Andersson_10142021_ST_D3",0.106095644032807,0.337040707275394,0.217599221190393,0.339264427501407
"119","Human_Breast_Andersson_10142021_ST_D3_16x23",0.0489977105220096,0.349142323050893,0.0434261977080904,0.0610308859667485,0.0222524488900864,0.260420892065331,0.00618586799288085,0.154393597433276,0.0541500763706838,"Human_Breast_Andersson_10142021_ST_D3",0.0541500763706838,0.441566231280993,0.237676932290111,0.266606760058212
"120","Human_Breast_Andersson_10142021_ST_D3_16x24",0.0148412167509256,0.297496640352807,0.0818063891116741,0.10224884089772,0.0324184719624694,0.219477175703914,0.0296810771223794,0.131146353453764,0.0908838346443465,"Human_Breast_Andersson_10142021_ST_D3",0.0908838346443465,0.394144246215407,0.265813666313953,0.249158252826293
"121","Human_Breast_Andersson_10142021_ST_D3_16x25",0.0133115448355996,0.280434361875903,0.0707066258010171,0.032967807034163,0.0170377971495203,0.28395502028077,0.0190322128619812,0.196760998813869,0.0857936313471771,"Human_Breast_Andersson_10142021_ST_D3",0.0857936313471771,0.36445253251252,0.246766602997552,0.302987233142751
"122","Human_Breast_Andersson_10142021_ST_D3_16x26",0.0131693419738453,0.334149855475942,0.0262046830633304,0.0389889287261898,0.0106800400677011,0.236544678130589,0.0428886151101535,0.072113906998353,0.225259950453896,"Human_Breast_Andersson_10142021_ST_D3",0.225259950453896,0.373523880513118,0.121782875792244,0.279433293240743
"123","Human_Breast_Andersson_10142021_ST_D3_16x27",0.00955531405719142,0.250593230998899,0.0905372030197394,0.00481728747606664,0.0100829170109665,0.227288729457375,0.0542032392421012,0.063938367522573,0.288983711215088,"Human_Breast_Andersson_10142021_ST_D3",0.288983711215088,0.35068574807583,0.0788385720096061,0.281491968699476
"124","Human_Breast_Andersson_10142021_ST_D3_17x11",0.122486231872582,0.282720505519916,0.0884535626735832,0.039765579541998,0.0192788176713941,0.176679567228993,0.0217860914967896,0.130585170709998,0.118244473284747,"Human_Breast_Andersson_10142021_ST_D3",0.118244473284747,0.493660300066081,0.18962956792339,0.198465658725783
"125","Human_Breast_Andersson_10142021_ST_D3_17x12",0.058992221923858,0.14446122214582,0.0762450162712607,0.142613544626562,0.0316812193270536,0.0796013252631241,0.0106152477211713,0.361465088279507,0.0943251144416439,"Human_Breast_Andersson_10142021_ST_D3",0.0943251144416439,0.279698460340939,0.535759852233123,0.0902165729842954
"126","Human_Breast_Andersson_10142021_ST_D3_17x13",0.124763949397495,0.292328518485144,0.0628214774910582,0.0172328669230318,0.0134337603745164,0.175665206713005,0.0295636604931814,0.0967181124946996,0.187472447627869,"Human_Breast_Andersson_10142021_ST_D3",0.187472447627869,0.479913945373697,0.127384739792248,0.205228867206186
"127","Human_Breast_Andersson_10142021_ST_D3_17x15",0.0462616403654241,0.190413819950574,0.120869207748875,0.0255189287965534,0.0210782735533487,0.283774131151067,0.0172786498271632,0.0777803715713278,0.217024977035668,"Human_Breast_Andersson_10142021_ST_D3",0.217024977035668,0.357544668064873,0.12437757392123,0.30105278097823
"128","Human_Breast_Andersson_10142021_ST_D3_17x16",0.047246166711858,0.151105584829153,0.0187920054965683,0.12331013126973,0.0222401485100898,0.180846057913339,0.0843199721450803,0.204340753934137,0.167799179190044,"Human_Breast_Andersson_10142021_ST_D3",0.167799179190044,0.217143757037579,0.349891033713957,0.265166030058419
"129","Human_Breast_Andersson_10142021_ST_D3_17x17",0.0191126788888355,0.208927146840864,0.0701982047320677,0.0492128356628338,0.0187427969599866,0.155265036313384,0.0399048048341876,0.231444258286456,0.207192237481385,"Human_Breast_Andersson_10142021_ST_D3",0.207192237481385,0.298238030461767,0.299399890909276,0.195169841147572
"130","Human_Breast_Andersson_10142021_ST_D3_17x18",0.0120057429325612,0.223780064724401,0.0619268034037454,0.0649996997613469,0.0651312603650063,0.111052206595288,0.0132458977866701,0.258431123578982,0.189427200851999,"Human_Breast_Andersson_10142021_ST_D3",0.189427200851999,0.297712611060708,0.388562083705335,0.124298104381958
"131","Human_Breast_Andersson_10142021_ST_D3_17x19",0.0269477963464581,0.234577005142571,0.0896035412375616,0.0637565824486301,0.0573267887809292,0.120487464929628,0.0161949924448243,0.160315948363094,0.230789880306304,"Human_Breast_Andersson_10142021_ST_D3",0.230789880306304,0.351128342726591,0.281399319592653,0.136682457374452
"132","Human_Breast_Andersson_10142021_ST_D3_17x20",0.0841972017757709,0.378638188414621,0.0470154964242741,0.0528060122061165,0.0420432978100726,0.151400123042017,0.0307071002710884,0.0243123078649691,0.188880272191071,"Human_Breast_Andersson_10142021_ST_D3",0.188880272191071,0.509850886614666,0.119161617881158,0.182107223313105
"133","Human_Breast_Andersson_10142021_ST_D3_17x21",0.0340352902998493,0.250866206519672,0.0192128807955157,0.113512621234998,0.0836041267629537,0.194534851796668,0.0088181369986415,0.157597074525811,0.137818811065891,"Human_Breast_Andersson_10142021_ST_D3",0.137818811065891,0.304114377615037,0.354713822523763,0.20335298879531
"134","Human_Breast_Andersson_10142021_ST_D3_17x22",0.0318164458194372,0.244548811652291,0.151464335837356,0.0955876975927797,0.0110807832747346,0.235825687328642,0.0390833848013693,0.0926942509922486,0.0978986027011419,"Human_Breast_Andersson_10142021_ST_D3",0.0978986027011419,0.427829593309084,0.199362731859763,0.274909072130011
"135","Human_Breast_Andersson_10142021_ST_D3_17x23",0.00866644987070386,0.259080036919865,0.111037660472817,0.0649062758711902,0.0184284796402576,0.209983539831359,0.0179234084837296,0.209658063613724,0.100316085296354,"Human_Breast_Andersson_10142021_ST_D3",0.100316085296354,0.378784147263386,0.292992819125172,0.227906948315089
"136","Human_Breast_Andersson_10142021_ST_D3_17x24",0.0141130252040471,0.361338897931847,0.0740694866161731,0.030106482435361,0.00325622853415551,0.365780854750671,0.00781505631891488,0.0952726795423516,0.048247288666479,"Human_Breast_Andersson_10142021_ST_D3",0.048247288666479,0.449521409752067,0.128635390511868,0.373595911069586
"137","Human_Breast_Andersson_10142021_ST_D3_17x25",0.0249630981454122,0.413204970166226,0.0581163551457319,0.0334485666305922,0.0153883029304281,0.271420639357724,0.0304445600486114,0.0473434340180044,0.10567007355727,"Human_Breast_Andersson_10142021_ST_D3",0.10567007355727,0.49628442345737,0.0961803035790247,0.301865199406335
"138","Human_Breast_Andersson_10142021_ST_D3_17x26",0.0246385438160433,0.279846656559634,0.0364006950177252,0.0139935296736137,0.0157926300202975,0.288414327710825,0.0360747553254782,0.181103890518608,0.123734971357775,"Human_Breast_Andersson_10142021_ST_D3",0.123734971357775,0.340885895393402,0.210890050212519,0.324489083036303
"139","Human_Breast_Andersson_10142021_ST_D3_17x27",0.0399655979855748,0.275508714003543,0.0276694202934987,0.110043428606964,0.0460336304230719,0.130674699289718,0.0764845916525931,0.0330132954336738,0.260606622311363,"Human_Breast_Andersson_10142021_ST_D3",0.260606622311363,0.343143732282617,0.18909035446371,0.207159290942311
"140","Human_Breast_Andersson_10142021_ST_D3_18x11",0.0176947188945978,0.189529799676767,0.110960244098203,0.0676443469857804,0.0574291329190762,0.252994073337112,0.01073225386627,0.144724680296463,0.148290749925729,"Human_Breast_Andersson_10142021_ST_D3",0.148290749925729,0.318184762669568,0.26979816020132,0.263726327203382
"141","Human_Breast_Andersson_10142021_ST_D3_18x12",0.0252794640121371,0.159119292652193,0.055603152534098,0.0376990789797555,0.0300754604340693,0.159671954234969,0.0474187172622797,0.123940911988082,0.361191967902416,"Human_Breast_Andersson_10142021_ST_D3",0.361191967902416,0.240001909198428,0.191715451401907,0.207090671497249
"142","Human_Breast_Andersson_10142021_ST_D3_18x13",0.0265310226996817,0.153607653241158,0.147847585412382,0.092195462543329,0.075664775470826,0.0697262655536566,0.0133221713704746,0.249655446895404,0.171449616813089,"Human_Breast_Andersson_10142021_ST_D3",0.171449616813089,0.327986261353222,0.417515684909559,0.0830484369241312
"143","Human_Breast_Andersson_10142021_ST_D3_18x14",0.0558189237223399,0.119712147753584,0.132322325359335,0.0649719012635659,0.0171410498386257,0.163088885557033,0.0506417073583899,0.221559297986018,0.174743761161109,"Human_Breast_Andersson_10142021_ST_D3",0.174743761161109,0.307853396835259,0.30367224908821,0.213730592915423
"144","Human_Breast_Andersson_10142021_ST_D3_18x15",0.00173394188536109,0.159663340630366,0.180953717344154,0.0476586560579443,0.0472390526551498,0.0206431437690106,0.104868970331372,0.191498860516699,0.245740316809943,"Human_Breast_Andersson_10142021_ST_D3",0.245740316809943,0.342350999859881,0.286396569229793,0.125512114100383
"145","Human_Breast_Andersson_10142021_ST_D3_18x16",0.0621558185007079,0.161166847936267,0.0466192939770732,0.00786302528966738,0.0244432664014304,0.196017036841648,0.0352920145414427,0.197880464438149,0.268562232073615,"Human_Breast_Andersson_10142021_ST_D3",0.268562232073615,0.269941960414048,0.230186756129247,0.231309051383091
"146","Human_Breast_Andersson_10142021_ST_D3_18x17",0.025378791332256,0.268906514904527,0.0634208023396284,0.019123363733465,0.00806065100223716,0.206724493973849,0.0215837007352511,0.143672184363088,0.243129497615698,"Human_Breast_Andersson_10142021_ST_D3",0.243129497615698,0.357706108576411,0.17085619909879,0.2283081947091
"147","Human_Breast_Andersson_10142021_ST_D3_18x18",0.0151480234999381,0.207737278903359,0.0574233397286949,0.0314261133887637,0.0377064522042121,0.178632483681025,0.0285550732177956,0.318187181438987,0.125184053937225,"Human_Breast_Andersson_10142021_ST_D3",0.125184053937225,0.280308642131992,0.387319747031963,0.207187556898821
"148","Human_Breast_Andersson_10142021_ST_D3_18x19",0.015907161676442,0.342064058485062,0.0573853602930338,0.0504167904171177,0.0140071311566748,0.13730418118143,0.0194042629425894,0.170831232148473,0.192679821699178,"Human_Breast_Andersson_10142021_ST_D3",0.192679821699178,0.415356580454538,0.235255153722266,0.156708444124019
"149","Human_Breast_Andersson_10142021_ST_D3_18x21",0.0261090404875243,0.356170681098402,0.0277512240292837,0.0315683170068517,0.00790459341767861,0.255817484524501,0.0352908619041229,0.209036764552618,0.0503510329790174,"Human_Breast_Andersson_10142021_ST_D3",0.0503510329790174,0.41003094561521,0.248509674977148,0.291108346428624
"150","Human_Breast_Andersson_10142021_ST_D3_18x22",0.0268842918935159,0.363216660512601,0.00857859718496197,0.0786365996219649,0.0201898514203803,0.258827799439861,0.033480877777696,0.0733728983392179,0.136812423809802,"Human_Breast_Andersson_10142021_ST_D3",0.136812423809802,0.398679549591079,0.172199349381563,0.292308677217557
"151","Human_Breast_Andersson_10142021_ST_D3_18x23",0.0205545136082472,0.246918872757241,0.0258058435421513,0.0514825438772434,0.0160321286724659,0.271516567615176,0.0796039606944713,0.0419170256817564,0.246168543551247,"Human_Breast_Andersson_10142021_ST_D3",0.246168543551247,0.29327922990764,0.109431698231466,0.351120528309647
"152","Human_Breast_Andersson_10142021_ST_D3_18x24",0.0269698026117898,0.244916517362602,0.0301844691431728,0.0190656060827706,0.0109901265194557,0.136271954343005,0.088770750416825,0.184862468715456,0.257968304804924,"Human_Breast_Andersson_10142021_ST_D3",0.257968304804924,0.302070789117565,0.214918201317682,0.22504270475983
"153","Human_Breast_Andersson_10142021_ST_D3_18x25",0.0421365373081971,0.436795562401245,0.051721668947896,0.034756664449003,0.00925226304150461,0.182185426329134,0.0656827699254826,0.0456743280922045,0.131794779505333,"Human_Breast_Andersson_10142021_ST_D3",0.131794779505333,0.530653768657338,0.0896832555827121,0.247868196254617
"154","Human_Breast_Andersson_10142021_ST_D3_18x26",0.00872924604063709,0.346847240994862,0.0155229175899664,0.0710289446673048,0.00632611658436841,0.298207447113293,0.0236508666826845,0.166421206644055,0.0632660136828282,"Human_Breast_Andersson_10142021_ST_D3",0.0632660136828282,0.371099404625466,0.243776267895728,0.321858313795978
"155","Human_Breast_Andersson_10142021_ST_D3_18x27",0.02441866722471,0.224818627067216,0.0834860952746564,0.0293325549806036,0.0132395207191625,0.139910216177497,0.13133726666025,0.0825640396399431,0.270893012255961,"Human_Breast_Andersson_10142021_ST_D3",0.270893012255961,0.332723389566582,0.125136115339709,0.271247482837747
"156","Human_Breast_Andersson_10142021_ST_D3_19x11",0.0276274064487293,0.209667833293599,0.0434277691574712,0.0661785493577509,0.0364790874157361,0.158884842179606,0.0072373947631408,0.245831910632205,0.204665206751762,"Human_Breast_Andersson_10142021_ST_D3",0.204665206751762,0.2807230088998,0.348489547405692,0.166122236942747
"157","Human_Breast_Andersson_10142021_ST_D3_19x12",0.0316509022718788,0.207810302016113,0.0745721080729573,0.025692711766462,0.0119190928176031,0.205070699417666,0.0278801277940805,0.0792094717004964,0.336194584142742,"Human_Breast_Andersson_10142021_ST_D3",0.336194584142742,0.314033312360949,0.116821276284562,0.232950827211747
"158","Human_Breast_Andersson_10142021_ST_D3_19x13",0.025914341953227,0.240646611057238,0.0342111213621242,0.068792415967565,0.0412033595377714,0.0756915180511849,0.067499350950014,0.216471475938095,0.229569805182781,"Human_Breast_Andersson_10142021_ST_D3",0.229569805182781,0.300772074372589,0.326467251443431,0.143190869001199
"159","Human_Breast_Andersson_10142021_ST_D3_19x14",0.0280708294790417,0.143884889656339,0.0917697481445811,0.101873993996426,0.0482442516935118,0.110917821630194,0.0891550322197669,0.0765477378618655,0.309535695318274,"Human_Breast_Andersson_10142021_ST_D3",0.309535695318274,0.263725467279962,0.226665983551803,0.200072853849961
"160","Human_Breast_Andersson_10142021_ST_D3_19x15",0.0395954501496754,0.21150866807941,0.060388968451502,0.0262156651368125,0.0311185028379547,0.198332155643915,0.0330768195885818,0.108107131124632,0.291656638987517,"Human_Breast_Andersson_10142021_ST_D3",0.291656638987517,0.311493086680587,0.165441299099399,0.231408975232497
"161","Human_Breast_Andersson_10142021_ST_D3_19x16",0.0257557025952489,0.199644693777431,0.0826789678541779,0.0422587424041286,0.0179031252806624,0.221534715467991,0.0206273246912409,0.0989619542187065,0.290634773710413,"Human_Breast_Andersson_10142021_ST_D3",0.290634773710413,0.308079364226858,0.159123821903497,0.242162040159232
"162","Human_Breast_Andersson_10142021_ST_D3_19x17",0.017330913050618,0.174244125358647,0.0356880251772459,0.132501630638361,0.0840799224759662,0.215253130056464,0.0470429389072811,0.0305306011808402,0.263328713154576,"Human_Breast_Andersson_10142021_ST_D3",0.263328713154576,0.227263063586511,0.247112154295167,0.262296068963745
"163","Human_Breast_Andersson_10142021_ST_D3_19x18",0.00840837927572608,0.244703362930685,0.0440549500228417,0.0158738119063782,0.0448247015379839,0.192413727203548,0.0336398052850412,0.272432293042617,0.143648968795178,"Human_Breast_Andersson_10142021_ST_D3",0.143648968795178,0.297166692229253,0.333130806486979,0.226053532488589
"164","Human_Breast_Andersson_10142021_ST_D3_19x19",0.0382925855660596,0.141760804658466,0.0149826537212998,0.257066029840857,0.10865513470268,0.141591889552896,0.00816913749029615,0.234477094055273,0.0550046704121717,"Human_Breast_Andersson_10142021_ST_D3",0.0550046704121717,0.195036043945825,0.60019825859881,0.149761027043192
"165","Human_Breast_Andersson_10142021_ST_D3_19x20",0.0382487421555866,0.274566691226088,0.0243129399626059,0.210682528451656,0.0367837752638274,0.229665244070207,0.0109391192453363,0.0947796639360631,0.0800212956886295,"Human_Breast_Andersson_10142021_ST_D3",0.0800212956886295,0.33712837334428,0.342245967651546,0.240604363315543
"166","Human_Breast_Andersson_10142021_ST_D3_19x21",0.040265040618864,0.265639050028455,0.0615097372527992,0.0416532945214979,0.00858936174992144,0.1647786499411,0.0404645279324186,0.252907085857428,0.124193252097516,"Human_Breast_Andersson_10142021_ST_D3",0.124193252097516,0.367413827900118,0.303149742128847,0.205243177873519
"167","Human_Breast_Andersson_10142021_ST_D3_19x22",0.0222492584834435,0.292156080592127,0.0272483305223341,0.0326151396187248,0.0204731714302011,0.18370311377525,0.113832013582565,0.0220829841016,0.285639907893755,"Human_Breast_Andersson_10142021_ST_D3",0.285639907893755,0.341653669597905,0.0751712951505259,0.297535127357815
"168","Human_Breast_Andersson_10142021_ST_D3_19x23",0.0202063889199413,0.230937801434227,0.0659493288914213,0.0200206684433072,0.0312751708129772,0.061634179627048,0.0587700698217007,0.100137437455619,0.411068954593758,"Human_Breast_Andersson_10142021_ST_D3",0.411068954593758,0.31709351924559,0.151433276711903,0.120404249448749
"169","Human_Breast_Andersson_10142021_ST_D3_19x24",0.0217879219925168,0.156247126843949,0.044973489537198,0.068002926108121,0.0486861791767631,0.0292380024705058,0.0998975014942626,0.122388225586443,0.40877862679024,"Human_Breast_Andersson_10142021_ST_D3",0.40877862679024,0.223008538373664,0.239077330871327,0.129135503964768
"170","Human_Breast_Andersson_10142021_ST_D3_19x25",0.0321527511737446,0.224262238731106,0.0504928287500894,0.0335690592894537,0.014743009210758,0.0613251472922175,0.0861657562561338,0.0993565769205043,0.397932632375993,"Human_Breast_Andersson_10142021_ST_D3",0.397932632375993,0.30690781865494,0.147668645420716,0.147490903548351
"171","Human_Breast_Andersson_10142021_ST_D3_19x26",0.0280231677139657,0.226574065859347,0.0584821746018997,0.0284048082721929,0.0181027974149345,0.142210923196961,0.10285737931962,0.111418311236684,0.283926372384396,"Human_Breast_Andersson_10142021_ST_D3",0.283926372384396,0.313079408175212,0.157925916923811,0.245068302516581
"172","Human_Breast_Andersson_10142021_ST_D3_19x27",0.0216307813120058,0.348659357334765,0.0800074985537709,0.107430048438107,0.0448427518474123,0.219065831711161,0.00949286353086839,0.123407714454316,0.0454631528175943,"Human_Breast_Andersson_10142021_ST_D3",0.0454631528175943,0.450297637200542,0.275680514739835,0.228558695242029
"173","Human_Breast_Andersson_10142021_ST_D3_20x11",0.0256992918754926,0.291730459411211,0.0536865000248611,0.0283175418025191,0.00815828132297485,0.295601180017773,0.00413254099485057,0.0116340857691925,0.281040118781125,"Human_Breast_Andersson_10142021_ST_D3",0.281040118781125,0.371116251311565,0.0481099088946865,0.299733721012624
"174","Human_Breast_Andersson_10142021_ST_D3_20x12",0.0454734536364591,0.243110902924241,0.0384541734677447,0.0679038076671398,0.0889326925606773,0.15228597078315,0.0247114161084146,0.13739982840011,0.201727754452064,"Human_Breast_Andersson_10142021_ST_D3",0.201727754452064,0.327038530028445,0.294236328627927,0.176997386891565
"175","Human_Breast_Andersson_10142021_ST_D3_20x13",0.0240024533350546,0.171864081072258,0.0949476931880749,0.0919508723674748,0.0227314896615235,0.104808010964443,0.0403929885126236,0.254975110288247,0.1943273006103,"Human_Breast_Andersson_10142021_ST_D3",0.1943273006103,0.290814227595387,0.369657472317245,0.145200999477067
"176","Human_Breast_Andersson_10142021_ST_D3_20x14",0.0309174940308264,0.212286474949046,0.0844310341761517,0.0239623354850421,0.0179139598501017,0.174517876304054,0.0509302556756485,0.185651541877736,0.219389027651393,"Human_Breast_Andersson_10142021_ST_D3",0.219389027651393,0.327635003156024,0.22752783721288,0.225448131979702
"177","Human_Breast_Andersson_10142021_ST_D3_20x15",0.0180391072537415,0.186911997593911,0.0218924146308289,0.00452947512231442,0.0050312389403542,0.0829384648252688,0.0429692233535354,0.427424326096256,0.21026375218379,"Human_Breast_Andersson_10142021_ST_D3",0.21026375218379,0.226843519478481,0.436985040158925,0.125907688178804
"178","Human_Breast_Andersson_10142021_ST_D3_20x16",0.0198064649504027,0.121059004966773,0.0166664025820392,0.0160992472742861,0.0117145364647202,0.269381652826371,0.0154523396144764,0.400930773476284,0.128889577844648,"Human_Breast_Andersson_10142021_ST_D3",0.128889577844648,0.157531872499215,0.42874455721529,0.284833992440847
"179","Human_Breast_Andersson_10142021_ST_D3_20x17",0.0359636395572787,0.223797468905871,0.0340443636619122,0.129872169222185,0.0710900941725558,0.220241253387748,0.031856810249383,0.0586218010533165,0.19451239978975,"Human_Breast_Andersson_10142021_ST_D3",0.19451239978975,0.293805472125062,0.259584064448057,0.252098063637131
"180","Human_Breast_Andersson_10142021_ST_D3_20x20",0.0269105805525505,0.181104464979778,0.052722643361684,0.0192032562776318,0.0100058671241045,0.219498513223538,0.0348142449053135,0.34315236814645,0.112588061428949,"Human_Breast_Andersson_10142021_ST_D3",0.112588061428949,0.260737688894012,0.372361491548186,0.254312758128852
"181","Human_Breast_Andersson_10142021_ST_D3_20x21",0.0837099290210255,0.268133399164311,0.0278940952268254,0.0561528063477887,0.0246884457170698,0.16544771844949,0.0802326375274997,0.10943538216349,0.184305586382499,"Human_Breast_Andersson_10142021_ST_D3",0.184305586382499,0.379737423412162,0.190276634228349,0.24568035597699
"182","Human_Breast_Andersson_10142021_ST_D3_20x22",0.0210340417915902,0.195750164040848,0.0396786451558659,0.0354931522195971,0.0200014899291107,0.0674010840339248,0.141844991906609,0.160735347825198,0.318061083097256,"Human_Breast_Andersson_10142021_ST_D3",0.318061083097256,0.256462850988304,0.216229989973906,0.209246075940534
"183","Human_Breast_Andersson_10142021_ST_D3_20x23",0.0219696347583537,0.101788550144475,0.028094495234007,0.0320037968458413,0.0200559323423451,0.0453394965431802,0.10104785270596,0.0725668100762441,0.577133431349594,"Human_Breast_Andersson_10142021_ST_D3",0.577133431349594,0.151852680136836,0.12462653926443,0.14638734924914
"184","Human_Breast_Andersson_10142021_ST_D3_20x24",0.0283957605563408,0.195250523182013,0.047059971582971,0.0231670772050772,0.0274227847468001,0.0406416096789794,0.0822200270210966,0.112388807319208,0.443453438707514,"Human_Breast_Andersson_10142021_ST_D3",0.443453438707514,0.270706255321325,0.162978669271085,0.122861636700076
"185","Human_Breast_Andersson_10142021_ST_D3_20x25",0.0506345687531716,0.304921874901212,0.0549244435227092,0.0354808484825684,0.0272413645638758,0.178553350622043,0.0395804285459982,0.0643245998008029,0.244338520807619,"Human_Breast_Andersson_10142021_ST_D3",0.244338520807619,0.410480887177093,0.127046812847247,0.218133779168041
"186","Human_Breast_Andersson_10142021_ST_D3_20x26",0.0201825294008956,0.223060183067788,0.0296517835185538,0.0620549468791272,0.0184196907612478,0.127309763848166,0.111525512756707,0.177573753007457,0.230221836760058,"Human_Breast_Andersson_10142021_ST_D3",0.230221836760058,0.272894495987237,0.258048390647832,0.238835276604873
"187","Human_Breast_Andersson_10142021_ST_D3_20x27",0.038066844347697,0.203447242764572,0.0957875522042934,0.0467501431064953,0.0216397356766696,0.211427596139478,0.0318950309299774,0.156514868531485,0.194470986299332,"Human_Breast_Andersson_10142021_ST_D3",0.194470986299332,0.337301639316562,0.22490474731465,0.243322627069455
"188","Human_Breast_Andersson_10142021_ST_D3_21x12",0.0616024859971706,0.182324864381637,0.0759631702569614,0.0293975040208017,0.0545060981061304,0.308098480312013,0.0235666886882235,0.0116466185985624,0.2528940896385,"Human_Breast_Andersson_10142021_ST_D3",0.2528940896385,0.319890520635769,0.0955502207254945,0.331665169000236
"189","Human_Breast_Andersson_10142021_ST_D3_21x13",0.0231247621974648,0.125745396630181,0.0745305324610228,0.00633203893982077,0.00469000071692586,0.268103207892462,0.0108509177352411,0.36618359936159,0.120439544065291,"Human_Breast_Andersson_10142021_ST_D3",0.120439544065291,0.223400691288669,0.377205639018337,0.278954125627703
"190","Human_Breast_Andersson_10142021_ST_D3_21x14",0.0258376522831112,0.185246304939736,0.0068071894293042,0.160674555377872,0.170334886227226,0.113228513106477,0.0324738602046302,0.134026610610642,0.171370427821,"Human_Breast_Andersson_10142021_ST_D3",0.171370427821,0.217891146652151,0.46503605221574,0.145702373311107
"191","Human_Breast_Andersson_10142021_ST_D3_21x15",0.0150986958641941,0.300254631131584,0.0269103116363783,0.00519121993701701,0.0231580031669119,0.312248013846291,0.0118494669797979,0.164618802005513,0.140670855432312,"Human_Breast_Andersson_10142021_ST_D3",0.140670855432312,0.342263638632156,0.192968025109442,0.324097480826089
"192","Human_Breast_Andersson_10142021_ST_D3_21x16",0.0158095182514258,0.203723448306696,0.0113838170518936,0.0642644172143036,0.0341915613034274,0.22232198368525,0.0203190624052072,0.329962674284394,0.0980235174974028,"Human_Breast_Andersson_10142021_ST_D3",0.0980235174974028,0.230916783610015,0.428418652802125,0.242641046090457
"193","Human_Breast_Andersson_10142021_ST_D3_4x10",0.0366119694649382,0.193931129415107,0.0857160044785632,0.0729233505945247,0.0383141796129351,0.0418945866209561,0.0569312776871126,0.181668127487932,0.29200937463793,"Human_Breast_Andersson_10142021_ST_D3",0.29200937463793,0.316259103358608,0.292905657695392,0.0988258643080687
"194","Human_Breast_Andersson_10142021_ST_D3_4x11",0.0806730008989348,0.193510643043351,0.087915445523156,0.0221031173861555,0.0583822731225569,0.0743422498489804,0.0648557901315585,0.0926495808340271,0.32556789921128,"Human_Breast_Andersson_10142021_ST_D3",0.32556789921128,0.362099089465442,0.17313497134274,0.139198039980539
"195","Human_Breast_Andersson_10142021_ST_D3_4x12",0.0282139864395046,0.296229426197333,0.049906116277627,0.0544984666973692,0.0357754598446491,0.0832809271702698,0.071712930530644,0.11087791092912,0.269504775913483,"Human_Breast_Andersson_10142021_ST_D3",0.269504775913483,0.374349528914465,0.201151837471138,0.154993857700914
"196","Human_Breast_Andersson_10142021_ST_D3_4x13",0.041203870926325,0.313217233680156,0.0572488277777128,0.0159630370141769,0.0166214333705626,0.126829000929119,0.0649636103757624,0.0956920358496782,0.268260950076508,"Human_Breast_Andersson_10142021_ST_D3",0.268260950076508,0.411669932384194,0.128276506234418,0.191792611304881
"197","Human_Breast_Andersson_10142021_ST_D3_4x14",0.0533382400571849,0.331397585833225,0.0827073996309221,0.0219270010101636,0.0102993070336126,0.15275021277136,0.0414922174537882,0.0309759498758465,0.275112086333896,"Human_Breast_Andersson_10142021_ST_D3",0.275112086333896,0.467443225521332,0.0632022579196227,0.194242430225148
"198","Human_Breast_Andersson_10142021_ST_D3_4x16",0.080990147117252,0.186842551870671,0.076290917045547,0.0230333232529573,0.0376696447200393,0.0613574710528415,0.056362422428297,0.049238740799011,0.428214781713384,"Human_Breast_Andersson_10142021_ST_D3",0.428214781713384,0.34412361603347,0.109941708772008,0.117719893481138
"199","Human_Breast_Andersson_10142021_ST_D3_4x17",0.0721946565151944,0.16284486977015,0.0811650608769453,0.0533309145201003,0.0419912777878914,0.0289502376851844,0.0372790320693132,0.0495127859776769,0.472731164797544,"Human_Breast_Andersson_10142021_ST_D3",0.472731164797544,0.31620458716229,0.144834978285669,0.0662292697544976
"200","Human_Breast_Andersson_10142021_ST_D3_4x18",0.0519198202179627,0.205237098028101,0.0520437089847776,0.0284310493033548,0.0264098785676863,0.0120991926434941,0.127764550531207,0.0228698004016332,0.473224901321783,"Human_Breast_Andersson_10142021_ST_D3",0.473224901321783,0.309200627230841,0.0777107282726743,0.139863743174701
"201","Human_Breast_Andersson_10142021_ST_D3_4x19",0.033793574585821,0.402915940788986,0.082001280351545,0.0510000686258484,0.0301947872892489,0.0849981899082702,0.0669352716666733,0.0453568734815682,0.202804013302039,"Human_Breast_Andersson_10142021_ST_D3",0.202804013302039,0.518710795726352,0.126551729396666,0.151933461574944
"202","Human_Breast_Andersson_10142021_ST_D3_4x20",0.0424211079104885,0.326131882376124,0.0623598485115966,0.0172156544253026,0.0274112100672132,0.159919686163154,0.0312069567900747,0.104424125587764,0.228909528168282,"Human_Breast_Andersson_10142021_ST_D3",0.228909528168282,0.430912838798209,0.14905099008028,0.191126642953229
"203","Human_Breast_Andersson_10142021_ST_D3_4x21",0.0120125226009443,0.363119023460867,0.0905322908217449,0.0257054959117255,0.00768345506380835,0.25200324667189,0.0322380072263156,0.0621329290101164,0.154573029232588,"Human_Breast_Andersson_10142021_ST_D3",0.154573029232588,0.465663836883556,0.0955218799856502,0.284241253898206
"204","Human_Breast_Andersson_10142021_ST_D3_4x22",0.0373269432262697,0.394153771852194,0.0785595767683156,0.0158298081098584,0.0163847142336066,0.0916057631652522,0.0400634028764077,0.0256620645612007,0.300413955206895,"Human_Breast_Andersson_10142021_ST_D3",0.300413955206895,0.510040291846779,0.0578765869046657,0.13166916604166
"205","Human_Breast_Andersson_10142021_ST_D3_4x23",0.0234661273475513,0.316133046202738,0.0910807166616302,0.0663949428224808,0.0230425373823683,0.0948205578049923,0.0368328388142947,0.0951170526131723,0.253112180350772,"Human_Breast_Andersson_10142021_ST_D3",0.253112180350772,0.43067989021192,0.184554532818021,0.131653396619287
"206","Human_Breast_Andersson_10142021_ST_D3_4x24",0.0427538863594365,0.120108551654198,0.029950940325415,0.0832183465695784,0.0972311045076472,0.025266163186367,0.120182656013413,0.0342880222536555,0.44700032913029,"Human_Breast_Andersson_10142021_ST_D3",0.44700032913029,0.19281337833905,0.214737473330881,0.14544881919978
"207","Human_Breast_Andersson_10142021_ST_D3_4x25",0.0323762711809394,0.0664249436357555,0.0323269954021208,0.0770951417235007,0.0813639140364323,0.0148513343425607,0.123485264971862,0.0421406846525361,0.529935450054293,"Human_Breast_Andersson_10142021_ST_D3",0.529935450054293,0.131128210218816,0.200599740412469,0.138336599314423
"208","Human_Breast_Andersson_10142021_ST_D3_4x26",0.0250698681991913,0.176049986918959,0.0259659385843796,0.0355403372847099,0.0315769493395347,0.114627058796577,0.0893850783531126,0.138585317035164,0.363199465488371,"Human_Breast_Andersson_10142021_ST_D3",0.363199465488371,0.22708579370253,0.205702603659409,0.20401213714969
"209","Human_Breast_Andersson_10142021_ST_D3_4x9",0.0372775063233411,0.181963907738865,0.0215923754389776,0.0476775079201373,0.0231029812476754,0.0455327290369124,0.0284370551234716,0.142239787450599,0.47217614972002,"Human_Breast_Andersson_10142021_ST_D3",0.47217614972002,0.240833789501184,0.213020276618412,0.073969784160384
"210","Human_Breast_Andersson_10142021_ST_D3_5x10",0.0794431605432978,0.185847748171169,0.0415686977306831,0.154838690204717,0.0560663200069058,0.0578887581471538,0.0769311297921823,0.107928151072242,0.239487344331648,"Human_Breast_Andersson_10142021_ST_D3",0.239487344331648,0.30685960644515,0.318833161283865,0.134819887939336
"211","Human_Breast_Andersson_10142021_ST_D3_5x11",0.0196132596874861,0.196483351501163,0.0481220635175365,0.031841643886984,0.0255775469469884,0.0944019045419432,0.0608311971944718,0.143001624312394,0.380127408411033,"Human_Breast_Andersson_10142021_ST_D3",0.380127408411033,0.264218674706186,0.200420815146366,0.155233101736415
"212","Human_Breast_Andersson_10142021_ST_D3_5x12",0.0219371736888811,0.210494137860854,0.0664953972108058,0.0372248749101234,0.0307024760187812,0.0492546002862779,0.104020175245067,0.0870608811662182,0.392810283612991,"Human_Breast_Andersson_10142021_ST_D3",0.392810283612991,0.298926708760541,0.154988232095123,0.153274775531345
"213","Human_Breast_Andersson_10142021_ST_D3_5x13",0.0378173941079465,0.238444562558232,0.0260125909187646,0.037743890528951,0.0236265897006827,0.0876570524769964,0.0940478448200305,0.0356215138867104,0.419028561001686,"Human_Breast_Andersson_10142021_ST_D3",0.419028561001686,0.302274547584943,0.0969919941163441,0.181704897297027
"214","Human_Breast_Andersson_10142021_ST_D3_5x14",0.0599054459259529,0.228240374948116,0.0379384764300379,0.0252280157081514,0.0188331803089971,0.0683657397047182,0.0562860115471035,0.182581848998714,0.322620906428209,"Human_Breast_Andersson_10142021_ST_D3",0.322620906428209,0.326084297304107,0.226643045015862,0.124651751251822
"215","Human_Breast_Andersson_10142021_ST_D3_5x15",0.0454843714015332,0.242823317431421,0.0454431779383022,0.0397845190435004,0.0292452100394936,0.0561927158989877,0.0737128517903281,0.139200005561755,0.328113830894678,"Human_Breast_Andersson_10142021_ST_D3",0.328113830894678,0.333750866771256,0.208229734644749,0.129905567689316
"216","Human_Breast_Andersson_10142021_ST_D3_5x16",0.0539965843024878,0.24957170817091,0.0467515802862283,0.0463648317224871,0.0287796145008695,0.0948643268726234,0.0696318051807847,0.0292125525912164,0.380826996372393,"Human_Breast_Andersson_10142021_ST_D3",0.380826996372393,0.350319872759626,0.104356998814573,0.164496132053408
"217","Human_Breast_Andersson_10142021_ST_D3_5x17",0.0528089368975451,0.198145820472905,0.0716100003133353,0.0449031078440441,0.0573205713671669,0.0326250657787184,0.084943880452804,0.0400895915017357,0.417553025371746,"Human_Breast_Andersson_10142021_ST_D3",0.417553025371746,0.322564757683785,0.142313270712947,0.117568946231522
"218","Human_Breast_Andersson_10142021_ST_D3_5x18",0.0377551571568167,0.313015639200023,0.0254886580900523,0.0169104455710719,0.0187264972545213,0.0904072087975624,0.044123994762809,0.0645176335775284,0.389054765589615,"Human_Breast_Andersson_10142021_ST_D3",0.389054765589615,0.376259454446892,0.100154576403122,0.134531203560371
"219","Human_Breast_Andersson_10142021_ST_D3_5x19",0.0392926116511662,0.213580735759952,0.0559575321711231,0.0281223635725123,0.0219574062449013,0.0327166133476584,0.0514142079413931,0.0312867540093397,0.525671775301954,"Human_Breast_Andersson_10142021_ST_D3",0.525671775301954,0.308830879582241,0.0813665238267533,0.0841308212890515
"220","Human_Breast_Andersson_10142021_ST_D3_5x20",0.0308732202359136,0.324470049379979,0.0443103095982414,0.0396488612127343,0.0301667674960834,0.0654818597016795,0.0478689888551341,0.0259487447810365,0.391231198739198,"Human_Breast_Andersson_10142021_ST_D3",0.391231198739198,0.399653579214134,0.0957643734898542,0.113350848556814
"221","Human_Breast_Andersson_10142021_ST_D3_5x21",0.0641649097822995,0.190055703552419,0.0590121484418468,0.0400700933101915,0.0408867540456943,0.0268480832241778,0.0669442267650736,0.0387997868401289,0.473218294038168,"Human_Breast_Andersson_10142021_ST_D3",0.473218294038168,0.313232761776565,0.119756634196015,0.0937923099892514
"222","Human_Breast_Andersson_10142021_ST_D3_5x22",0.0497095703062176,0.336017393754981,0.0701629446675053,0.056132450796347,0.0205186354029298,0.147970917587411,0.0292337641951257,0.0782188891711377,0.212035434118346,"Human_Breast_Andersson_10142021_ST_D3",0.212035434118346,0.455889908728704,0.154869975370414,0.177204681782537
"223","Human_Breast_Andersson_10142021_ST_D3_5x23",0.030693078267519,0.430268751622991,0.0562402269907544,0.0237936158038752,0.028255640782029,0.176094009732064,0.0329123162680508,0.0626580604376966,0.159084300095021,"Human_Breast_Andersson_10142021_ST_D3",0.159084300095021,0.517202056881264,0.114707317023601,0.209006326000115
"224","Human_Breast_Andersson_10142021_ST_D3_5x24",0.018466208632748,0.31674527705562,0.0502252436038739,0.0614813102040691,0.040506292770495,0.124671976562463,0.0804426775670537,0.0444784313066111,0.262982582297067,"Human_Breast_Andersson_10142021_ST_D3",0.262982582297067,0.385436729292242,0.146466034281175,0.205114654129517
"225","Human_Breast_Andersson_10142021_ST_D3_5x25",0.0289779640785993,0.204870508729509,0.0343044632444282,0.0234980395955434,0.0144124854474331,0.0854503861711022,0.142868499283933,0.0649660146978392,0.400651638751613,"Human_Breast_Andersson_10142021_ST_D3",0.400651638751613,0.268152936052536,0.102876539740816,0.228318885455035
"226","Human_Breast_Andersson_10142021_ST_D3_5x26",0.0216080304991916,0.159600982444054,0.107875899689526,0.00775838630286022,0.00540289431901509,0.193248014712299,0.0423206248993357,0.0834334973418555,0.378751669791863,"Human_Breast_Andersson_10142021_ST_D3",0.378751669791863,0.289084912632772,0.0965947779637308,0.235568639611635
"227","Human_Breast_Andersson_10142021_ST_D3_5x9",0.0685122189773081,0.134745671335905,0.125107120891695,0.0314134219190628,0.0153577852973916,0.117243538362953,0.0336836519724627,0.287010571318438,0.186926019924784,"Human_Breast_Andersson_10142021_ST_D3",0.186926019924784,0.328365011204908,0.333781778534892,0.150927190335416
"228","Human_Breast_Andersson_10142021_ST_D3_6x10",0.0338499191579779,0.249031387851981,0.064615532840143,0.0933910206680944,0.0466794006479119,0.0797663603029516,0.0456292217168257,0.118071253233633,0.268965903580481,"Human_Breast_Andersson_10142021_ST_D3",0.268965903580481,0.347496839850102,0.258141674549639,0.125395582019777
"229","Human_Breast_Andersson_10142021_ST_D3_6x11",0.0252750554308289,0.26356569399362,0.117016280543668,0.0203921758119799,0.0135147881514268,0.0495217450847813,0.0977526593025464,0.0296129745109195,0.38334862717023,"Human_Breast_Andersson_10142021_ST_D3",0.38334862717023,0.405857029968117,0.0635199384743262,0.147274404387328
"230","Human_Breast_Andersson_10142021_ST_D3_6x12",0.0358467791464365,0.174834721519885,0.0596511375554782,0.0393646515672676,0.0277031887447653,0.0414234313279606,0.113464354787076,0.078860650733968,0.428851084617163,"Human_Breast_Andersson_10142021_ST_D3",0.428851084617163,0.2703326382218,0.145928491046001,0.154887786115037
"231","Human_Breast_Andersson_10142021_ST_D3_6x13",0.0201853512848787,0.296468574702244,0.0423060116201573,0.0155117551711831,0.017076104286881,0.0608904499690781,0.0707576188149999,0.0467250825407536,0.430079051609825,"Human_Breast_Andersson_10142021_ST_D3",0.430079051609825,0.35895993760728,0.0793129419988177,0.131648068784078
"232","Human_Breast_Andersson_10142021_ST_D3_6x14",0.0241031424905543,0.350895496708955,0.0850766586486016,0.00986173943333483,0.0228162718260944,0.0658870141187416,0.0335463092891773,0.0913417609535242,0.316471606531017,"Human_Breast_Andersson_10142021_ST_D3",0.316471606531017,0.460075297848111,0.124019772212953,0.0994333234079189
"233","Human_Breast_Andersson_10142021_ST_D3_6x15",0.032849303182712,0.199150732751857,0.0463631396011445,0.0444611364165169,0.0278754066293755,0.0547750375051335,0.0748200287993442,0.020755956196028,0.498949258917889,"Human_Breast_Andersson_10142021_ST_D3",0.498949258917889,0.278363175535713,0.0930924992419204,0.129595066304478
"234","Human_Breast_Andersson_10142021_ST_D3_6x16",0.0373343823726383,0.242667992506024,0.0567643538113167,0.0644304879045875,0.0214204796146479,0.0260796449544798,0.0632476727153265,0.0482570914704735,0.439797894650505,"Human_Breast_Andersson_10142021_ST_D3",0.439797894650505,0.336766728689979,0.134108058989709,0.0893273176698063
"235","Human_Breast_Andersson_10142021_ST_D3_6x17",0.0612580401592117,0.284937616383455,0.0899970345800698,0.026313703522521,0.0175121816115694,0.102949178132349,0.0528352686819203,0.153044480394757,0.211152496534147,"Human_Breast_Andersson_10142021_ST_D3",0.211152496534147,0.436192691122737,0.196870365528847,0.155784446814269
"236","Human_Breast_Andersson_10142021_ST_D3_6x18",0.0615571210209234,0.0241388009990641,0.0387686128475811,0.0572394308018411,0.12645612803316,0.00814475573315256,0.0854128768227325,0.054392645381846,0.543889628359699,"Human_Breast_Andersson_10142021_ST_D3",0.543889628359699,0.124464534867569,0.238088204216847,0.0935576325558851
"237","Human_Breast_Andersson_10142021_ST_D3_6x19",0.0496193000220173,0.283891217159957,0.028397748450996,0.0144367680665247,0.0188350786096391,0.0767772687284909,0.0900944676558792,0.116452317198951,0.321495834107545,"Human_Breast_Andersson_10142021_ST_D3",0.321495834107545,0.36190826563297,0.149724163875115,0.16687173638437
"238","Human_Breast_Andersson_10142021_ST_D3_6x20",0.034078878103516,0.175291032828452,0.0314389611561092,0.044667085568644,0.0244062869682934,0.0499067495972122,0.079477606981387,0.108759575620903,0.451973823175483,"Human_Breast_Andersson_10142021_ST_D3",0.451973823175483,0.240808872088077,0.17783294815784,0.129384356578599
"239","Human_Breast_Andersson_10142021_ST_D3_6x21",0.0899993221398995,0.249373576283767,0.110077113854398,0.0195112122943614,0.0109348652179455,0.10084062357512,0.0518162951129872,0.0304774442174994,0.336969547304022,"Human_Breast_Andersson_10142021_ST_D3",0.336969547304022,0.449450012278064,0.0609235217298063,0.152656918688107
"240","Human_Breast_Andersson_10142021_ST_D3_6x22",0.064451754350566,0.278991754062059,0.09770630125061,0.016918629802375,0.00971585700773284,0.14866111997404,0.0353554735599767,0.0445746995511334,0.303624410441507,"Human_Breast_Andersson_10142021_ST_D3",0.303624410441507,0.441149809663235,0.0712091863612412,0.184016593534017
"241","Human_Breast_Andersson_10142021_ST_D3_6x23",0.0201597672461218,0.278180512557252,0.0305307329004622,0.0481137906260444,0.021743952006513,0.127307984534671,0.0734702732582154,0.065868385936965,0.334624600933756,"Human_Breast_Andersson_10142021_ST_D3",0.334624600933756,0.328871012703836,0.135726128569522,0.200778257792886
"242","Human_Breast_Andersson_10142021_ST_D3_6x24",0.0193604644993906,0.21374386783401,0.097759752658673,0.0413072001085532,0.0239681073894052,0.203190111065293,0.0697392636194382,0.0538721744518259,0.27705905837341,"Human_Breast_Andersson_10142021_ST_D3",0.27705905837341,0.330864084992074,0.119147481949784,0.272929374684731
"243","Human_Breast_Andersson_10142021_ST_D3_6x25",0.0626282939926238,0.31901163360901,0.124711831535663,0.00866503627818106,0.0060852570051131,0.101798854467138,0.0227400893023732,0.205163666369001,0.149195337440897,"Human_Breast_Andersson_10142021_ST_D3",0.149195337440897,0.506351759137297,0.219913959652295,0.124538943769511
"244","Human_Breast_Andersson_10142021_ST_D3_6x26",0.0147599898654275,0.168014882119957,0.0736217306327255,0.0424616344792392,0.00949169394240729,0.143843093690857,0.0284293677854761,0.257258448700242,0.262119158783668,"Human_Breast_Andersson_10142021_ST_D3",0.262119158783668,0.25639660261811,0.309211777121889,0.172272461476333
"245","Human_Breast_Andersson_10142021_ST_D3_6x9",0.0279485958673989,0.227601161326931,0.0158546130011347,0.0249609910424904,0.00997284915992203,0.0557936120717557,0.0295540245737499,0.336597654234135,0.271716498722482,"Human_Breast_Andersson_10142021_ST_D3",0.271716498722482,0.271404370195465,0.371531494436547,0.0853476366455056
"246","Human_Breast_Andersson_10142021_ST_D3_7x10",0.0392153938767568,0.469872009692209,0.0101676350440498,0.0253632934655748,0.024706181306919,0.0452398132105811,0.0642825063713308,0.033594647862208,0.28755851917037,"Human_Breast_Andersson_10142021_ST_D3",0.28755851917037,0.519255038613016,0.0836641226347018,0.109522319581912
"247","Human_Breast_Andersson_10142021_ST_D3_7x11",0.0353379342185556,0.425294087338813,0.0536412675518297,0.0185046443797276,0.0139619050659383,0.142834992995805,0.0337950837560871,0.074293425900369,0.202336658792876,"Human_Breast_Andersson_10142021_ST_D3",0.202336658792876,0.514273289109198,0.106759975346035,0.176630076751892
"248","Human_Breast_Andersson_10142021_ST_D3_7x12",0.0251653626556099,0.295404618178424,0.0303201899782111,0.0379670021980993,0.0192885319220099,0.0747054754773598,0.069906434539702,0.172613538531505,0.274628846519079,"Human_Breast_Andersson_10142021_ST_D3",0.274628846519079,0.350890170812245,0.229869072651614,0.144611910017062
"249","Human_Breast_Andersson_10142021_ST_D3_7x13",0.0477822277021421,0.344677396464664,0.0557736718836613,0.00767186648775884,0.00984238779134707,0.0949410333536367,0.0310366809253583,0.0826752964868711,0.32559943890456,"Human_Breast_Andersson_10142021_ST_D3",0.32559943890456,0.448233296050467,0.100189550765977,0.125977714278995
"250","Human_Breast_Andersson_10142021_ST_D3_7x14",0.0406741407079233,0.259650071574591,0.0266241031208995,0.0509813496562119,0.0396066084070123,0.0193780776534352,0.0820743518488322,0.0329341491466184,0.448077147884477,"Human_Breast_Andersson_10142021_ST_D3",0.448077147884477,0.326948315403414,0.123522107209843,0.101452429502267
"251","Human_Breast_Andersson_10142021_ST_D3_7x15",0.0265588381101084,0.323328355669013,0.154863349353407,0.0036575946563844,0.00315795626056035,0.168038820076027,0.0217086611790767,0.00754560922058709,0.291140815474836,"Human_Breast_Andersson_10142021_ST_D3",0.291140815474836,0.504750543132528,0.0143611601375318,0.189747481255104
"252","Human_Breast_Andersson_10142021_ST_D3_7x16",0.0458560469201883,0.261434870062521,0.0668836099852195,0.0485098521128945,0.0281219289746607,0.0734128999646566,0.0670804148050696,0.0750128860014711,0.333687491173319,"Human_Breast_Andersson_10142021_ST_D3",0.333687491173319,0.374174526967929,0.151644667089026,0.140493314769726
"253","Human_Breast_Andersson_10142021_ST_D3_7x17",0.0453627401099996,0.381515476690361,0.0611128069056007,0.0241784672155555,0.0157410225582145,0.109175062900653,0.0349989107454922,0.0771566075877684,0.250758905286355,"Human_Breast_Andersson_10142021_ST_D3",0.250758905286355,0.487991023705961,0.117076097361538,0.144173973646145
"254","Human_Breast_Andersson_10142021_ST_D3_7x18",0.0496075293838873,0.291223703651746,0.0432768116498534,0.0314913931809318,0.0457370043077224,0.070478457310764,0.0929110077729956,0.0451641615252464,0.330109931216854,"Human_Breast_Andersson_10142021_ST_D3",0.330109931216854,0.384108044685487,0.122392559013901,0.16338946508376
"255","Human_Breast_Andersson_10142021_ST_D3_7x19",0.0564605327962301,0.333498265874723,0.0351578925393896,0.0782978947970898,0.0276196426636359,0.120758110134666,0.05196176800501,0.0825429059119791,0.213702987277276,"Human_Breast_Andersson_10142021_ST_D3",0.213702987277276,0.425116691210343,0.188460443372705,0.172719878139676
"256","Human_Breast_Andersson_10142021_ST_D3_7x20",0.0482432885749504,0.296443342820046,0.072453742330328,0.030762336347065,0.0376188251080023,0.115976508709207,0.0245390372296745,0.100393480011943,0.273569438868783,"Human_Breast_Andersson_10142021_ST_D3",0.273569438868783,0.417140373725324,0.16877464146701,0.140515545938881
"257","Human_Breast_Andersson_10142021_ST_D3_7x21",0.0420106707714927,0.223903644779731,0.079017070472842,0.00945611274644205,0.00973774009641976,0.115315491654952,0.0648390536840598,0.0249633309454083,0.430756884848653,"Human_Breast_Andersson_10142021_ST_D3",0.430756884848653,0.344931386024066,0.0441571837882701,0.180154545339012
"258","Human_Breast_Andersson_10142021_ST_D3_7x22",0.0310793664802833,0.19921084366117,0.0764914713836484,0.0436399446731856,0.0349995558725585,0.183101215677373,0.0983874201823661,0.0365405474046219,0.296549634664793,"Human_Breast_Andersson_10142021_ST_D3",0.296549634664793,0.306781681525102,0.115180047950366,0.281488635859739
"259","Human_Breast_Andersson_10142021_ST_D3_7x23",0.0368949474312426,0.366698966107256,0.0495396778281913,0.0148026246032031,0.00785124682369549,0.230081608993226,0.0244891258869087,0.0591377765820347,0.210504025744243,"Human_Breast_Andersson_10142021_ST_D3",0.210504025744243,0.45313359136669,0.0817916480089333,0.254570734880135
"260","Human_Breast_Andersson_10142021_ST_D3_7x24",0.00354419758565935,0.273491481062036,0.101083613924954,0.0413668071713671,0.00641236868942402,0.124225389143911,0.0308886719042152,0.251754910116846,0.167232560401587,"Human_Breast_Andersson_10142021_ST_D3",0.167232560401587,0.378119292572649,0.299534085977637,0.155114061048126
"261","Human_Breast_Andersson_10142021_ST_D3_7x25",0.010738101672075,0.257853187083792,0.113124106586195,0.0144528412620011,0.00504524215663914,0.185878159707647,0.0340093992513399,0.179727488986924,0.199171473293387,"Human_Breast_Andersson_10142021_ST_D3",0.199171473293387,0.381715395342062,0.199225572405564,0.219887558958987
"262","Human_Breast_Andersson_10142021_ST_D3_7x26",0.025024697692158,0.17298731181929,0.157548284674566,0.0114131548153717,0.0139266842938297,0.181766021985016,0.0437156677923438,0.0967304137979313,0.296887763129493,"Human_Breast_Andersson_10142021_ST_D3",0.296887763129493,0.355560294186014,0.122070252907133,0.22548168977736
"263","Human_Breast_Andersson_10142021_ST_D3_7x9",0.034211594318654,0.203143315296861,0.10583343557318,0.0110663981564202,0.0188732185582878,0.114467413095565,0.123374518224685,0.258147915330774,0.130882191445573,"Human_Breast_Andersson_10142021_ST_D3",0.130882191445573,0.343188345188695,0.288087532045482,0.23784193132025
"264","Human_Breast_Andersson_10142021_ST_D3_8x10",0.0430097240526904,0.490039827508278,0.0201178829510797,0.112956251503324,0.0107587985037636,0.104797083852426,0.0563779032035219,0.062758377522887,0.0991841509020303,"Human_Breast_Andersson_10142021_ST_D3",0.0991841509020303,0.553167434512048,0.186473427529975,0.161174987055948
"265","Human_Breast_Andersson_10142021_ST_D3_8x11",0.00807537753551915,0.427522660811652,0.0141076826061949,0.024327955786965,0.0118591096877337,0.139146757273949,0.020021513261439,0.19258081324292,0.162358129793628,"Human_Breast_Andersson_10142021_ST_D3",0.162358129793628,0.449705720953366,0.228767878717619,0.159168270535388
"266","Human_Breast_Andersson_10142021_ST_D3_8x12",0.0291083751115725,0.387034696922666,0.0496602609552894,0.01162573923304,0.00469254058680308,0.0910419075484305,0.0771313392445372,0.169021719617632,0.180683420780029,"Human_Breast_Andersson_10142021_ST_D3",0.180683420780029,0.465803332989528,0.185339999437475,0.168173246792968
"267","Human_Breast_Andersson_10142021_ST_D3_8x13",0.0144295608809679,0.445391424102266,0.0317412841141677,0.00764659126090473,0.00752443996732015,0.056755632220591,0.0110559241053576,0.162359951349943,0.263095191998481,"Human_Breast_Andersson_10142021_ST_D3",0.263095191998481,0.491562269097402,0.177530982578168,0.0678115563259486
"268","Human_Breast_Andersson_10142021_ST_D3_8x14",0.0265230713664543,0.395492602600321,0.0309375729097197,0.026498677313397,0.00728430358821152,0.161493691573626,0.050115902502292,0.0941991628692655,0.207455015276713,"Human_Breast_Andersson_10142021_ST_D3",0.207455015276713,0.452953246876495,0.127982143770874,0.211609594075918
"269","Human_Breast_Andersson_10142021_ST_D3_8x15",0.0337097195364314,0.333211128923561,0.0886744679408676,0.0146005910082574,0.00726935660420489,0.159982102868048,0.0597593681871978,0.165329016334779,0.137464248596654,"Human_Breast_Andersson_10142021_ST_D3",0.137464248596654,0.45559531640086,0.187198963947241,0.219741471055246
"270","Human_Breast_Andersson_10142021_ST_D3_8x16",0.0172396493160381,0.292602933128114,0.0826880321502831,0.0267904918021502,0.0175117627598655,0.14193425134181,0.0539572114709503,0.163768141009948,0.203507527020841,"Human_Breast_Andersson_10142021_ST_D3",0.203507527020841,0.392530614594435,0.208070395571964,0.19589146281276
"271","Human_Breast_Andersson_10142021_ST_D3_8x17",0.0332334479212118,0.260274340643753,0.0894929915839612,0.0201128756207336,0.0185793088768155,0.0865326757510884,0.0567976648825149,0.0769413637449677,0.358035330974954,"Human_Breast_Andersson_10142021_ST_D3",0.358035330974954,0.383000780148926,0.115633548242517,0.143330340633603
"272","Human_Breast_Andersson_10142021_ST_D3_8x18",0.0335655766436181,0.134559104072246,0.0551367402775911,0.0445014266569202,0.0346042016967702,0.0569706410097114,0.0975273119550397,0.108306511764508,0.434828485923595,"Human_Breast_Andersson_10142021_ST_D3",0.434828485923595,0.223261420993455,0.187412140118198,0.154497952964751
"273","Human_Breast_Andersson_10142021_ST_D3_8x19",0.0508456324845782,0.259228045158563,0.0490313077378526,0.0248637951010549,0.0245653763657831,0.0595436816445872,0.0568883884985561,0.117571907821216,0.357461865187808,"Human_Breast_Andersson_10142021_ST_D3",0.357461865187808,0.359104985380994,0.167001079288054,0.116432070143143
"274","Human_Breast_Andersson_10142021_ST_D3_8x20",0.0266995603952487,0.361805008430563,0.0224113733550443,0.0258371387714894,0.0156653015521231,0.0862767811503106,0.052038659299859,0.0949583730488473,0.314307803996515,"Human_Breast_Andersson_10142021_ST_D3",0.314307803996515,0.410915942180856,0.13646081337246,0.13831544045017
"275","Human_Breast_Andersson_10142021_ST_D3_8x21",0.047196812512246,0.2118204561998,0.0354363697006483,0.0678697060722458,0.0318848390036278,0.0904654893335257,0.0832508711511735,0.0526419488025626,0.37943350722417,"Human_Breast_Andersson_10142021_ST_D3",0.37943350722417,0.294453638412694,0.152396493878436,0.173716360484699
"276","Human_Breast_Andersson_10142021_ST_D3_8x22",0.04011682173475,0.261289038981845,0.0556233258534575,0.0453495474789589,0.0263150551946289,0.122418261468062,0.0461240083209552,0.0499772188725577,0.352786722094784,"Human_Breast_Andersson_10142021_ST_D3",0.352786722094784,0.357029186570053,0.121641821546145,0.168542269789017
"277","Human_Breast_Andersson_10142021_ST_D3_8x23",0.0340198248063255,0.262854424517027,0.107866536428708,0.00649864125274622,0.00207323593880254,0.13823945130964,0.0283357133019099,0.253900814822,0.16621135762284,"Human_Breast_Andersson_10142021_ST_D3",0.16621135762284,0.40474078575206,0.262472692013549,0.16657516461155
"278","Human_Breast_Andersson_10142021_ST_D3_8x24",0.0260767154384689,0.219366966042523,0.0577632197671127,0.0117192854268434,0.010734276915984,0.126442054755744,0.0473320271713399,0.320254110020432,0.180311344461552,"Human_Breast_Andersson_10142021_ST_D3",0.180311344461552,0.303206901248105,0.342707672363259,0.173774081927084
"279","Human_Breast_Andersson_10142021_ST_D3_8x25",0.0101862575755216,0.363144571204831,0.0711007146936196,0.0223866703538281,0.00946776875747899,0.146111977186155,0.0193753060890917,0.199562869658736,0.158663864480738,"Human_Breast_Andersson_10142021_ST_D3",0.158663864480738,0.444431543473972,0.231417308770043,0.165487283275247
"280","Human_Breast_Andersson_10142021_ST_D3_8x26",0.0198588620548983,0.200491261330287,0.161342837113722,0.0190763324008826,0.0129866571978936,0.207856361452832,0.0351684757699035,0.129159482653557,0.214059730026024,"Human_Breast_Andersson_10142021_ST_D3",0.214059730026024,0.381692960498907,0.161222472252333,0.243024837222736
"281","Human_Breast_Andersson_10142021_ST_D3_8x27",0.0272543508961272,0.161050673868809,0.223344845570715,0.0348534945855035,0.0130966886605002,0.0945663394979113,0.0506232986555171,0.0475469294690979,0.347663378795819,"Human_Breast_Andersson_10142021_ST_D3",0.347663378795819,0.411649870335651,0.0954971127151016,0.145189638153428
"282","Human_Breast_Andersson_10142021_ST_D3_8x9",0.0183092557735017,0.413281345303831,0.0783077562049713,0.0971528673742742,0.0644562638157426,0.12667234202111,0.015795408003897,0.00625940175112077,0.179765359751551,"Human_Breast_Andersson_10142021_ST_D3",0.179765359751551,0.509898357282304,0.167868532941138,0.142467750025007
"283","Human_Breast_Andersson_10142021_ST_D3_9x10",0.0613409916565259,0.424622218215704,0.0291625047883457,0.0593092085952654,0.0315015191309843,0.0425666041716385,0.0587145031612181,0.187250218641123,0.105532231639196,"Human_Breast_Andersson_10142021_ST_D3",0.105532231639196,0.515125714660576,0.278060946367373,0.101281107332857
"284","Human_Breast_Andersson_10142021_ST_D3_9x11",0.0281521893495671,0.38994127953767,0.0406547431162301,0.0409884274488097,0.0112752216946587,0.141392377489037,0.0331681775864342,0.130429491361825,0.183998092415769,"Human_Breast_Andersson_10142021_ST_D3",0.183998092415769,0.458748212003467,0.182693140505293,0.174560555075471
"285","Human_Breast_Andersson_10142021_ST_D3_9x12",0.0220530304380976,0.456936921667414,0.0397424777342522,0.025112795147881,0.00631221770586915,0.0950557949390837,0.0201406643739988,0.0732064992099111,0.261439598783492,"Human_Breast_Andersson_10142021_ST_D3",0.261439598783492,0.518732429839764,0.104631512063661,0.115196459313083
"286","Human_Breast_Andersson_10142021_ST_D3_9x13",0.0296538769267105,0.27823729621913,0.0557866375337486,0.0311574277749149,0.0238441909523385,0.0449350578598656,0.0597061227651471,0.176105360050712,0.300574029917433,"Human_Breast_Andersson_10142021_ST_D3",0.300574029917433,0.363677810679589,0.231106978777965,0.104641180625013
"287","Human_Breast_Andersson_10142021_ST_D3_9x14",0.0170324316849079,0.428826924848557,0.0220859157173243,0.00674516062230518,0.00297592050740127,0.159970514213677,0.0388395707064194,0.109631730426108,0.2138918312733,"Human_Breast_Andersson_10142021_ST_D3",0.2138918312733,0.467945272250789,0.119352811555814,0.198810084920096
"288","Human_Breast_Andersson_10142021_ST_D3_9x15",0.0205112559867829,0.370670735957282,0.0453982645616652,0.0143632091442114,0.00436869011794295,0.0905815552602556,0.0461386057745013,0.22173689299576,0.186230790201599,"Human_Breast_Andersson_10142021_ST_D3",0.186230790201599,0.43658025650573,0.240468792257914,0.136720161034757
"289","Human_Breast_Andersson_10142021_ST_D3_9x16",0.0322236848190758,0.203931195884548,0.010095748146174,0.0300911999304027,0.0453144353676824,0.0272279608134507,0.142538173767536,0.0386995924214568,0.469878008849674,"Human_Breast_Andersson_10142021_ST_D3",0.469878008849674,0.246250628849798,0.114105227719542,0.169766134580987
"290","Human_Breast_Andersson_10142021_ST_D3_9x17",0.0256041158935122,0.237024885190578,0.0514383551059096,0.0408449798892532,0.00945069229386176,0.0770826340658898,0.11044099507977,0.0369395737300266,0.411173768751198,"Human_Breast_Andersson_10142021_ST_D3",0.411173768751198,0.31406735619,0.0872352459131416,0.18752362914566
"291","Human_Breast_Andersson_10142021_ST_D3_9x18",0.0415874266953785,0.177510355604232,0.0572328390517904,0.0700184199691748,0.0593633432973416,0.0272831763003188,0.0541979834940997,0.0901393799436472,0.422667075644017,"Human_Breast_Andersson_10142021_ST_D3",0.422667075644017,0.276330621351401,0.219521143210164,0.0814811597944185
"292","Human_Breast_Andersson_10142021_ST_D3_9x19",0.038996110864675,0.217494352596565,0.0447265809978694,0.0587967117974154,0.0354003477974408,0.0730775735237464,0.119976797011868,0.124157942002802,0.287373583407618,"Human_Breast_Andersson_10142021_ST_D3",0.287373583407618,0.301217044459109,0.218355001597658,0.193054370535614
"293","Human_Breast_Andersson_10142021_ST_D3_9x20",0.0497723112628599,0.261107254220231,0.0377672528605374,0.0677166013489181,0.0162330705574933,0.22892766579566,0.0277131774948205,0.130793478915534,0.179969187543945,"Human_Breast_Andersson_10142021_ST_D3",0.179969187543945,0.348646818343628,0.214743150821945,0.256640843290481
"294","Human_Breast_Andersson_10142021_ST_D3_9x21",0.0396094204080567,0.215253226810496,0.0305649783818708,0.0787453623018533,0.0303638681906444,0.107418838470672,0.0915826517417292,0.0913418110881206,0.315119842606558,"Human_Breast_Andersson_10142021_ST_D3",0.315119842606558,0.285427625600424,0.200451041580618,0.199001490212401
"295","Human_Breast_Andersson_10142021_ST_D3_9x22",0.033138912683685,0.226927123838501,0.0716296271134097,0.0383951693319304,0.0267030088241712,0.0877937996696896,0.0470357387574334,0.115571034345841,0.352805585435339,"Human_Breast_Andersson_10142021_ST_D3",0.352805585435339,0.331695663635596,0.180669212501943,0.134829538427123
"296","Human_Breast_Andersson_10142021_ST_D3_9x23",0.0147320316487444,0.40640170522687,0.0744742790237932,0.0295082158120111,0.00566835569018347,0.181901499560085,0.028181397463241,0.0111286235230875,0.248003892051985,"Human_Breast_Andersson_10142021_ST_D3",0.248003892051985,0.495608015899408,0.0463051950252821,0.210082897023326
"297","Human_Breast_Andersson_10142021_ST_D3_9x24",0.0168875705042515,0.360667333809166,0.0270354217563418,0.0524713753675272,0.0154205946115558,0.269156559182874,0.00636556729005246,0.171999773426698,0.0799958040515336,"Human_Breast_Andersson_10142021_ST_D3",0.0799958040515336,0.404590326069759,0.239891743405781,0.275522126472926
"298","Human_Breast_Andersson_10142021_ST_D3_9x25",0.00730414480681072,0.361376184489966,0.0186981094949449,0.0594989489312996,0.0615372612241304,0.282024980832921,0.00960572791900322,0.129138677023058,0.0708159652778658,"Human_Breast_Andersson_10142021_ST_D3",0.0708159652778658,0.387378438791722,0.250174887178488,0.291630708751924
"299","Human_Breast_Andersson_10142021_ST_D3_9x26",0.0720096147883308,0.219368313863706,0.0988226979222259,0.0518639246119197,0.0735312843696975,0.149505932271752,0.042814044079672,0.149560317289382,0.142523870803313,"Human_Breast_Andersson_10142021_ST_D3",0.142523870803313,0.390200626574263,0.274955526270999,0.192319976351424
"300","Human_Breast_Andersson_10142021_ST_D3_9x27",0.00802246246133283,0.0983035579085917,0.278473414997287,0.0166014645647379,0.0280101668099521,0.115671586734311,0.0403880859969185,0.192172319347211,0.222356941179657,"Human_Breast_Andersson_10142021_ST_D3",0.222356941179657,0.384799435367212,0.236783950721901,0.15605967273123
