,yaxis,xaxis,r
Human_Breast_He_06222020_ST_BC23567_D2_12x16,4376.891,3212.765,112.0
Human_Breast_He_06222020_ST_BC23567_D2_23x22,6116.278,6412.4540000000015,112.0
Human_Breast_He_06222020_ST_BC23567_D2_23x23,6406.03,6409.528,112.0
Human_Breast_He_06222020_ST_BC23567_D2_23x24,6701.675,6412.772,112.0
Human_Breast_He_06222020_ST_BC23567_D2_23x25,6977.286,6409.005,112.0
Human_Breast_He_06222020_ST_BC23567_D2_23x27,7571.3690000000015,6407.751,112.0
Human_Breast_He_06222020_ST_BC23567_D2_23x28,7868.778,6409.684,112.0
Human_Breast_He_06222020_ST_BC23567_D2_24x29,8164.163,6690.161999999998,112.0
Human_Breast_He_06222020_ST_BC23567_D2_30x21,5810.986999999999,8422.091,112.0
Human_Breast_He_06222020_ST_BC23567_D2_11x8,2036.413,2881.699,112.0
Human_Breast_He_06222020_ST_BC23567_D2_11x6,1469.078,2875.453,112.0
Human_Breast_He_06222020_ST_BC23567_D2_11x7,1750.004,2873.9240000000004,112.0
Human_Breast_He_06222020_ST_BC23567_D2_11x4,898.742,2883.897,112.0
Human_Breast_He_06222020_ST_BC23567_D2_30x23,6397.931,8421.32,112.0
Human_Breast_He_06222020_ST_BC23567_D2_11x3,593.681,2881.616,112.0
Human_Breast_He_06222020_ST_BC23567_D2_18x28,7861.853,4922.143,112.0
Human_Breast_He_06222020_ST_BC23567_D2_18x29,8159.116999999998,4921.32,112.0
Human_Breast_He_06222020_ST_BC23567_D2_18x26,7280.291,4923.221,112.0
Human_Breast_He_06222020_ST_BC23567_D2_18x27,7577.023,4920.4540000000015,112.0
Human_Breast_He_06222020_ST_BC23567_D2_18x24,6698.983,4922.871,112.0
Human_Breast_He_06222020_ST_BC23567_D2_18x25,6988.5430000000015,4922.622,112.0
Human_Breast_He_06222020_ST_BC23567_D2_18x22,6113.916,4920.333,112.0
Human_Breast_He_06222020_ST_BC23567_D2_18x23,6409.989000000001,4927.45,112.0
Human_Breast_He_06222020_ST_BC23567_D2_18x20,5530.373000000001,4922.359,112.0
Human_Breast_He_06222020_ST_BC23567_D2_18x21,5822.22,4919.812,112.0
Human_Breast_He_06222020_ST_BC23567_D2_19x24,6691.665,5220.478,112.0
Human_Breast_He_06222020_ST_BC23567_D2_25x15,4068.552,6982.581,112.0
Human_Breast_He_06222020_ST_BC23567_D2_24x21,5821.542,6690.273,112.0
Human_Breast_He_06222020_ST_BC23567_D2_25x14,3780.817,6981.693,112.0
Human_Breast_He_06222020_ST_BC23567_D2_30x29,8150.529,8418.263,112.0
Human_Breast_He_06222020_ST_BC23567_D2_23x20,5536.955,6417.425,112.0
Human_Breast_He_06222020_ST_BC23567_D2_28x31,8737.859,7830.094,112.0
Human_Breast_He_06222020_ST_BC23567_D2_23x21,5816.7,6397.613,112.0
Human_Breast_He_06222020_ST_BC23567_D2_4x9,2333.223,863.823,112.0
Human_Breast_He_06222020_ST_BC23567_D2_11x14,3764.709,2879.41,112.0
Human_Breast_He_06222020_ST_BC23567_D2_26x18,4958.483,7254.052,112.0
Human_Breast_He_06222020_ST_BC23567_D2_8x23,6400.045,2009.764,112.0
Human_Breast_He_06222020_ST_BC23567_D2_11x16,4360.148,2859.78,112.0
Human_Breast_He_06222020_ST_BC23567_D2_8x16,4362.011,2013.039,112.0
Human_Breast_He_06222020_ST_BC23567_D2_25x16,4357.114000000001,6980.852,112.0
Human_Breast_He_06222020_ST_BC23567_D2_11x9,2323.898,2876.242,112.0
Human_Breast_He_06222020_ST_BC23567_D2_20x32,9029.579,5520.463000000002,112.0
Human_Breast_He_06222020_ST_BC23567_D2_20x33,9324.094,5522.574000000001,112.0
Human_Breast_He_06222020_ST_BC23567_D2_20x30,8441.163,5517.5340000000015,112.0
Human_Breast_He_06222020_ST_BC23567_D2_29x18,4948.549,8122.455,112.0
Human_Breast_He_06222020_ST_BC23567_D2_8x14,3782.478,2008.458,112.0
Human_Breast_He_06222020_ST_BC23567_D2_11x5,1179.1989999999996,2882.614,112.0
Human_Breast_He_06222020_ST_BC23567_D2_28x16,4357.951,7825.062,112.0
Human_Breast_He_06222020_ST_BC23567_D2_8x13,3489.773,2006.699,112.0
Human_Breast_He_06222020_ST_BC23567_D2_12x5,1210.37,3202.586,112.0
Human_Breast_He_06222020_ST_BC23567_D2_12x4,906.328,3198.769,112.0
Human_Breast_He_06222020_ST_BC23567_D2_12x7,1771.399,3214.045,112.0
Human_Breast_He_06222020_ST_BC23567_D2_12x6,1486.306,3199.465,112.0
Human_Breast_He_06222020_ST_BC23567_D2_12x9,2340.937,3211.04,112.0
Human_Breast_He_06222020_ST_BC23567_D2_22x14,3765.882,6091.0790000000015,112.0
Human_Breast_He_06222020_ST_BC23567_D2_13x28,7869.735,3484.088,112.0
Human_Breast_He_06222020_ST_BC23567_D2_22x15,4058.433,6088.0,112.0
Human_Breast_He_06222020_ST_BC23567_D2_8x11,2903.418,2004.545,112.0
Human_Breast_He_06222020_ST_BC23567_D2_6x17,4663.011,1424.129,112.0
Human_Breast_He_06222020_ST_BC23567_D2_23x19,5239.288,6408.8290000000015,112.0
Human_Breast_He_06222020_ST_BC23567_D2_23x18,4951.896,6413.203,112.0
Human_Breast_He_06222020_ST_BC23567_D2_13x17,4655.622,3490.742,112.0
Human_Breast_He_06222020_ST_BC23567_D2_24x19,5236.482,6683.146,112.0
Human_Breast_He_06222020_ST_BC23567_D2_23x13,3490.6020000000008,6410.533,112.0
Human_Breast_He_06222020_ST_BC23567_D2_23x15,4072.258,6413.408,112.0
Human_Breast_He_06222020_ST_BC23567_D2_23x14,3781.942,6413.498000000001,112.0
Human_Breast_He_06222020_ST_BC23567_D2_23x17,4657.422000000001,6417.149,112.0
Human_Breast_He_06222020_ST_BC23567_D2_23x16,4369.059,6414.661999999998,112.0
Human_Breast_He_06222020_ST_BC23567_D2_8x22,6113.059,2003.807,112.0
Human_Breast_He_06222020_ST_BC23567_D2_11x15,4069.769,2884.333,112.0
Human_Breast_He_06222020_ST_BC23567_D2_11x17,4651.9670000000015,2884.428,112.0
Human_Breast_He_06222020_ST_BC23567_D2_11x12,3191.981,2879.601,112.0
Human_Breast_He_06222020_ST_BC23567_D2_11x13,3478.328,2882.3720000000008,112.0
Human_Breast_He_06222020_ST_BC23567_D2_11x18,4944.795999999999,2877.502,112.0
Human_Breast_He_06222020_ST_BC23567_D2_11x19,5225.434,2871.617,112.0
Human_Breast_He_06222020_ST_BC23567_D2_2x15,4080.264,285.1140000000001,112.0
Human_Breast_He_06222020_ST_BC23567_D2_2x14,3787.813,283.808,112.0
Human_Breast_He_06222020_ST_BC23567_D2_2x17,4664.707,282.344,112.0
Human_Breast_He_06222020_ST_BC23567_D2_2x16,4366.082,286.062,112.0
Human_Breast_He_06222020_ST_BC23567_D2_2x13,3497.255,284.606,112.0
Human_Breast_He_06222020_ST_BC23567_D2_2x12,3205.376,286.236,112.0
Human_Breast_He_06222020_ST_BC23567_D2_26x19,5234.483,7273.555,112.0
Human_Breast_He_06222020_ST_BC23567_D2_2x18,4955.975,287.642,112.0
Human_Breast_He_06222020_ST_BC23567_D2_17x12,3198.281,4624.174,112.0
Human_Breast_He_06222020_ST_BC23567_D2_17x13,3491.794000000001,4618.754,112.0
Human_Breast_He_06222020_ST_BC23567_D2_17x10,2618.026,4626.218,112.0
Human_Breast_He_06222020_ST_BC23567_D2_17x11,2911.0290000000005,4621.43,112.0
Human_Breast_He_06222020_ST_BC23567_D2_17x16,4362.98,4625.733,112.0
Human_Breast_He_06222020_ST_BC23567_D2_17x17,4652.737,4626.693,112.0
Human_Breast_He_06222020_ST_BC23567_D2_17x14,3777.549,4625.387,112.0
Human_Breast_He_06222020_ST_BC23567_D2_17x15,4071.034,4622.505999999999,112.0
Human_Breast_He_06222020_ST_BC23567_D2_26x16,4356.347,7275.779,112.0
Human_Breast_He_06222020_ST_BC23567_D2_26x17,4646.504,7272.609,112.0
Human_Breast_He_06222020_ST_BC23567_D2_17x18,4943.757000000001,4618.392,112.0
Human_Breast_He_06222020_ST_BC23567_D2_26x15,4069.87,7269.722,112.0
Human_Breast_He_06222020_ST_BC23567_D2_28x28,7859.276,7829.708,112.0
Human_Breast_He_06222020_ST_BC23567_D2_31x19,5230.139,8724.204,112.0
Human_Breast_He_06222020_ST_BC23567_D2_10x26,7277.7,2584.167,112.0
Human_Breast_He_06222020_ST_BC23567_D2_10x27,7565.0459999999985,2585.263,112.0
Human_Breast_He_06222020_ST_BC23567_D2_10x24,6687.434,2589.463,112.0
Human_Breast_He_06222020_ST_BC23567_D2_10x25,6981.420999999999,2587.584,112.0
Human_Breast_He_06222020_ST_BC23567_D2_14x21,5826.148,3771.677,112.0
Human_Breast_He_06222020_ST_BC23567_D2_10x23,6388.5,2582.923,112.0
Human_Breast_He_06222020_ST_BC23567_D2_10x20,5514.084,2572.531,112.0
Human_Breast_He_06222020_ST_BC23567_D2_7x16,4364.512,1717.72,112.0
Human_Breast_He_06222020_ST_BC23567_D2_7x17,4665.939,1721.18,112.0
Human_Breast_He_06222020_ST_BC23567_D2_7x14,3784.746,1719.688,112.0
Human_Breast_He_06222020_ST_BC23567_D2_7x15,4073.456,1718.999,112.0
Human_Breast_He_06222020_ST_BC23567_D2_7x12,3204.627,1720.1370000000004,112.0
Human_Breast_He_06222020_ST_BC23567_D2_7x13,3489.685,1719.7979999999998,112.0
Human_Breast_He_06222020_ST_BC23567_D2_7x10,2622.962,1716.135,112.0
Human_Breast_He_06222020_ST_BC23567_D2_7x11,2911.2,1716.509,112.0
Human_Breast_He_06222020_ST_BC23567_D2_7x18,4951.311,1713.313,112.0
Human_Breast_He_06222020_ST_BC23567_D2_7x19,5240.801,1715.501,112.0
Human_Breast_He_06222020_ST_BC23567_D2_14x7,1771.671,3773.83,112.0
Human_Breast_He_06222020_ST_BC23567_D2_14x6,1482.705,3773.574,112.0
Human_Breast_He_06222020_ST_BC23567_D2_14x5,1193.009,3767.869,112.0
Human_Breast_He_06222020_ST_BC23567_D2_19x31,8736.498,5214.429,112.0
Human_Breast_He_06222020_ST_BC23567_D2_30x30,8444.162,8418.491,112.0
Human_Breast_He_06222020_ST_BC23567_D2_14x23,6401.468000000002,3770.048,112.0
Human_Breast_He_06222020_ST_BC23567_D2_13x9,2338.71,3486.002,112.0
Human_Breast_He_06222020_ST_BC23567_D2_21x17,4644.172000000001,5798.176,112.0
Human_Breast_He_06222020_ST_BC23567_D2_21x16,4353.855,5791.053000000001,112.0
Human_Breast_He_06222020_ST_BC23567_D2_21x15,4059.67,5788.877,112.0
Human_Breast_He_06222020_ST_BC23567_D2_21x14,3762.305,5794.469,112.0
Human_Breast_He_06222020_ST_BC23567_D2_21x13,3479.965,5796.023,112.0
Human_Breast_He_06222020_ST_BC23567_D2_21x12,3187.331,5789.871,112.0
Human_Breast_He_06222020_ST_BC23567_D2_21x11,2899.443,5790.092,112.0
Human_Breast_He_06222020_ST_BC23567_D2_21x19,5229.2,5792.218000000002,112.0
Human_Breast_He_06222020_ST_BC23567_D2_21x18,4938.15,5789.801,112.0
Human_Breast_He_06222020_ST_BC23567_D2_5x9,2336.473,1129.021,112.0
Human_Breast_He_06222020_ST_BC23567_D2_9x25,6988.061,2318.72,112.0
Human_Breast_He_06222020_ST_BC23567_D2_14x10,2628.661,3768.09,112.0
Human_Breast_He_06222020_ST_BC23567_D2_13x29,8163.044,3488.446,112.0
Human_Breast_He_06222020_ST_BC23567_D2_12x28,7871.1219999999985,3203.149000000001,112.0
Human_Breast_He_06222020_ST_BC23567_D2_9x20,5533.1,2315.511,112.0
Human_Breast_He_06222020_ST_BC23567_D2_9x23,6400.926,2314.949,112.0
Human_Breast_He_06222020_ST_BC23567_D2_9x22,6111.393,2312.601,112.0
Human_Breast_He_06222020_ST_BC23567_D2_12x24,6702.245,3210.429,112.0
Human_Breast_He_06222020_ST_BC23567_D2_13x22,6112.536,3491.393,112.0
Human_Breast_He_06222020_ST_BC23567_D2_13x21,5829.073,3485.292,112.0
Human_Breast_He_06222020_ST_BC23567_D2_13x20,5533.393,3485.159,112.0
Human_Breast_He_06222020_ST_BC23567_D2_12x22,6123.458000000001,3204.93,112.0
Human_Breast_He_06222020_ST_BC23567_D2_13x24,6697.590999999999,3487.058,112.0
Human_Breast_He_06222020_ST_BC23567_D2_14x25,7000.183000000001,3774.381,112.0
Human_Breast_He_06222020_ST_BC23567_D2_12x23,6415.0030000000015,3207.055,112.0
Human_Breast_He_06222020_ST_BC23567_D2_25x31,8740.483,6979.097,112.0
Human_Breast_He_06222020_ST_BC23567_D2_25x30,8447.398000000001,6972.656999999998,112.0
Human_Breast_He_06222020_ST_BC23567_D2_25x33,9327.952,6974.531999999998,112.0
Human_Breast_He_06222020_ST_BC23567_D2_25x32,9033.867,6976.129,112.0
Human_Breast_He_06222020_ST_BC23567_D2_10x22,6106.357,2586.484,112.0
Human_Breast_He_06222020_ST_BC23567_D2_11x28,7859.249,2881.368,112.0
Human_Breast_He_06222020_ST_BC23567_D2_11x24,6698.472,2886.2790000000005,112.0
Human_Breast_He_06222020_ST_BC23567_D2_11x27,7563.648,2880.717,112.0
Human_Breast_He_06222020_ST_BC23567_D2_11x21,5814.257,2883.258,112.0
Human_Breast_He_06222020_ST_BC23567_D2_11x23,6400.682,2878.954,112.0
Human_Breast_He_06222020_ST_BC23567_D2_11x22,6101.116999999998,2885.789,112.0
Human_Breast_He_06222020_ST_BC23567_D2_18x19,5232.193,4919.585,112.0
Human_Breast_He_06222020_ST_BC23567_D2_18x12,3205.976,4921.811,112.0
Human_Breast_He_06222020_ST_BC23567_D2_18x11,2908.775,4918.491,112.0
Human_Breast_He_06222020_ST_BC23567_D2_18x10,2616.963,4917.897,112.0
Human_Breast_He_06222020_ST_BC23567_D2_18x17,4654.429,4923.914000000002,112.0
Human_Breast_He_06222020_ST_BC23567_D2_18x14,3778.46,4910.402,112.0
Human_Breast_He_06222020_ST_BC23567_D2_27x32,9026.298,7541.145,112.0
Human_Breast_He_06222020_ST_BC23567_D2_27x31,8727.265,7538.969,112.0
Human_Breast_He_06222020_ST_BC23567_D2_27x30,8438.249,7543.251,112.0
Human_Breast_He_06222020_ST_BC23567_D2_18x9,2334.43,4918.794,112.0
Human_Breast_He_06222020_ST_BC23567_D2_6x11,2915.128,1416.195,112.0
Human_Breast_He_06222020_ST_BC23567_D2_6x9,2336.623,1418.815,112.0
Human_Breast_He_06222020_ST_BC23567_D2_6x8,2047.048,1419.905,112.0
Human_Breast_He_06222020_ST_BC23567_D2_31x22,6106.595,8719.339,112.0
Human_Breast_He_06222020_ST_BC23567_D2_6x15,4076.488,1416.366,112.0
Human_Breast_He_06222020_ST_BC23567_D2_17x24,6698.509,4622.085,112.0
Human_Breast_He_06222020_ST_BC23567_D2_9x7,1766.091,2318.695,112.0
Human_Breast_He_06222020_ST_BC23567_D2_9x5,1190.352,2309.631,112.0
Human_Breast_He_06222020_ST_BC23567_D2_29x30,8453.292,8124.0340000000015,112.0
Human_Breast_He_06222020_ST_BC23567_D2_19x32,9036.223,5215.269,112.0
Human_Breast_He_06222020_ST_BC23567_D2_3x12,3200.89,565.341,112.0
Human_Breast_He_06222020_ST_BC23567_D2_19x30,8443.803,5213.387,112.0
Human_Breast_He_06222020_ST_BC23567_D2_14x28,7865.36,3765.933,112.0
Human_Breast_He_06222020_ST_BC23567_D2_14x29,8161.47,3765.368,112.0
Human_Breast_He_06222020_ST_BC23567_D2_16x31,8740.712,4340.811,112.0
Human_Breast_He_06222020_ST_BC23567_D2_16x30,8446.628,4334.920999999999,112.0
Human_Breast_He_06222020_ST_BC23567_D2_23x26,7290.326,6416.286999999998,112.0
Human_Breast_He_06222020_ST_BC23567_D2_14x9,2334.807,3769.84,112.0
Human_Breast_He_06222020_ST_BC23567_D2_14x17,4654.351,3775.423,112.0
Human_Breast_He_06222020_ST_BC23567_D2_4x13,3489.85,864.8330000000002,112.0
Human_Breast_He_06222020_ST_BC23567_D2_4x12,3193.724,864.041,112.0
Human_Breast_He_06222020_ST_BC23567_D2_4x11,2909.673,860.6610000000002,112.0
Human_Breast_He_06222020_ST_BC23567_D2_4x10,2624.886,859.311,112.0
Human_Breast_He_06222020_ST_BC23567_D2_4x17,4654.509,865.44,112.0
Human_Breast_He_06222020_ST_BC23567_D2_4x16,4366.996,867.413,112.0
Human_Breast_He_06222020_ST_BC23567_D2_4x15,4076.146,863.8689999999998,112.0
Human_Breast_He_06222020_ST_BC23567_D2_4x14,3778.816,862.217,112.0
Human_Breast_He_06222020_ST_BC23567_D2_17x21,5827.236999999999,4617.420999999999,112.0
Human_Breast_He_06222020_ST_BC23567_D2_11x10,2613.583,2882.826,112.0
Human_Breast_He_06222020_ST_BC23567_D2_4x19,5237.673,855.666,112.0
Human_Breast_He_06222020_ST_BC23567_D2_4x18,4943.578,857.727,112.0
Human_Breast_He_06222020_ST_BC23567_D2_14x15,4069.961,3775.162,112.0
Human_Breast_He_06222020_ST_BC23567_D2_24x14,3780.883,6692.33,112.0
Human_Breast_He_06222020_ST_BC23567_D2_24x15,4067.417,6695.504,112.0
Human_Breast_He_06222020_ST_BC23567_D2_24x16,4362.335,6691.218000000002,112.0
Human_Breast_He_06222020_ST_BC23567_D2_16x7,1755.638,4334.731,112.0
Human_Breast_He_06222020_ST_BC23567_D2_24x13,3486.863,6691.597,112.0
Human_Breast_He_06222020_ST_BC23567_D2_16x9,2325.843,4333.47,112.0
Human_Breast_He_06222020_ST_BC23567_D2_16x8,2047.491,4334.558,112.0
Human_Breast_He_06222020_ST_BC23567_D2_3x18,4954.026,561.869,112.0
Human_Breast_He_06222020_ST_BC23567_D2_8x12,3202.851,2012.308,112.0
Human_Breast_He_06222020_ST_BC23567_D2_17x20,5536.036,4622.751,112.0
Human_Breast_He_06222020_ST_BC23567_D2_28x17,4646.148,7830.941999999999,112.0
Human_Breast_He_06222020_ST_BC23567_D2_28x18,4946.166,7831.416,112.0
Human_Breast_He_06222020_ST_BC23567_D2_28x19,5232.028,7828.384,112.0
Human_Breast_He_06222020_ST_BC23567_D2_14x27,7575.3809999999985,3761.724,112.0
Human_Breast_He_06222020_ST_BC23567_D2_22x12,3183.899000000001,6083.654,112.0
Human_Breast_He_06222020_ST_BC23567_D2_22x13,3483.05,6088.295,112.0
Human_Breast_He_06222020_ST_BC23567_D2_12x11,2919.243,3212.389,112.0
Human_Breast_He_06222020_ST_BC23567_D2_22x17,4643.452,6086.809,112.0
Human_Breast_He_06222020_ST_BC23567_D2_12x13,3495.736,3211.252,112.0
Human_Breast_He_06222020_ST_BC23567_D2_12x12,3201.472,3209.387,112.0
Human_Breast_He_06222020_ST_BC23567_D2_22x18,4937.54,6094.473000000001,112.0
Human_Breast_He_06222020_ST_BC23567_D2_22x19,5220.289000000002,6089.401,112.0
Human_Breast_He_06222020_ST_BC23567_D2_12x19,5244.109,3207.0370000000007,112.0
Human_Breast_He_06222020_ST_BC23567_D2_12x18,4950.2840000000015,3206.661,112.0
Human_Breast_He_06222020_ST_BC23567_D2_27x19,5224.215999999999,7542.339,112.0
Human_Breast_He_06222020_ST_BC23567_D2_9x18,4941.599,2308.694,112.0
Human_Breast_He_06222020_ST_BC23567_D2_9x19,5237.05,2317.14,112.0
Human_Breast_He_06222020_ST_BC23567_D2_9x14,3777.842,2317.332000000001,112.0
Human_Breast_He_06222020_ST_BC23567_D2_9x16,4356.362,2322.332000000001,112.0
Human_Breast_He_06222020_ST_BC23567_D2_9x17,4674.642,2302.754,112.0
Human_Breast_He_06222020_ST_BC23567_D2_9x10,2620.377,2311.827,112.0
Human_Breast_He_06222020_ST_BC23567_D2_9x12,3204.656,2325.536,112.0
Human_Breast_He_06222020_ST_BC23567_D2_9x13,3485.371,2314.271,112.0
Human_Breast_He_06222020_ST_BC23567_D2_23x29,8166.465,6410.252,112.0
Human_Breast_He_06222020_ST_BC23567_D2_5x16,4356.303,1123.504,112.0
Human_Breast_He_06222020_ST_BC23567_D2_8x18,4937.438,2005.864,112.0
Human_Breast_He_06222020_ST_BC23567_D2_13x26,7299.728,3476.888,112.0
Human_Breast_He_06222020_ST_BC23567_D2_9x15,4068.078,2318.6420000000007,112.0
Human_Breast_He_06222020_ST_BC23567_D2_15x18,4950.321,4066.642,112.0
Human_Breast_He_06222020_ST_BC23567_D2_15x19,5231.45,4063.109,112.0
Human_Breast_He_06222020_ST_BC23567_D2_28x27,7563.734,7825.638000000001,112.0
Human_Breast_He_06222020_ST_BC23567_D2_15x10,2615.945,4067.559,112.0
Human_Breast_He_06222020_ST_BC23567_D2_15x11,2912.241,4065.696,112.0
Human_Breast_He_06222020_ST_BC23567_D2_15x12,3194.802,4063.341,112.0
Human_Breast_He_06222020_ST_BC23567_D2_15x13,3491.551,4066.176,112.0
Human_Breast_He_06222020_ST_BC23567_D2_15x14,3775.296,4064.949,112.0
Human_Breast_He_06222020_ST_BC23567_D2_15x16,4356.029,4062.645,112.0
Human_Breast_He_06222020_ST_BC23567_D2_26x29,8154.538,7266.201,112.0
Human_Breast_He_06222020_ST_BC23567_D2_26x28,7862.02,7264.555,112.0
Human_Breast_He_06222020_ST_BC23567_D2_17x29,8156.46,4620.696,112.0
Human_Breast_He_06222020_ST_BC23567_D2_17x28,7863.258000000002,4622.314,112.0
Human_Breast_He_06222020_ST_BC23567_D2_26x23,6397.124,7266.467,112.0
Human_Breast_He_06222020_ST_BC23567_D2_26x22,6111.158,7272.199,112.0
Human_Breast_He_06222020_ST_BC23567_D2_17x25,6983.026999999999,4628.027,112.0
Human_Breast_He_06222020_ST_BC23567_D2_26x20,5523.482,7271.825,112.0
Human_Breast_He_06222020_ST_BC23567_D2_26x27,7566.357,7263.562,112.0
Human_Breast_He_06222020_ST_BC23567_D2_26x26,7263.201999999998,7266.501,112.0
Human_Breast_He_06222020_ST_BC23567_D2_26x25,6985.960999999998,7266.806,112.0
Human_Breast_He_06222020_ST_BC23567_D2_26x24,6692.684,7268.164000000002,112.0
Human_Breast_He_06222020_ST_BC23567_D2_31x23,6390.9540000000015,8726.04,112.0
Human_Breast_He_06222020_ST_BC23567_D2_12x15,4075.867,3212.442,112.0
Human_Breast_He_06222020_ST_BC23567_D2_31x21,5809.016,8723.435,112.0
Human_Breast_He_06222020_ST_BC23567_D2_31x20,5519.606,8722.405,112.0
Human_Breast_He_06222020_ST_BC23567_D2_31x27,7561.303000000001,8720.903,112.0
Human_Breast_He_06222020_ST_BC23567_D2_31x26,7274.807,8730.811,112.0
Human_Breast_He_06222020_ST_BC23567_D2_31x24,6689.792,8725.904,112.0
Human_Breast_He_06222020_ST_BC23567_D2_31x29,8154.354,8724.562,112.0
Human_Breast_He_06222020_ST_BC23567_D2_31x28,7856.847,8721.909,112.0
Human_Breast_He_06222020_ST_BC23567_D2_12x17,4664.087,3218.251,112.0
Human_Breast_He_06222020_ST_BC23567_D2_10x13,3486.018,2584.419,112.0
Human_Breast_He_06222020_ST_BC23567_D2_10x12,3194.1220000000008,2588.992,112.0
Human_Breast_He_06222020_ST_BC23567_D2_10x11,2899.734000000001,2587.579,112.0
Human_Breast_He_06222020_ST_BC23567_D2_10x10,2613.376,2584.993,112.0
Human_Breast_He_06222020_ST_BC23567_D2_10x17,4652.689,2585.045,112.0
Human_Breast_He_06222020_ST_BC23567_D2_10x16,4351.491,2583.808,112.0
Human_Breast_He_06222020_ST_BC23567_D2_10x15,4071.274,2587.181,112.0
Human_Breast_He_06222020_ST_BC23567_D2_10x14,3770.837,2584.953,112.0
Human_Breast_He_06222020_ST_BC23567_D2_22x16,4352.47,6090.606,112.0
Human_Breast_He_06222020_ST_BC23567_D2_10x19,5227.642,2589.396,112.0
Human_Breast_He_06222020_ST_BC23567_D2_10x18,4943.738,2585.868,112.0
Human_Breast_He_06222020_ST_BC23567_D2_12x10,2629.896,3208.664,112.0
Human_Breast_He_06222020_ST_BC23567_D2_30x24,6677.433000000001,8428.94,112.0
Human_Breast_He_06222020_ST_BC23567_D2_30x25,6976.311,8422.193000000001,112.0
Human_Breast_He_06222020_ST_BC23567_D2_30x26,7268.339,8419.426,112.0
Human_Breast_He_06222020_ST_BC23567_D2_30x27,7565.246,8416.322,112.0
Human_Breast_He_06222020_ST_BC23567_D2_30x20,5522.706999999999,8422.433,112.0
Human_Breast_He_06222020_ST_BC23567_D2_24x28,7869.357,6690.556,112.0
Human_Breast_He_06222020_ST_BC23567_D2_24x25,6992.425,6695.214,112.0
Human_Breast_He_06222020_ST_BC23567_D2_24x24,6700.874,6694.228,112.0
Human_Breast_He_06222020_ST_BC23567_D2_24x27,7569.4940000000015,6687.526,112.0
Human_Breast_He_06222020_ST_BC23567_D2_24x26,7285.467,6698.5340000000015,112.0
Human_Breast_He_06222020_ST_BC23567_D2_30x28,7852.27,8418.351,112.0
Human_Breast_He_06222020_ST_BC23567_D2_24x20,5534.139,6687.875,112.0
Human_Breast_He_06222020_ST_BC23567_D2_24x23,6399.245,6694.688,112.0
Human_Breast_He_06222020_ST_BC23567_D2_12x26,7283.973000000001,3209.672,112.0
Human_Breast_He_06222020_ST_BC23567_D2_7x6,1485.645,1718.23,112.0
Human_Breast_He_06222020_ST_BC23567_D2_7x7,1764.448,1715.083,112.0
Human_Breast_He_06222020_ST_BC23567_D2_7x8,2047.223,1715.517,112.0
Human_Breast_He_06222020_ST_BC23567_D2_7x9,2332.864,1717.265,112.0
Human_Breast_He_06222020_ST_BC23567_D2_10x21,5818.1590000000015,2585.933,112.0
Human_Breast_He_06222020_ST_BC23567_D2_8x7,1759.414,2005.168,112.0
Human_Breast_He_06222020_ST_BC23567_D2_8x6,1520.82,2016.59,112.0
Human_Breast_He_06222020_ST_BC23567_D2_8x5,1197.597,2007.414,112.0
Human_Breast_He_06222020_ST_BC23567_D2_8x9,2331.238,2009.458,112.0
Human_Breast_He_06222020_ST_BC23567_D2_8x8,2044.614,2008.116,112.0
Human_Breast_He_06222020_ST_BC23567_D2_12x20,5540.201,3207.27,112.0
Human_Breast_He_06222020_ST_BC23567_D2_12x14,3780.979,3213.133,112.0
Human_Breast_He_06222020_ST_BC23567_D2_9x24,6691.953,2316.878,112.0
Human_Breast_He_06222020_ST_BC23567_D2_25x26,7276.811,6983.632,112.0
Human_Breast_He_06222020_ST_BC23567_D2_25x27,7569.364,6973.215999999999,112.0
Human_Breast_He_06222020_ST_BC23567_D2_25x24,6698.142,6975.085,112.0
Human_Breast_He_06222020_ST_BC23567_D2_25x25,6988.588000000002,6979.258000000002,112.0
Human_Breast_He_06222020_ST_BC23567_D2_25x22,6112.024,6975.145,112.0
Human_Breast_He_06222020_ST_BC23567_D2_25x23,6402.946999999999,6976.614000000001,112.0
Human_Breast_He_06222020_ST_BC23567_D2_25x20,5525.583000000001,6975.001,112.0
Human_Breast_He_06222020_ST_BC23567_D2_25x21,5826.669,6978.274,112.0
Human_Breast_He_06222020_ST_BC23567_D2_9x21,5823.655,2303.456,112.0
Human_Breast_He_06222020_ST_BC23567_D2_32x21,5807.51,8999.626,112.0
Human_Breast_He_06222020_ST_BC23567_D2_14x8,2044.581,3770.117,112.0
Human_Breast_He_06222020_ST_BC23567_D2_25x29,8155.49,6974.746999999999,112.0
Human_Breast_He_06222020_ST_BC23567_D2_16x28,7862.669,4334.572,112.0
Human_Breast_He_06222020_ST_BC23567_D2_3x13,3494.289,553.471,112.0
Human_Breast_He_06222020_ST_BC23567_D2_3x11,2916.233,563.04,112.0
Human_Breast_He_06222020_ST_BC23567_D2_3x16,4372.344,566.765,112.0
Human_Breast_He_06222020_ST_BC23567_D2_3x17,4661.927,567.1619999999998,112.0
Human_Breast_He_06222020_ST_BC23567_D2_3x14,3784.78,561.336,112.0
Human_Breast_He_06222020_ST_BC23567_D2_3x15,4081.975,563.987,112.0
Human_Breast_He_06222020_ST_BC23567_D2_14x22,6120.549,3759.689,112.0
Human_Breast_He_06222020_ST_BC23567_D2_3x19,5239.511,563.35,112.0
Human_Breast_He_06222020_ST_BC23567_D2_14x26,7270.314,3764.738,112.0
Human_Breast_He_06222020_ST_BC23567_D2_14x24,6694.61,3771.797,112.0
Human_Breast_He_06222020_ST_BC23567_D2_28x29,8153.254,7829.224,112.0
Human_Breast_He_06222020_ST_BC23567_D2_13x23,6405.669,3490.981,112.0
Human_Breast_He_06222020_ST_BC23567_D2_12x25,6993.076,3213.268,112.0
Human_Breast_He_06222020_ST_BC23567_D2_28x21,5818.590999999999,7830.558000000001,112.0
Human_Breast_He_06222020_ST_BC23567_D2_28x20,5525.346,7826.616999999998,112.0
Human_Breast_He_06222020_ST_BC23567_D2_28x23,6393.052,7830.024,112.0
Human_Breast_He_06222020_ST_BC23567_D2_28x22,6109.22,7830.238,112.0
Human_Breast_He_06222020_ST_BC23567_D2_28x25,6978.969,7829.031999999998,112.0
Human_Breast_He_06222020_ST_BC23567_D2_28x24,6690.019,7827.017,112.0
Human_Breast_He_06222020_ST_BC23567_D2_28x26,7288.052,7827.583,112.0
Human_Breast_He_06222020_ST_BC23567_D2_12x27,7581.945,3202.942,112.0
Human_Breast_He_06222020_ST_BC23567_D2_13x27,7578.183000000001,3482.77,112.0
Human_Breast_He_06222020_ST_BC23567_D2_12x21,5827.094,3208.237,112.0
Human_Breast_He_06222020_ST_BC23567_D2_13x25,6997.170999999999,3489.713,112.0
Human_Breast_He_06222020_ST_BC23567_D2_32x28,7848.645,8994.02,112.0
Human_Breast_He_06222020_ST_BC23567_D2_32x29,8148.146,8997.154,112.0
Human_Breast_He_06222020_ST_BC23567_D2_32x26,7263.571999999999,8997.274,112.0
Human_Breast_He_06222020_ST_BC23567_D2_32x27,7548.05,8994.063,112.0
Human_Breast_He_06222020_ST_BC23567_D2_32x24,6690.467,8998.386999999999,112.0
Human_Breast_He_06222020_ST_BC23567_D2_32x25,6978.193,8998.359,112.0
Human_Breast_He_06222020_ST_BC23567_D2_32x23,6385.965999999999,8993.341999999999,112.0
Human_Breast_He_06222020_ST_BC23567_D2_32x20,5514.241999999998,8988.289,112.0
Human_Breast_He_06222020_ST_BC23567_D2_14x19,5238.495,3768.936,112.0
Human_Breast_He_06222020_ST_BC23567_D2_29x19,5233.321,8126.8319999999985,112.0
Human_Breast_He_06222020_ST_BC23567_D2_26x21,5815.495,7267.905,112.0
Human_Breast_He_06222020_ST_BC23567_D2_9x26,7275.776999999999,2317.052,112.0
Human_Breast_He_06222020_ST_BC23567_D2_27x28,7856.908,7537.153,112.0
Human_Breast_He_06222020_ST_BC23567_D2_27x29,8150.076999999998,7536.904,112.0
Human_Breast_He_06222020_ST_BC23567_D2_27x24,6695.536,7546.772,112.0
Human_Breast_He_06222020_ST_BC23567_D2_27x25,6980.772,7543.164000000002,112.0
Human_Breast_He_06222020_ST_BC23567_D2_27x26,7269.517,7545.338000000002,112.0
Human_Breast_He_06222020_ST_BC23567_D2_27x27,7562.788,7541.118,112.0
Human_Breast_He_06222020_ST_BC23567_D2_27x20,5515.397,7538.908,112.0
Human_Breast_He_06222020_ST_BC23567_D2_27x21,5812.099,7539.260999999998,112.0
Human_Breast_He_06222020_ST_BC23567_D2_27x22,6106.769,7540.59,112.0
Human_Breast_He_06222020_ST_BC23567_D2_27x23,6387.405,7541.856,112.0
Human_Breast_He_06222020_ST_BC23567_D2_14x18,4956.5790000000015,3766.19,112.0
Human_Breast_He_06222020_ST_BC23567_D2_15x21,5821.615,4060.246,112.0
Human_Breast_He_06222020_ST_BC23567_D2_15x20,5530.057,4063.571,112.0
Human_Breast_He_06222020_ST_BC23567_D2_15x23,6398.2440000000015,4060.282,112.0
Human_Breast_He_06222020_ST_BC23567_D2_15x22,6121.377,4070.273,112.0
Human_Breast_He_06222020_ST_BC23567_D2_15x25,6989.176,4061.585,112.0
Human_Breast_He_06222020_ST_BC23567_D2_15x24,6688.167,4064.731,112.0
Human_Breast_He_06222020_ST_BC23567_D2_15x27,7574.814,4058.871,112.0
Human_Breast_He_06222020_ST_BC23567_D2_15x26,7280.29,4068.982,112.0
Human_Breast_He_06222020_ST_BC23567_D2_15x28,7865.729,4059.429,112.0
Human_Breast_He_06222020_ST_BC23567_D2_21x31,8737.204,5793.98,112.0
Human_Breast_He_06222020_ST_BC23567_D2_21x30,8437.914,5790.555,112.0
Human_Breast_He_06222020_ST_BC23567_D2_21x33,9317.751,5795.06,112.0
Human_Breast_He_06222020_ST_BC23567_D2_21x32,9023.579,5793.83,112.0
Human_Breast_He_06222020_ST_BC23567_D2_29x22,6104.843000000002,8129.27,112.0
Human_Breast_He_06222020_ST_BC23567_D2_29x23,6400.323,8126.28,112.0
Human_Breast_He_06222020_ST_BC23567_D2_29x20,5529.962,8128.104,112.0
Human_Breast_He_06222020_ST_BC23567_D2_29x21,5815.823,8127.663,112.0
Human_Breast_He_06222020_ST_BC23567_D2_29x26,7279.448,8128.824,112.0
Human_Breast_He_06222020_ST_BC23567_D2_29x27,7566.7,8122.258000000002,112.0
Human_Breast_He_06222020_ST_BC23567_D2_29x24,6692.184,8129.026999999999,112.0
Human_Breast_He_06222020_ST_BC23567_D2_29x25,6984.595,8132.151999999999,112.0
Human_Breast_He_06222020_ST_BC23567_D2_13x4,906.374,3486.284,112.0
Human_Breast_He_06222020_ST_BC23567_D2_13x5,1191.114,3483.117,112.0
Human_Breast_He_06222020_ST_BC23567_D2_13x6,1487.895,3489.293,112.0
Human_Breast_He_06222020_ST_BC23567_D2_29x29,8153.606,8123.273,112.0
Human_Breast_He_06222020_ST_BC23567_D2_17x19,5237.115,4623.529,112.0
Human_Breast_He_06222020_ST_BC23567_D2_16x20,5529.563,4334.840999999999,112.0
Human_Breast_He_06222020_ST_BC23567_D2_16x21,5811.991,4337.463,112.0
Human_Breast_He_06222020_ST_BC23567_D2_16x22,6146.456,4337.795,112.0
Human_Breast_He_06222020_ST_BC23567_D2_16x23,6398.2840000000015,4335.706,112.0
Human_Breast_He_06222020_ST_BC23567_D2_30x19,5227.817,8423.026,112.0
Human_Breast_He_06222020_ST_BC23567_D2_30x18,4938.867,8420.955,112.0
Human_Breast_He_06222020_ST_BC23567_D2_16x26,7274.56,4338.475,112.0
Human_Breast_He_06222020_ST_BC23567_D2_16x27,7568.113,4332.166,112.0
Human_Breast_He_06222020_ST_BC23567_D2_16x29,8150.241,4337.192,112.0
Human_Breast_He_06222020_ST_BC23567_D2_23x32,9037.001,6401.017,112.0
Human_Breast_He_06222020_ST_BC23567_D2_19x27,7573.47,5213.763,112.0
Human_Breast_He_06222020_ST_BC23567_D2_20x18,4949.865,5520.246,112.0
Human_Breast_He_06222020_ST_BC23567_D2_20x19,5230.076,5522.396,112.0
Human_Breast_He_06222020_ST_BC23567_D2_20x10,2615.803,5517.104,112.0
Human_Breast_He_06222020_ST_BC23567_D2_20x11,2905.702,5524.371999999999,112.0
Human_Breast_He_06222020_ST_BC23567_D2_20x12,3188.715,5520.038000000001,112.0
Human_Breast_He_06222020_ST_BC23567_D2_20x13,3483.484000000001,5521.44,112.0
Human_Breast_He_06222020_ST_BC23567_D2_20x14,3765.859,5521.609,112.0
Human_Breast_He_06222020_ST_BC23567_D2_20x15,4066.897,5524.34,112.0
Human_Breast_He_06222020_ST_BC23567_D2_20x16,4356.765,5527.376,112.0
Human_Breast_He_06222020_ST_BC23567_D2_20x17,4650.528,5523.815,112.0
Human_Breast_He_06222020_ST_BC23567_D2_22x29,8139.794,6086.575,112.0
Human_Breast_He_06222020_ST_BC23567_D2_22x28,7852.875,6092.108,112.0
Human_Breast_He_06222020_ST_BC23567_D2_22x27,7559.9969999999985,6089.064,112.0
Human_Breast_He_06222020_ST_BC23567_D2_22x26,7275.305,6081.345,112.0
Human_Breast_He_06222020_ST_BC23567_D2_22x25,6976.11,6084.292,112.0
Human_Breast_He_06222020_ST_BC23567_D2_22x24,6685.37,6089.502,112.0
Human_Breast_He_06222020_ST_BC23567_D2_22x23,6392.449000000001,6085.710999999998,112.0
Human_Breast_He_06222020_ST_BC23567_D2_22x22,6096.886,6092.615,112.0
Human_Breast_He_06222020_ST_BC23567_D2_22x21,5810.062,6081.397,112.0
Human_Breast_He_06222020_ST_BC23567_D2_22x20,5528.693,6083.551,112.0
Human_Breast_He_06222020_ST_BC23567_D2_19x28,7864.419,5213.703,112.0
Human_Breast_He_06222020_ST_BC23567_D2_11x25,6982.488,2873.08,112.0
Human_Breast_He_06222020_ST_BC23567_D2_20x31,8746.524,5525.376,112.0
Human_Breast_He_06222020_ST_BC23567_D2_14x30,8450.429,3767.765,112.0
Human_Breast_He_06222020_ST_BC23567_D2_6x19,5243.108,1421.244,112.0
Human_Breast_He_06222020_ST_BC23567_D2_6x18,4954.1,1420.443,112.0
Human_Breast_He_06222020_ST_BC23567_D2_9x8,2058.097,2314.5660000000007,112.0
Human_Breast_He_06222020_ST_BC23567_D2_9x9,2326.558,2314.432,112.0
Human_Breast_He_06222020_ST_BC23567_D2_6x10,2628.321,1420.276,112.0
Human_Breast_He_06222020_ST_BC23567_D2_6x13,3493.8520000000008,1417.402,112.0
Human_Breast_He_06222020_ST_BC23567_D2_6x12,3204.791,1416.1629999999998,112.0
Human_Breast_He_06222020_ST_BC23567_D2_9x6,1486.5479999999998,2310.408,112.0
Human_Breast_He_06222020_ST_BC23567_D2_6x14,3783.444,1421.386,112.0
Human_Breast_He_06222020_ST_BC23567_D2_9x4,900.4639999999998,2315.759,112.0
Human_Breast_He_06222020_ST_BC23567_D2_6x16,4365.48,1420.245,112.0
Human_Breast_He_06222020_ST_BC23567_D2_15x29,8155.196,4059.952,112.0
Human_Breast_He_06222020_ST_BC23567_D2_23x33,9334.019,6409.908,112.0
Human_Breast_He_06222020_ST_BC23567_D2_23x31,8748.699,6405.531,112.0
Human_Breast_He_06222020_ST_BC23567_D2_23x30,8455.782,6416.559,112.0
Human_Breast_He_06222020_ST_BC23567_D2_5x20,5532.335999999998,1132.329,112.0
Human_Breast_He_06222020_ST_BC23567_D2_15x9,2334.101,4061.534,112.0
Human_Breast_He_06222020_ST_BC23567_D2_15x6,1483.17,4061.545,112.0
Human_Breast_He_06222020_ST_BC23567_D2_15x7,1762.6529999999998,4065.099,112.0
Human_Breast_He_06222020_ST_BC23567_D2_14x20,5531.846,3767.889,112.0
Human_Breast_He_06222020_ST_BC23567_D2_18x31,8741.325,4919.051,112.0
Human_Breast_He_06222020_ST_BC23567_D2_18x30,8447.787,4918.539000000002,112.0
Human_Breast_He_06222020_ST_BC23567_D2_18x32,9038.984,4922.623,112.0
Human_Breast_He_06222020_ST_BC23567_D2_26x30,8439.543,7265.172,112.0
Human_Breast_He_06222020_ST_BC23567_D2_26x31,8732.402,7268.443,112.0
Human_Breast_He_06222020_ST_BC23567_D2_26x32,9031.522,7268.597,112.0
Human_Breast_He_06222020_ST_BC23567_D2_26x33,9324.873,7268.531999999998,112.0
Human_Breast_He_06222020_ST_BC23567_D2_27x17,4640.754,7547.632,112.0
Human_Breast_He_06222020_ST_BC23567_D2_27x16,4351.611,7547.7530000000015,112.0
Human_Breast_He_06222020_ST_BC23567_D2_17x30,8452.052,4629.011,112.0
Human_Breast_He_06222020_ST_BC23567_D2_17x31,8740.847,4623.442,112.0
Human_Breast_He_06222020_ST_BC23567_D2_27x18,4949.31,7540.723000000001,112.0
Human_Breast_He_06222020_ST_BC23567_D2_11x26,7278.234,2883.377,112.0
Human_Breast_He_06222020_ST_BC23567_D2_31x30,8435.832,8729.529,112.0
Human_Breast_He_06222020_ST_BC23567_D2_24x32,9024.701,6694.861,112.0
Human_Breast_He_06222020_ST_BC23567_D2_24x33,9324.963,6696.76,112.0
Human_Breast_He_06222020_ST_BC23567_D2_24x30,8452.492,6691.639,112.0
Human_Breast_He_06222020_ST_BC23567_D2_24x31,8741.894,6694.146,112.0
Human_Breast_He_06222020_ST_BC23567_D2_19x18,4948.98,5216.833,112.0
Human_Breast_He_06222020_ST_BC23567_D2_19x19,5233.715999999999,5216.245,112.0
Human_Breast_He_06222020_ST_BC23567_D2_19x14,3776.908,5216.852,112.0
Human_Breast_He_06222020_ST_BC23567_D2_19x15,4076.265,5217.985,112.0
Human_Breast_He_06222020_ST_BC23567_D2_19x16,4359.519,5216.059,112.0
Human_Breast_He_06222020_ST_BC23567_D2_19x17,4648.465999999999,5218.814,112.0
Human_Breast_He_06222020_ST_BC23567_D2_19x10,2612.281,5220.248,112.0
Human_Breast_He_06222020_ST_BC23567_D2_19x11,2903.9970000000008,5217.827,112.0
Human_Breast_He_06222020_ST_BC23567_D2_19x12,3193.769,5217.162,112.0
Human_Breast_He_06222020_ST_BC23567_D2_19x13,3479.43,5216.294,112.0
Human_Breast_He_06222020_ST_BC23567_D2_8x20,5533.288000000001,2009.562,112.0
Human_Breast_He_06222020_ST_BC23567_D2_15x15,4073.948,4064.806,112.0
Human_Breast_He_06222020_ST_BC23567_D2_15x17,4655.985,4064.01,112.0
Human_Breast_He_06222020_ST_BC23567_D2_8x21,5823.854,2009.211,112.0
Human_Breast_He_06222020_ST_BC23567_D2_20x25,6982.375,5524.15,112.0
Human_Breast_He_06222020_ST_BC23567_D2_18x15,4052.155,4913.507000000001,112.0
Human_Breast_He_06222020_ST_BC23567_D2_16x19,5231.724,4337.214,112.0
Human_Breast_He_06222020_ST_BC23567_D2_16x18,4942.735,4337.605,112.0
Human_Breast_He_06222020_ST_BC23567_D2_16x11,2905.992,4339.863,112.0
Human_Breast_He_06222020_ST_BC23567_D2_16x10,2615.604,4333.128,112.0
Human_Breast_He_06222020_ST_BC23567_D2_16x13,3486.619,4340.127,112.0
Human_Breast_He_06222020_ST_BC23567_D2_16x12,3196.187,4335.294,112.0
Human_Breast_He_06222020_ST_BC23567_D2_16x15,4066.42,4339.82,112.0
Human_Breast_He_06222020_ST_BC23567_D2_16x14,3773.261,4341.298,112.0
Human_Breast_He_06222020_ST_BC23567_D2_16x17,4649.84,4339.199000000001,112.0
Human_Breast_He_06222020_ST_BC23567_D2_16x16,4354.433,4342.5340000000015,112.0
Human_Breast_He_06222020_ST_BC23567_D2_20x21,5815.174,5521.755999999999,112.0
Human_Breast_He_06222020_ST_BC23567_D2_20x20,5525.01,5518.212,112.0
Human_Breast_He_06222020_ST_BC23567_D2_20x23,6393.601,5528.176,112.0
Human_Breast_He_06222020_ST_BC23567_D2_20x22,6105.246,5523.413000000001,112.0
Human_Breast_He_06222020_ST_BC23567_D2_25x17,4653.608,6979.564,112.0
Human_Breast_He_06222020_ST_BC23567_D2_20x24,6689.399,5518.451999999998,112.0
Human_Breast_He_06222020_ST_BC23567_D2_20x27,7580.844,5522.922,112.0
Human_Breast_He_06222020_ST_BC23567_D2_20x26,7273.035,5524.305,112.0
Human_Breast_He_06222020_ST_BC23567_D2_20x29,8154.55,5524.614000000001,112.0
Human_Breast_He_06222020_ST_BC23567_D2_20x28,7860.981,5517.767,112.0
Human_Breast_He_06222020_ST_BC23567_D2_25x19,5238.359,6973.88,112.0
Human_Breast_He_06222020_ST_BC23567_D2_25x18,4956.441,6976.4180000000015,112.0
Human_Breast_He_06222020_ST_BC23567_D2_17x8,2052.916,4621.34,112.0
Human_Breast_He_06222020_ST_BC23567_D2_17x9,2336.257,4623.48,112.0
Human_Breast_He_06222020_ST_BC23567_D2_11x20,5524.224,2872.513,112.0
Human_Breast_He_06222020_ST_BC23567_D2_18x13,3486.06,4921.25,112.0
Human_Breast_He_06222020_ST_BC23567_D2_28x30,8450.485,7827.748,112.0
Human_Breast_He_06222020_ST_BC23567_D2_5x18,4947.635,1129.145,112.0
Human_Breast_He_06222020_ST_BC23567_D2_8x24,6702.206999999999,2008.818,112.0
Human_Breast_He_06222020_ST_BC23567_D2_18x16,4363.133,4921.93,112.0
Human_Breast_He_06222020_ST_BC23567_D2_5x19,5235.815,1131.6660000000004,112.0
Human_Breast_He_06222020_ST_BC23567_D2_6x20,5536.712,1414.604,112.0
Human_Breast_He_06222020_ST_BC23567_D2_6x21,5823.563,1411.594,112.0
Human_Breast_He_06222020_ST_BC23567_D2_12x8,2050.67,3203.763,112.0
Human_Breast_He_06222020_ST_BC23567_D2_22x30,8446.28,6088.292,112.0
Human_Breast_He_06222020_ST_BC23567_D2_17x26,7284.682,4617.854,112.0
Human_Breast_He_06222020_ST_BC23567_D2_22x32,9026.924,6094.286,112.0
Human_Breast_He_06222020_ST_BC23567_D2_13x15,4074.013,3486.993,112.0
Human_Breast_He_06222020_ST_BC23567_D2_9x11,2902.5959999999995,2312.968,112.0
Human_Breast_He_06222020_ST_BC23567_D2_17x23,6409.845,4624.995,112.0
Human_Breast_He_06222020_ST_BC23567_D2_17x22,6114.024,4619.622,112.0
Human_Breast_He_06222020_ST_BC23567_D2_8x17,4654.104,2015.127,112.0
Human_Breast_He_06222020_ST_BC23567_D2_14x16,4361.18,3768.967,112.0
Human_Breast_He_06222020_ST_BC23567_D2_8x15,4068.297,2011.631,112.0
Human_Breast_He_06222020_ST_BC23567_D2_14x14,3784.127,3757.365,112.0
Human_Breast_He_06222020_ST_BC23567_D2_14x13,3493.45,3746.998,112.0
Human_Breast_He_06222020_ST_BC23567_D2_14x12,3193.088,3766.854,112.0
Human_Breast_He_06222020_ST_BC23567_D2_14x11,2916.832000000001,3762.201,112.0
Human_Breast_He_06222020_ST_BC23567_D2_8x10,2617.755,2002.023,112.0
Human_Breast_He_06222020_ST_BC23567_D2_5x10,2621.295,1135.884,112.0
Human_Breast_He_06222020_ST_BC23567_D2_13x8,2049.192,3484.416,112.0
Human_Breast_He_06222020_ST_BC23567_D2_5x12,3196.666,1131.2089999999996,112.0
Human_Breast_He_06222020_ST_BC23567_D2_5x13,3489.785,1145.444,112.0
Human_Breast_He_06222020_ST_BC23567_D2_5x14,3784.832,1134.969,112.0
Human_Breast_He_06222020_ST_BC23567_D2_5x15,4068.781,1134.83,112.0
Human_Breast_He_06222020_ST_BC23567_D2_8x19,5237.138,2008.78,112.0
Human_Breast_He_06222020_ST_BC23567_D2_5x17,4656.56,1138.099,112.0
Human_Breast_He_06222020_ST_BC23567_D2_21x28,7853.564,5785.781999999998,112.0
Human_Breast_He_06222020_ST_BC23567_D2_21x29,8148.642,5789.805,112.0
Human_Breast_He_06222020_ST_BC23567_D2_21x22,6098.248000000001,5790.279,112.0
Human_Breast_He_06222020_ST_BC23567_D2_21x23,6386.551,5796.752,112.0
Human_Breast_He_06222020_ST_BC23567_D2_21x20,5518.971,5791.344,112.0
Human_Breast_He_06222020_ST_BC23567_D2_21x21,5802.215,5785.670999999999,112.0
Human_Breast_He_06222020_ST_BC23567_D2_21x26,7288.93,5795.986,112.0
Human_Breast_He_06222020_ST_BC23567_D2_21x27,7564.2040000000015,5789.691999999999,112.0
Human_Breast_He_06222020_ST_BC23567_D2_21x24,6677.363,5792.598000000001,112.0
Human_Breast_He_06222020_ST_BC23567_D2_21x25,6975.5340000000015,5795.848000000001,112.0
Human_Breast_He_06222020_ST_BC23567_D2_15x30,8453.219000000001,4054.783,112.0
Human_Breast_He_06222020_ST_BC23567_D2_29x28,7865.265,8120.725,112.0
Human_Breast_He_06222020_ST_BC23567_D2_13x7,1770.392,3483.505,112.0
Human_Breast_He_06222020_ST_BC23567_D2_31x25,6979.94,8723.643,112.0
Human_Breast_He_06222020_ST_BC23567_D2_25x28,7865.188,6973.265,112.0
Human_Breast_He_06222020_ST_BC23567_D2_29x17,4646.934,8138.3780000000015,112.0
Human_Breast_He_06222020_ST_BC23567_D2_24x18,4946.4940000000015,6687.0340000000015,112.0
Human_Breast_He_06222020_ST_BC23567_D2_19x25,6984.688,5217.472,112.0
Human_Breast_He_06222020_ST_BC23567_D2_19x26,7277.319,5220.358,112.0
Human_Breast_He_06222020_ST_BC23567_D2_19x21,5818.781,5214.739000000001,112.0
Human_Breast_He_06222020_ST_BC23567_D2_19x20,5527.427,5214.92,112.0
Human_Breast_He_06222020_ST_BC23567_D2_19x23,6402.1680000000015,5210.531,112.0
Human_Breast_He_06222020_ST_BC23567_D2_19x22,6112.654,5214.502,112.0
Human_Breast_He_06222020_ST_BC23567_D2_24x17,4657.471,6697.802,112.0
Human_Breast_He_06222020_ST_BC23567_D2_7x21,5822.052,1716.178,112.0
Human_Breast_He_06222020_ST_BC23567_D2_7x20,5536.764,1716.771,112.0
Human_Breast_He_06222020_ST_BC23567_D2_19x29,8159.294,5215.168,112.0
Human_Breast_He_06222020_ST_BC23567_D2_10x7,1754.7779999999998,2583.658,112.0
Human_Breast_He_06222020_ST_BC23567_D2_10x6,1480.918,2586.527,112.0
Human_Breast_He_06222020_ST_BC23567_D2_10x5,1181.976,2585.031,112.0
Human_Breast_He_06222020_ST_BC23567_D2_10x4,892.865,2586.544,112.0
Human_Breast_He_06222020_ST_BC23567_D2_10x3,593.396,2584.573,112.0
Human_Breast_He_06222020_ST_BC23567_D2_10x9,2320.803,2583.502,112.0
Human_Breast_He_06222020_ST_BC23567_D2_10x8,2039.53,2585.514,112.0
Human_Breast_He_06222020_ST_BC23567_D2_13x18,4953.712,3486.639,112.0
Human_Breast_He_06222020_ST_BC23567_D2_13x19,5237.458,3487.679,112.0
Human_Breast_He_06222020_ST_BC23567_D2_13x16,4365.324000000001,3492.523,112.0
Human_Breast_He_06222020_ST_BC23567_D2_22x31,8729.785,6097.093000000002,112.0
Human_Breast_He_06222020_ST_BC23567_D2_13x14,3777.953,3489.848,112.0
Human_Breast_He_06222020_ST_BC23567_D2_22x33,9314.717,6086.8,112.0
Human_Breast_He_06222020_ST_BC23567_D2_13x12,3196.467,3493.28,112.0
Human_Breast_He_06222020_ST_BC23567_D2_13x13,3490.861,3493.408,112.0
Human_Breast_He_06222020_ST_BC23567_D2_13x10,2624.647,3487.521,112.0
Human_Breast_He_06222020_ST_BC23567_D2_13x11,2914.54,3489.613,112.0
Human_Breast_He_06222020_ST_BC23567_D2_5x11,2908.8190000000004,1131.098,112.0
Human_Breast_He_06222020_ST_BC23567_D2_16x24,6690.130999999999,4336.957,112.0
Human_Breast_He_06222020_ST_BC23567_D2_17x27,7573.749,4620.552,112.0
Human_Breast_He_06222020_ST_BC23567_D2_16x25,6978.3780000000015,4339.59,112.0
