"","Endothelial","CAFs","PVL","B-cells","T-cells","Myeloid","Normal Epithelial","Plasmablasts","Cancer Epithelial","sid"
"Human_Breast_He_06222020_ST_BC23450_E2_23x20",0.0491715167169567,0.0985177401811862,0.0293759055076697,0.0402041605056312,0.00623150385144589,0.183954987112281,0.061902264685021,0.184705300614425,0.345936620825383,"Human_Breast_He_06222020_ST_BC23450_E2"
"Human_Breast_He_06222020_ST_BC23450_E2_23x21",0.0324806330894731,0.0670396158742313,0.107663886346886,0.0294231959308788,0.00717104443221627,0.201677807700692,0.0321616117074653,0.256053903183802,0.266328301734356,"Human_Breast_He_06222020_ST_BC23450_E2"
"Human_Breast_He_06222020_ST_BC23450_E2_23x22",0.0254241616111604,0.0652951069047636,0.0421495620270078,0.0555724021819072,0.00721723291532337,0.118250610162165,0.0530299553767821,0.299941932442674,0.333119036378216,"Human_Breast_He_06222020_ST_BC23450_E2"
"Human_Breast_He_06222020_ST_BC23450_E2_23x23",0.0222787061175864,0.0969982280418395,0.0116774503167471,0.127805072929859,0.0115875407690055,0.205497688615191,0.0374743984766739,0.15596613274944,0.330714781983657,"Human_Breast_He_06222020_ST_BC23450_E2"
"Human_Breast_He_06222020_ST_BC23450_E2_20x21",0.0266187248078765,0.0644198070985081,0.0226956374760183,0.00351965996782156,0.00422355941289045,0.0906526451354639,0.033876740487818,0.424158090007856,0.329835135605747,"Human_Breast_He_06222020_ST_BC23450_E2"
"Human_Breast_He_06222020_ST_BC23450_E2_8x25",0.0499164565054005,0.0743149110294254,0.018661048745982,0.0738701408589505,0.00855085042187907,0.0600482008681317,0.0494238540170246,0.392811135469148,0.272403402084058,"Human_Breast_He_06222020_ST_BC23450_E2"
"Human_Breast_He_06222020_ST_BC23450_E2_11x8",0.0446557434505675,0.0575481336034296,0.0370806556380269,0.0478530843282625,0.00876873118377835,0.136752993902047,0.0536040076915499,0.271454015397707,0.342282634804632,"Human_Breast_He_06222020_ST_BC23450_E2"
"Human_Breast_He_06222020_ST_BC23450_E2_11x9",0.0518866690857981,0.0827695474377531,0.140677965788774,0.00876379771896555,0.00206412913924711,0.0875707453934205,0.051089571675032,0.192187678232563,0.382989895528447,"Human_Breast_He_06222020_ST_BC23450_E2"
"Human_Breast_He_06222020_ST_BC23450_E2_18x28",0.0284846594417432,0.101903954315988,0.0573004540777634,0.245578399209392,0.0450672431251298,0.103775523474928,0.0635819076594013,0.142681011393552,0.211626847302102,"Human_Breast_He_06222020_ST_BC23450_E2"
"Human_Breast_He_06222020_ST_BC23450_E2_18x29",0.099680028510277,0.076444816863867,0.0561891829715879,0.19511117608654,0.0241851210420464,0.0388682211965354,0.0398222863897908,0.0947192230420817,0.374979943897273,"Human_Breast_He_06222020_ST_BC23450_E2"
"Human_Breast_He_06222020_ST_BC23450_E2_18x26",0.0444479641624991,0.105070523592112,0.0392019729053024,0.000909118781107073,0.000725143410641472,0.0188009868634334,0.0303370890235871,0.521919229855097,0.238587971406221,"Human_Breast_He_06222020_ST_BC23450_E2"
"Human_Breast_He_06222020_ST_BC23450_E2_25x17",0.0166107610041889,0.00226295498849503,0.00481209645263718,0.332039401598276,0.0321507592658012,0.0145866254759681,0.0618088615711393,0.150582990563014,0.385145549080481,"Human_Breast_He_06222020_ST_BC23450_E2"
"Human_Breast_He_06222020_ST_BC23450_E2_18x24",0.0134879754276913,0.0353370813138409,0.0125417244788746,0.00682075197008897,0.00279538848229749,0.0438024702914826,0.057364208446627,0.49662088431396,0.331229515275137,"Human_Breast_He_06222020_ST_BC23450_E2"
"Human_Breast_He_06222020_ST_BC23450_E2_18x25",0.0473235747271533,0.0468142248301969,0.0342439094643222,0.0335562881244086,0.0035973956961026,0.0952074106876765,0.107769898496469,0.3441006869657,0.287386611007971,"Human_Breast_He_06222020_ST_BC23450_E2"
"Human_Breast_He_06222020_ST_BC23450_E2_18x22",0.024547507874966,0.0629052465667099,0.00910542679601044,0.0140684557026465,0.00751823387118066,0.0451672765253662,0.054935198708604,0.376251763697674,0.405500890256842,"Human_Breast_He_06222020_ST_BC23450_E2"
"Human_Breast_He_06222020_ST_BC23450_E2_18x23",0.0090428013327272,0.116442989923503,0.00302643081706744,0.0107193106563998,0.00563653653373226,0.0480350720343169,0.183836799750533,0.186841516779654,0.436418542172067,"Human_Breast_He_06222020_ST_BC23450_E2"
"Human_Breast_He_06222020_ST_BC23450_E2_18x20",0.0493733002444552,0.0600882548799895,0.0720109884940753,0.00990147660998765,0.00391306713815865,0.0510296854162102,0.0517749859526851,0.372222970432314,0.329685270832124,"Human_Breast_He_06222020_ST_BC23450_E2"
"Human_Breast_He_06222020_ST_BC23450_E2_25x16",0.031071858084609,0.0764132838775818,0.0236441963004453,0.00590477042015095,0.00151899900795233,0.0994225686937502,0.087338371184046,0.421641708230253,0.253044244201211,"Human_Breast_He_06222020_ST_BC23450_E2"
"Human_Breast_He_06222020_ST_BC23450_E2_20x27",0.0546006698002725,0.0616115321332718,0.0373623231280818,0.00371735897699788,0.000602545013125176,0.0964624695162188,0.0639939496167347,0.265553669589429,0.416095482225869,"Human_Breast_He_06222020_ST_BC23450_E2"
"Human_Breast_He_06222020_ST_BC23450_E2_24x21",0.0461599287972737,0.0155052322388376,0.0256456621897767,0.139881571281603,0.0191258614325541,0.00865936389700614,0.170294224916151,0.203311869763631,0.371416285483167,"Human_Breast_He_06222020_ST_BC23450_E2"
"Human_Breast_He_06222020_ST_BC23450_E2_8x17",0.0616975816503285,0.0878816261977248,0.0608509428867194,0.0002061348293679,0.000283064926687907,0.166515364283002,0.0195305476567879,0.342534623057655,0.260500114511727,"Human_Breast_He_06222020_ST_BC23450_E2"
"Human_Breast_He_06222020_ST_BC23450_E2_8x22",0.0245315963882741,0.0536048709087956,0.0155936632944722,0.216886229039601,0.0645012399125322,0.0364836490289559,0.100054046300346,0.17226476340369,0.316079941723334,"Human_Breast_He_06222020_ST_BC23450_E2"
"Human_Breast_He_06222020_ST_BC23450_E2_8x23",0.0490250649096626,0.0418628587765356,0.0492608263199896,0.0071738794339083,0.00436350320495276,0.104683093684047,0.0397893523570977,0.360388401593278,0.343453019720528,"Human_Breast_He_06222020_ST_BC23450_E2"
"Human_Breast_He_06222020_ST_BC23450_E2_8x20",0.0231464054887382,0.0402201768582816,0.0443940810890844,0.132320202668808,0.00446186931738171,0.0645414732364529,0.0623017653841933,0.443132153949186,0.185481872007874,"Human_Breast_He_06222020_ST_BC23450_E2"
"Human_Breast_He_06222020_ST_BC23450_E2_11x17",0.0363306518548603,0.0751887439186188,0.0128937242300758,0.059748136574799,0.00777347007895162,0.179607403188272,0.0312999557859812,0.421924330951418,0.175233583417023,"Human_Breast_He_06222020_ST_BC23450_E2"
"Human_Breast_He_06222020_ST_BC23450_E2_11x10",0.0966605357535809,0.0689401214048048,0.0668474716638694,0.019047564357495,0.00475441854395108,0.108767850729425,0.113649547639319,0.178545656780608,0.342786833126946,"Human_Breast_He_06222020_ST_BC23450_E2"
"Human_Breast_He_06222020_ST_BC23450_E2_11x13",0.0306186912328387,0.095929222815646,0.0780081188221984,0.0440742676013631,0.00371579250522756,0.13327003403021,0.0585770884494743,0.257897246549546,0.297909537993495,"Human_Breast_He_06222020_ST_BC23450_E2"
"Human_Breast_He_06222020_ST_BC23450_E2_8x14",0.0341572859976614,0.0705287656758117,0.0373065634666866,0.00231995449629935,0.000388656402933188,0.124574700458199,0.0317913719430284,0.471553029461917,0.227379672097463,"Human_Breast_He_06222020_ST_BC23450_E2"
"Human_Breast_He_06222020_ST_BC23450_E2_12x7",0.0806206849092786,0.0589602213512139,0.0542484703775177,0.0242125738234282,0.00354975144978031,0.109205287273413,0.0906624863430595,0.17583695844465,0.402703566027659,"Human_Breast_He_06222020_ST_BC23450_E2"
"Human_Breast_He_06222020_ST_BC23450_E2_18x21",0.067368467219198,0.0512658295229545,0.0274128199225287,0.00743266100942717,0.00166830365764879,0.029702463671819,0.0877571622339271,0.387358019259043,0.340034273503453,"Human_Breast_He_06222020_ST_BC23450_E2"
"Human_Breast_He_06222020_ST_BC23450_E2_12x9",0.0904278001935129,0.0797804210949165,0.0579337831601385,0.00441572126274147,0.0019305889595511,0.114247362729096,0.0424810107588915,0.170892429555318,0.437890882285834,"Human_Breast_He_06222020_ST_BC23450_E2"
"Human_Breast_He_06222020_ST_BC23450_E2_12x8",0.0842644722298765,0.0870329012231325,0.0635767799624321,0.00478965637398586,0.00463040584089576,0.119768583153845,0.0880307842090494,0.0630047205368227,0.484901696469961,"Human_Breast_He_06222020_ST_BC23450_E2"
"Human_Breast_He_06222020_ST_BC23450_E2_18x27",0.0492537679642616,0.0776749757756459,0.0596979597089447,0.00138802885084902,0.000837298703254794,0.127067161854559,0.0610343935337419,0.166885088655932,0.456161324952811,"Human_Breast_He_06222020_ST_BC23450_E2"
"Human_Breast_He_06222020_ST_BC23450_E2_23x19",0.0291416507838281,0.0354105330583262,0.0523741373929096,0.00169028586211744,0.00049654694786852,0.0684663659449484,0.0172514823325986,0.518506253454956,0.276662744222447,"Human_Breast_He_06222020_ST_BC23450_E2"
"Human_Breast_He_06222020_ST_BC23450_E2_23x18",0.024324991511301,0.0523228155421588,0.0129245928166267,0.0379852654621695,0.00534365732620574,0.10422524839812,0.0474626626762159,0.379346262561947,0.336064503705256,"Human_Breast_He_06222020_ST_BC23450_E2"
"Human_Breast_He_06222020_ST_BC23450_E2_23x15",0.0371382876727564,0.0226534357260604,0.0288110687242689,0.0498363896079563,0.0148421603236098,0.128947950579149,0.0828447212143397,0.154868463438524,0.480057522713335,"Human_Breast_He_06222020_ST_BC23450_E2"
"Human_Breast_He_06222020_ST_BC23450_E2_23x14",0.0156406249833041,0.0579956026016071,0.0947706895437445,0.00212686061312142,0.00566740033110606,0.0855410955584601,0.0323153001817909,0.270234532465091,0.435707893721775,"Human_Breast_He_06222020_ST_BC23450_E2"
"Human_Breast_He_06222020_ST_BC23450_E2_23x17",0.0234035083415342,0.0584834492954932,0.00493157065859993,0.00396343434398521,0.0013579625607617,0.0630838422027229,0.158198707066204,0.36335933526226,0.32321819026844,"Human_Breast_He_06222020_ST_BC23450_E2"
"Human_Breast_He_06222020_ST_BC23450_E2_23x16",0.0424325252452778,0.0411410812472707,0.0557301476931228,0.0275235987632891,0.0172781011306247,0.045992789655578,0.0118913310765374,0.36591446258495,0.392095962603349,"Human_Breast_He_06222020_ST_BC23450_E2"
"Human_Breast_He_06222020_ST_BC23450_E2_11x14",0.0235605880242351,0.0825967629116841,0.0165403130966441,0.123073683723685,0.00847686161373,0.132288643214671,0.0681651753100326,0.230963602795068,0.314334369310249,"Human_Breast_He_06222020_ST_BC23450_E2"
"Human_Breast_He_06222020_ST_BC23450_E2_11x15",0.0380490492283556,0.118924641866513,0.0669674039248024,0.00505476444787559,0.001050231739409,0.0918286396791997,0.0385381392959347,0.397398091880031,0.242189037937879,"Human_Breast_He_06222020_ST_BC23450_E2"
"Human_Breast_He_06222020_ST_BC23450_E2_11x16",0.033050885582263,0.0883156953604183,0.0574829606502811,0.00784156549310457,0.00124918360881874,0.15970018884629,0.0710843831770397,0.344613648811291,0.236661488470494,"Human_Breast_He_06222020_ST_BC23450_E2"
"Human_Breast_He_06222020_ST_BC23450_E2_11x12",0.0377603873376178,0.0509504274994988,0.0607031514901157,0.0431119929285377,0.00497283448474743,0.123063743440932,0.095904896620866,0.414406604260813,0.169125961936872,"Human_Breast_He_06222020_ST_BC23450_E2"
"Human_Breast_He_06222020_ST_BC23450_E2_11x18",0.0285334904296338,0.0937379413252003,0.0565363939138068,0.0148411563356783,0.00144176033331858,0.163807130155569,0.0489352399795209,0.397060085692215,0.195106801835058,"Human_Breast_He_06222020_ST_BC23450_E2"
"Human_Breast_He_06222020_ST_BC23450_E2_11x19",0.0209089630161932,0.0807247210962853,0.0424534112003804,0.028271272084302,0.00426040337471489,0.118316389332462,0.0528855952608432,0.431302009268918,0.220877235365902,"Human_Breast_He_06222020_ST_BC23450_E2"
"Human_Breast_He_06222020_ST_BC23450_E2_17x14",0.0174681955816722,0.0951002789858364,0.0319967273098091,0.00380249095609773,0.000683787896964723,0.140772875875104,0.020428366076985,0.583638242193612,0.106109035123919,"Human_Breast_He_06222020_ST_BC23450_E2"
"Human_Breast_He_06222020_ST_BC23450_E2_17x15",0.0222356848295521,0.170963711593939,0.0251678613896312,0.000847050685110571,0.000680452528770007,0.138466050318219,0.0249142936896863,0.453316357309219,0.163408537655874,"Human_Breast_He_06222020_ST_BC23450_E2"
"Human_Breast_He_06222020_ST_BC23450_E2_17x12",0.0526976120898019,0.11408198416633,0.0518338765921015,0.000625314500121118,0.000197986632018345,0.12607081547214,0.0200848392593754,0.526657694159759,0.107749877128352,"Human_Breast_He_06222020_ST_BC23450_E2"
"Human_Breast_He_06222020_ST_BC23450_E2_17x13",0.0485402956757726,0.100264789731428,0.058394269583376,0.0200471884640704,0.0022297975405981,0.153527157508686,0.0819289525734792,0.364331448198433,0.170736100724156,"Human_Breast_He_06222020_ST_BC23450_E2"
"Human_Breast_He_06222020_ST_BC23450_E2_17x10",0.0457072252302027,0.0473601309000086,0.0988242410715473,0.00243858559205082,0.000763205888234035,0.170507542159354,0.0509828930609895,0.37156648598619,0.211849690111423,"Human_Breast_He_06222020_ST_BC23450_E2"
"Human_Breast_He_06222020_ST_BC23450_E2_17x11",0.0531258046619764,0.09421595113595,0.104951486682556,0.00629474884630457,0.000654856811046357,0.127659763288856,0.0770852962214648,0.408828531920981,0.127183560430865,"Human_Breast_He_06222020_ST_BC23450_E2"
"Human_Breast_He_06222020_ST_BC23450_E2_17x16",0.0414470344662024,0.102141653958994,0.0281348777632429,0.0875532187694053,0.013231097518045,0.083070404319704,0.110939411207332,0.305324149245242,0.228158152751833,"Human_Breast_He_06222020_ST_BC23450_E2"
"Human_Breast_He_06222020_ST_BC23450_E2_17x17",0.0662465708967549,0.113869321631574,0.0442948072755942,0.0463865049471472,0.00922700748466559,0.0517087551567612,0.0396634266831908,0.279178377588269,0.349425228336042,"Human_Breast_He_06222020_ST_BC23450_E2"
"Human_Breast_He_06222020_ST_BC23450_E2_26x17",0.0079491819453808,0.0318865411019328,0.0202664986133955,0.216667735503616,0.0400791929104004,0.0687846451795031,0.0798232270731168,0.2043450073803,0.330197970292354,"Human_Breast_He_06222020_ST_BC23450_E2"
"Human_Breast_He_06222020_ST_BC23450_E2_26x16",0.0315677855125716,0.0772972202656461,0.0403647711533639,0.00885570836981537,0.00369879351167028,0.096064587317093,0.0665830189393631,0.17955057433955,0.496017540590927,"Human_Breast_He_06222020_ST_BC23450_E2"
"Human_Breast_He_06222020_ST_BC23450_E2_17x18",0.0878122748374109,0.106475831967143,0.0255774296518664,0.00404948591157363,0.0041796621213308,0.0410983675360709,0.0309332619041127,0.294396472810217,0.405477213260274,"Human_Breast_He_06222020_ST_BC23450_E2"
"Human_Breast_He_06222020_ST_BC23450_E2_26x15",0.0288571010543065,0.0523343932907047,0.0178900314575889,0.00593707794073242,0.00301492898514778,0.0165608179724724,0.0597665549306563,0.482746110327755,0.332892984040636,"Human_Breast_He_06222020_ST_BC23450_E2"
"Human_Breast_He_06222020_ST_BC23450_E2_10x26",0.0115098066069403,0.0598743607486853,0.0510802536552644,0.332153162505494,0.0300623211459912,0.0586669559802597,0.0851655335884327,0.122671687926461,0.248815917842472,"Human_Breast_He_06222020_ST_BC23450_E2"
"Human_Breast_He_06222020_ST_BC23450_E2_10x24",0.0448292425797545,0.0650755279625793,0.0786167863146415,0.0242107260338964,0.00610716919214796,0.152787060394606,0.0362618171398936,0.36164464163252,0.23046702874996,"Human_Breast_He_06222020_ST_BC23450_E2"
"Human_Breast_He_06222020_ST_BC23450_E2_10x25",0.018668042627097,0.0798503519151923,0.0218087419803271,0.0316421445642168,0.00425911620618803,0.211318909202172,0.0345952296136368,0.359867520617395,0.237989943273776,"Human_Breast_He_06222020_ST_BC23450_E2"
"Human_Breast_He_06222020_ST_BC23450_E2_10x22",0.0549041128144632,0.060848712599408,0.126518543417547,0.0868745374872932,0.00790205476741727,0.0885877539345193,0.0138689858590401,0.290026567114003,0.270468732006308,"Human_Breast_He_06222020_ST_BC23450_E2"
"Human_Breast_He_06222020_ST_BC23450_E2_10x23",0.0297811172881061,0.0986665762519666,0.0417690580958486,0.00138808270558828,0.00039048940922082,0.131708077220156,0.0196746004677441,0.391690698291964,0.284931300269405,"Human_Breast_He_06222020_ST_BC23450_E2"
"Human_Breast_He_06222020_ST_BC23450_E2_10x20",0.0210090875790996,0.0958128938625778,0.0589070496060013,0.0215228141067495,0.00560070378496819,0.104456196754698,0.0459670802650669,0.397929190521216,0.248794983519623,"Human_Breast_He_06222020_ST_BC23450_E2"
"Human_Breast_He_06222020_ST_BC23450_E2_10x21",0.035361848535178,0.0597513233428395,0.0953278953735713,0.0404097194791473,0.00368949172476866,0.0692457453711878,0.0305666147097997,0.332049001423487,0.333598360040021,"Human_Breast_He_06222020_ST_BC23450_E2"
"Human_Breast_He_06222020_ST_BC23450_E2_7x16",0.0230119918616661,0.130646427071275,0.0414312262682174,0.0216130189103544,0.00324495223465366,0.159563633616554,0.0786749273762176,0.314281742057067,0.227532080603995,"Human_Breast_He_06222020_ST_BC23450_E2"
"Human_Breast_He_06222020_ST_BC23450_E2_7x17",0.0110983597614697,0.0704450916939288,0.0660274096069412,0.00180701006203679,0.000980647051112437,0.101747062420904,0.0622609823255682,0.396119359703696,0.289514077374343,"Human_Breast_He_06222020_ST_BC23450_E2"
"Human_Breast_He_06222020_ST_BC23450_E2_7x15",0.0328173040212186,0.0883716037731625,0.121531127115197,0.0540864915033412,0.00541162138852547,0.174748456451736,0.0559690664713709,0.153048733828791,0.314015595446658,"Human_Breast_He_06222020_ST_BC23450_E2"
"Human_Breast_He_06222020_ST_BC23450_E2_22x19",0.0173953500647284,0.0493421480524276,0.0157591430761821,0.0174465254151302,0.00653452161761879,0.0509183972842308,0.0952396477185058,0.351259261035031,0.396105005736145,"Human_Breast_He_06222020_ST_BC23450_E2"
"Human_Breast_He_06222020_ST_BC23450_E2_7x18",0.0141172959657418,0.0906349795701888,0.0349877536341287,0.0012585433494695,0.000690788357941691,0.0727262842434332,0.0275649436344265,0.514655925145678,0.243363486098992,"Human_Breast_He_06222020_ST_BC23450_E2"
"Human_Breast_He_06222020_ST_BC23450_E2_7x19",0.0135346244679853,0.0331406393385986,0.0215184487597776,0.316241972631841,0.0480006611217419,0.1069048764404,0.048083366036263,0.176400839134074,0.236174572069318,"Human_Breast_He_06222020_ST_BC23450_E2"
"Human_Breast_He_06222020_ST_BC23450_E2_14x7",0.0788405634626491,0.0753095923837833,0.0452773694063175,0.0633197459720612,0.0169329355719332,0.147771097862048,0.131151847520725,0.0863704242996899,0.355026423520793,"Human_Breast_He_06222020_ST_BC23450_E2"
"Human_Breast_He_06222020_ST_BC23450_E2_14x9",0.0962763629403995,0.127552222254012,0.039266554124715,0.00843856904882277,0.00325777276582032,0.031241520826927,0.0530790707402739,0.22197791123402,0.41891001606501,"Human_Breast_He_06222020_ST_BC23450_E2"
"Human_Breast_He_06222020_ST_BC23450_E2_14x8",0.0815476519264402,0.0315096505358838,0.023410251362541,0.0212385263561418,0.00414764049866562,0.0785949711224585,0.112712132076441,0.214169094169138,0.43267008195229,"Human_Breast_He_06222020_ST_BC23450_E2"
"Human_Breast_He_06222020_ST_BC23450_E2_13x9",0.110180782330414,0.0302596143940622,0.0192832505854539,0.0028487134127252,0.000423755847842654,0.0559434184270174,0.0414411706105359,0.208708366300974,0.530910928090974,"Human_Breast_He_06222020_ST_BC23450_E2"
"Human_Breast_He_06222020_ST_BC23450_E2_21x17",0.0712758040480736,0.0594763161572122,0.0589568058162679,0.272307901521422,0.0298412631484047,0.0793858047843574,0.0576681789049143,0.137356234433859,0.233731691185489,"Human_Breast_He_06222020_ST_BC23450_E2"
"Human_Breast_He_06222020_ST_BC23450_E2_21x16",0.0240995320070671,0.0751337718841926,0.0396118547350484,0.00653689275130681,0.00180853206262061,0.0750623490626601,0.032544062530832,0.437880001553524,0.307323003412748,"Human_Breast_He_06222020_ST_BC23450_E2"
"Human_Breast_He_06222020_ST_BC23450_E2_21x15",0.0288501835768827,0.102097240612011,0.0819342279580236,0.00209133608949471,0.0010090730442129,0.141242897138738,0.0112377755907462,0.394602318586962,0.236934947402929,"Human_Breast_He_06222020_ST_BC23450_E2"
"Human_Breast_He_06222020_ST_BC23450_E2_21x14",0.0670850165885512,0.0446476919143634,0.093940070504543,0.0455363557848605,0.00571196355957477,0.0851054030918633,0.154305579428946,0.316490809919131,0.187177109208167,"Human_Breast_He_06222020_ST_BC23450_E2"
"Human_Breast_He_06222020_ST_BC23450_E2_21x19",0.0538398767000311,0.0829351082496812,0.0585230952103908,0.133799173115097,0.0185917599274978,0.0840879523650884,0.0396758245714727,0.216768421627615,0.311778788233126,"Human_Breast_He_06222020_ST_BC23450_E2"
"Human_Breast_He_06222020_ST_BC23450_E2_21x18",0.0216692820153363,0.0547194167371379,0.0181068410355392,0.000136766133841104,0.000113548700164335,0.172292409890011,0.0266001301320405,0.38451355800991,0.32184804734602,"Human_Breast_He_06222020_ST_BC23450_E2"
"Human_Breast_He_06222020_ST_BC23450_E2_9x25",0.0430767670172891,0.0709338277725104,0.0322944386605009,0.0163313992854861,0.0073027640276751,0.0357302541935612,0.0707976371453633,0.520862062211933,0.202670849685681,"Human_Breast_He_06222020_ST_BC23450_E2"
"Human_Breast_He_06222020_ST_BC23450_E2_9x24",0.0253671934795233,0.0427671144039292,0.0607688806156031,0.00224526733183156,0.000647546362715282,0.177215901354424,0.149909015579338,0.24185625401892,0.299222826853716,"Human_Breast_He_06222020_ST_BC23450_E2"
"Human_Breast_He_06222020_ST_BC23450_E2_9x26",0.0138064812694073,0.0938643176571235,0.0306050495359846,0.00294249685600956,0.00166991259834268,0.113260618144516,0.0224369968935155,0.445631310864762,0.275782816180339,"Human_Breast_He_06222020_ST_BC23450_E2"
"Human_Breast_He_06222020_ST_BC23450_E2_9x21",0.0281701184338778,0.0813852186844448,0.0424080696702986,0.00276398805251836,0.000744035085478408,0.114988247593185,0.0771254460478727,0.359920220481115,0.29249465595121,"Human_Breast_He_06222020_ST_BC23450_E2"
"Human_Breast_He_06222020_ST_BC23450_E2_9x20",0.00585835714867625,0.0792524783394941,0.0289145421375584,0.00375168166849736,0.00117954508069729,0.0940638729561836,0.0515990454074834,0.512597460278427,0.222783016982982,"Human_Breast_He_06222020_ST_BC23450_E2"
"Human_Breast_He_06222020_ST_BC23450_E2_9x23",0.0406806485178207,0.119971456534831,0.0874663002241226,0.0128542388791313,0.00208525842140765,0.165716594148278,0.104813969904004,0.224327417696679,0.242084115673725,"Human_Breast_He_06222020_ST_BC23450_E2"
"Human_Breast_He_06222020_ST_BC23450_E2_9x22",0.0478374756825114,0.0629312492968114,0.0438098412898864,0.0292541606983111,0.00251916940869926,0.137137130635088,0.0819199451987901,0.362905513775692,0.231685514014211,"Human_Breast_He_06222020_ST_BC23450_E2"
"Human_Breast_He_06222020_ST_BC23450_E2_13x23",0.0298924744489944,0.108647745053337,0.0481853622697258,0.000520689484481979,0.000122988453375532,0.182761412702094,0.0404401478602492,0.395027597170776,0.194401582556966,"Human_Breast_He_06222020_ST_BC23450_E2"
"Human_Breast_He_06222020_ST_BC23450_E2_13x22",0.0429497686896261,0.15885169250873,0.0667380373509515,0.00102708839429724,0.000481250812980267,0.108059286527637,0.060010594451614,0.265191929436548,0.296690351827615,"Human_Breast_He_06222020_ST_BC23450_E2"
"Human_Breast_He_06222020_ST_BC23450_E2_13x21",0.0399768867237552,0.0484973536959963,0.0503956361868522,0.0121503365383539,0.00275298214213037,0.10024976271316,0.0392629549082667,0.453801691056053,0.252912396035432,"Human_Breast_He_06222020_ST_BC23450_E2"
"Human_Breast_He_06222020_ST_BC23450_E2_12x27",0.0204171933701673,0.0208025485486612,0.010149840438034,0.085963991872324,0.0145031255820832,0.055454724424327,0.18527364587588,0.217140319988652,0.390294609899871,"Human_Breast_He_06222020_ST_BC23450_E2"
"Human_Breast_He_06222020_ST_BC23450_E2_13x27",0.0598511086285507,0.0795942118224512,0.0452111107657619,0.0848405443905533,0.0172065889081971,0.0490720330061868,0.0370671488013507,0.25232965843322,0.374827595243729,"Human_Breast_He_06222020_ST_BC23450_E2"
"Human_Breast_He_06222020_ST_BC23450_E2_12x22",0.0392008693668202,0.0636910727002717,0.0408393147144157,0.0339305610057422,0.00372705413464742,0.0997788156164964,0.0291545183122505,0.34962684003437,0.340050954114986,"Human_Breast_He_06222020_ST_BC23450_E2"
"Human_Breast_He_06222020_ST_BC23450_E2_13x24",0.0370758255080787,0.0836117637971836,0.0107272059817097,0.0065786662225187,0.00236735070152152,0.206950467864705,0.0904367195571835,0.158740607386409,0.40351139298069,"Human_Breast_He_06222020_ST_BC23450_E2"
"Human_Breast_He_06222020_ST_BC23450_E2_11x25",0.0269345797273081,0.0972525653092253,0.111384834272292,0.00666817042543359,0.0025941059241539,0.14841086707263,0.0265040505219224,0.258332767150416,0.321918059596619,"Human_Breast_He_06222020_ST_BC23450_E2"
"Human_Breast_He_06222020_ST_BC23450_E2_11x24",0.0545218871474276,0.0593962990180605,0.152141498915748,0.0850609859221351,0.0160043961886352,0.158859564262125,0.0605536819593405,0.128680972467318,0.284780714119209,"Human_Breast_He_06222020_ST_BC23450_E2"
"Human_Breast_He_06222020_ST_BC23450_E2_11x26",0.0143395834843181,0.113096709952707,0.0308981527126299,0.037801297177929,0.00447579207077263,0.204989700691689,0.0757251217832958,0.0335486571866918,0.485124984939967,"Human_Breast_He_06222020_ST_BC23450_E2"
"Human_Breast_He_06222020_ST_BC23450_E2_11x21",0.0591021899652433,0.0762213494296347,0.0262344152509245,0.0943226572892776,0.0178520917996038,0.153301819715849,0.0868853875177691,0.153365311427859,0.332714777603839,"Human_Breast_He_06222020_ST_BC23450_E2"
"Human_Breast_He_06222020_ST_BC23450_E2_11x20",0.0329475584897579,0.0949372605769564,0.057875074239853,0.00346387740788681,0.00109415229524246,0.167930693870804,0.0732769421893031,0.374565283058637,0.193909157871559,"Human_Breast_He_06222020_ST_BC23450_E2"
"Human_Breast_He_06222020_ST_BC23450_E2_11x23",0.0431831497885375,0.056629656557556,0.0318399181582389,0.00984276144907574,0.00381428164228761,0.0630179493166693,0.0322144960331409,0.480726692489123,0.278731094565371,"Human_Breast_He_06222020_ST_BC23450_E2"
"Human_Breast_He_06222020_ST_BC23450_E2_11x22",0.0574234547341171,0.0830179159873055,0.0484276761764717,0.00345551545676128,0.00120149976825671,0.14318933048638,0.0533600742605457,0.349507339919321,0.260417193210841,"Human_Breast_He_06222020_ST_BC23450_E2"
"Human_Breast_He_06222020_ST_BC23450_E2_8x18",0.0182061658302128,0.116644589943836,0.0463854745488248,0.0204866177616114,0.00203919924682978,0.144759592260182,0.0507723547701022,0.279015101040775,0.321690904597626,"Human_Breast_He_06222020_ST_BC23450_E2"
"Human_Breast_He_06222020_ST_BC23450_E2_18x19",0.0564489081958177,0.0682334345806337,0.113557705573953,0.00778406253923787,0.00197519406841722,0.0788473566327876,0.0936230418571151,0.225570531055121,0.353959765496917,"Human_Breast_He_06222020_ST_BC23450_E2"
"Human_Breast_He_06222020_ST_BC23450_E2_18x13",0.0305521589832772,0.125874459899624,0.0771429244686792,0.00802046866683564,0.00222476180145289,0.177496344657576,0.0319727825666067,0.38886915151164,0.157846947444308,"Human_Breast_He_06222020_ST_BC23450_E2"
"Human_Breast_He_06222020_ST_BC23450_E2_18x12",0.0592036389016616,0.100017248147127,0.0744950770827719,0.00241587951914764,0.000606532383862671,0.156306286558814,0.0511190475841514,0.309704051996121,0.246132237826344,"Human_Breast_He_06222020_ST_BC23450_E2"
"Human_Breast_He_06222020_ST_BC23450_E2_18x11",0.0612113439841407,0.0753843265815877,0.0463155907445786,0.0125497393289786,0.000832568685795442,0.148508651906754,0.00983101079731616,0.463233500538085,0.182133267432764,"Human_Breast_He_06222020_ST_BC23450_E2"
"Human_Breast_He_06222020_ST_BC23450_E2_18x17",0.0599616970352082,0.0740636468987481,0.0263549642845149,0.00701329524796363,0.000617330080796644,0.0705719027172372,0.0425202398374657,0.463625669279574,0.255271254618492,"Human_Breast_He_06222020_ST_BC23450_E2"
"Human_Breast_He_06222020_ST_BC23450_E2_18x16",0.0397456060117809,0.0666914919750119,0.0828334222835792,0.277395459208604,0.0106974602913758,0.0345835530043294,0.0356569762948422,0.22897247430773,0.223423556622746,"Human_Breast_He_06222020_ST_BC23450_E2"
"Human_Breast_He_06222020_ST_BC23450_E2_18x15",0.0293452737076586,0.0740682667128307,0.131185088669098,0.00506267071410126,0.00345670750207286,0.172914895009692,0.0679124127346509,0.233630703235941,0.282423981713955,"Human_Breast_He_06222020_ST_BC23450_E2"
"Human_Breast_He_06222020_ST_BC23450_E2_17x23",0.0396717723904836,0.0788441367898964,0.0227301946937476,0.00939018734925363,0.00763515927477607,0.120741888019129,0.083430637233338,0.387695672867835,0.249860351381541,"Human_Breast_He_06222020_ST_BC23450_E2"
"Human_Breast_He_06222020_ST_BC23450_E2_14x17",0.0941874916386603,0.080581030573532,0.0526983566642078,0.0179724412901987,0.0147322891532521,0.0600521591378969,0.0895871187397448,0.2431964566498,0.346992656152708,"Human_Breast_He_06222020_ST_BC23450_E2"
"Human_Breast_He_06222020_ST_BC23450_E2_14x15",0.020153586625573,0.0928692768104147,0.0188530799109289,0.0037168093172519,0.00187644905553293,0.0503741981168697,0.0753946469311625,0.396527370028704,0.340234583203562,"Human_Breast_He_06222020_ST_BC23450_E2"
"Human_Breast_He_06222020_ST_BC23450_E2_24x14",0.0163482176848046,0.125100653805788,0.038401543199766,0.104140866161882,0.0195858305917771,0.0662943206195383,0.0958867766321155,0.222150479640096,0.312091311664233,"Human_Breast_He_06222020_ST_BC23450_E2"
"Human_Breast_He_06222020_ST_BC23450_E2_24x15",0.0332987467603902,0.0212528303678482,0.0309054977334838,0.0912264843395005,0.0136103852310197,0.0768193910566967,0.0526027476895106,0.259662270534057,0.420621646287494,"Human_Breast_He_06222020_ST_BC23450_E2"
"Human_Breast_He_06222020_ST_BC23450_E2_24x16",0.0362893620871304,0.0363096589940464,0.0110395645282964,0.0613779243213426,0.011705465664605,0.104016468721151,0.0993447590176284,0.280466515407932,0.359450281257868,"Human_Breast_He_06222020_ST_BC23450_E2"
"Human_Breast_He_06222020_ST_BC23450_E2_24x17",0.0516358140092003,0.0302760779598737,0.0173693689749994,0.0820556631974013,0.00665517560792864,0.13061155645271,0.0891540809153869,0.313437676807103,0.278804586075397,"Human_Breast_He_06222020_ST_BC23450_E2"
"Human_Breast_He_06222020_ST_BC23450_E2_24x18",0.0192039179015618,0.0572265503350718,0.0433903236290988,0.00249757525152858,0.00122982821286383,0.0932103619195437,0.0252750214903965,0.340785687862813,0.417180733397122,"Human_Breast_He_06222020_ST_BC23450_E2"
"Human_Breast_He_06222020_ST_BC23450_E2_14x16",0.0909680953571362,0.051934129528652,0.0964500471300154,0.0183578271410663,0.00166168465080779,0.104555375819341,0.0308109116031819,0.307460221449025,0.297801707320774,"Human_Breast_He_06222020_ST_BC23450_E2"
"Human_Breast_He_06222020_ST_BC23450_E2_13x26",0.0301682210864566,0.078340746745199,0.0261057295324945,0.107473917807813,0.00889478572021941,0.0595078833675168,0.0301519757384181,0.366999596145188,0.292357143856694,"Human_Breast_He_06222020_ST_BC23450_E2"
"Human_Breast_He_06222020_ST_BC23450_E2_17x20",0.0105792926032828,0.0553876160003544,0.0160203587284473,0.00256093151119206,0.000943644342691903,0.0335162492678544,0.0544844023135465,0.434823112620483,0.391684392612148,"Human_Breast_He_06222020_ST_BC23450_E2"
"Human_Breast_He_06222020_ST_BC23450_E2_12x16",0.0465887576042847,0.0949298992241124,0.0571354672979838,0.00541193715361987,0.0036420026912822,0.224027468719729,0.0382863060110538,0.36859925182682,0.161378909471115,"Human_Breast_He_06222020_ST_BC23450_E2"
"Human_Breast_He_06222020_ST_BC23450_E2_12x11",0.0338685548453996,0.155586927948378,0.033631139051627,0.00141921949732917,0.00073457635838424,0.18308418891251,0.0791854414353361,0.270383025476314,0.242106926474721,"Human_Breast_He_06222020_ST_BC23450_E2"
"Human_Breast_He_06222020_ST_BC23450_E2_22x17",0.0573099052283941,0.0633963950160318,0.139795810091242,0.0104844610904552,0.00216430320348854,0.0923668835106112,0.104487067324294,0.242224031640523,0.28777114289496,"Human_Breast_He_06222020_ST_BC23450_E2"
"Human_Breast_He_06222020_ST_BC23450_E2_22x14",0.0576111580348919,0.0558640083053316,0.0281602883641544,0.368305147609849,0.0106296201331751,0.058969293149298,0.0808822683744459,0.0815825146224059,0.257995701406448,"Human_Breast_He_06222020_ST_BC23450_E2"
"Human_Breast_He_06222020_ST_BC23450_E2_22x15",0.00890576688569845,0.043778285231109,0.117055986669026,0.0289728285023225,0.00181084745330489,0.219344241466423,0.0866157928622187,0.289846952742675,0.203669298187223,"Human_Breast_He_06222020_ST_BC23450_E2"
"Human_Breast_He_06222020_ST_BC23450_E2_22x18",0.0610024524600163,0.0641892433802768,0.018266895702328,0.0398756335965461,0.0126168236475604,0.0364465833089182,0.0921375073654067,0.484098948681081,0.191365911857866,"Human_Breast_He_06222020_ST_BC23450_E2"
"Human_Breast_He_06222020_ST_BC23450_E2_14x25",0.0660345517808529,0.0729869025083969,0.0601084203661317,0.0075949224518322,0.00260877212661835,0.0770515432492045,0.0388067291195389,0.438576988185044,0.236231170212381,"Human_Breast_He_06222020_ST_BC23450_E2"
"Human_Breast_He_06222020_ST_BC23450_E2_12x19",0.0424571359012034,0.0843249656492497,0.0101150665147471,0.0114533402598419,0.00252451743288935,0.135636745780007,0.074277225106889,0.382176576768079,0.257034426587093,"Human_Breast_He_06222020_ST_BC23450_E2"
"Human_Breast_He_06222020_ST_BC23450_E2_12x18",0.0313941619103697,0.110376117989613,0.0311144569299425,0.00203449315972974,0.000281689040992081,0.139066086563561,0.0350291694569719,0.455438545199351,0.195265279749469,"Human_Breast_He_06222020_ST_BC23450_E2"
"Human_Breast_He_06222020_ST_BC23450_E2_19x27",0.0660846537543106,0.0644652060800729,0.20645391415068,0.033151329710875,0.00851854245339934,0.111365633779853,0.02242495473685,0.114215070118563,0.373320695215396,"Human_Breast_He_06222020_ST_BC23450_E2"
"Human_Breast_He_06222020_ST_BC23450_E2_9x18",0.050400334478826,0.13167205862989,0.0418389323972417,0.00101566422414651,0.00109291609602922,0.185333324808377,0.0454638632019567,0.22436076973428,0.318822136429254,"Human_Breast_He_06222020_ST_BC23450_E2"
"Human_Breast_He_06222020_ST_BC23450_E2_9x19",0.0141471763463176,0.0810294188735881,0.0517890791303708,0.0911337164488558,0.0133930193069025,0.0978193557440688,0.0630281241883334,0.339650091103079,0.248010018858484,"Human_Breast_He_06222020_ST_BC23450_E2"
"Human_Breast_He_06222020_ST_BC23450_E2_9x16",0.0321657217496363,0.124425498375925,0.0313680299823442,0.00112091405210953,0.000287058802824389,0.156966400844523,0.0120083030536758,0.376806944802767,0.264851128336195,"Human_Breast_He_06222020_ST_BC23450_E2"
"Human_Breast_He_06222020_ST_BC23450_E2_9x17",0.0277076106961328,0.0898008844223307,0.0998629179312967,0.00380452661775963,0.00143412157882171,0.143473818071532,0.0573946833271268,0.262253273922753,0.314268163432247,"Human_Breast_He_06222020_ST_BC23450_E2"
"Human_Breast_He_06222020_ST_BC23450_E2_9x12",0.0464085673146011,0.0972977337148948,0.0590384232104903,0.0149636832849773,0.00217075232977416,0.13778797584851,0.088576915387591,0.30516289635706,0.248593052552101,"Human_Breast_He_06222020_ST_BC23450_E2"
"Human_Breast_He_06222020_ST_BC23450_E2_24x19",0.0126883547870156,0.0936696292636579,0.118220961606263,0.0183755866127243,0.00670242453118125,0.0796247056109568,0.0552495701495186,0.317802129270015,0.297666638168668,"Human_Breast_He_06222020_ST_BC23450_E2"
"Human_Breast_He_06222020_ST_BC23450_E2_14x19",0.062308022169396,0.137700721934429,0.0308992738316712,0.0106111296962456,0.00280094751952041,0.116540184268604,0.0410913349641844,0.205986094317278,0.392062291298671,"Human_Breast_He_06222020_ST_BC23450_E2"
"Human_Breast_He_06222020_ST_BC23450_E2_14x14",0.0174649755115023,0.0887241634076853,0.0502809713386646,0.0128246103931676,0.00127838242860374,0.242727745468215,0.0328791980561741,0.33132077814278,0.222499175253207,"Human_Breast_He_06222020_ST_BC23450_E2"
"Human_Breast_He_06222020_ST_BC23450_E2_14x13",0.0322536278187446,0.0635301023681796,0.0567221198684396,0.0140996721357274,0.00156864528224417,0.157023514198562,0.0821364150147926,0.283275977793731,0.309389925519579,"Human_Breast_He_06222020_ST_BC23450_E2"
"Human_Breast_He_06222020_ST_BC23450_E2_9x15",0.0310393576479078,0.158119759388609,0.106570867727429,0.010482350799385,0.00253907084461536,0.112528387534499,0.14186706802423,0.0852490641288586,0.351604073904466,"Human_Breast_He_06222020_ST_BC23450_E2"
"Human_Breast_He_06222020_ST_BC23450_E2_15x18",0.0481886449212694,0.0932011736594852,0.0354521541041872,0.0630575150097328,0.0025385891023268,0.18471532591438,0.0463511395998246,0.212008987429692,0.314486470259102,"Human_Breast_He_06222020_ST_BC23450_E2"
"Human_Breast_He_06222020_ST_BC23450_E2_15x19",0.0320337216786927,0.0890489209064646,0.0860910435070813,0.0907022471514559,0.00803257082016458,0.0952858970108201,0.046363105329669,0.283000345949103,0.269442147646549,"Human_Breast_He_06222020_ST_BC23450_E2"
"Human_Breast_He_06222020_ST_BC23450_E2_15x10",0.0950954375098485,0.0859704574971976,0.0968383637328634,0.0131328448148046,0.00544671074967352,0.153514256906998,0.0402152947034053,0.192940265383648,0.31684636870156,"Human_Breast_He_06222020_ST_BC23450_E2"
"Human_Breast_He_06222020_ST_BC23450_E2_15x12",0.0313016478496798,0.119668087842101,0.0817106073238636,0.0615149224330513,0.0126318826595759,0.0831927355815095,0.153943569169968,0.278327894327867,0.177708652812385,"Human_Breast_He_06222020_ST_BC23450_E2"
"Human_Breast_He_06222020_ST_BC23450_E2_15x13",0.016671813510277,0.121538113970394,0.0221126520714639,0.0026554158704816,0.00183308026159879,0.149170163086015,0.0318316342611653,0.455845520677851,0.198341606290754,"Human_Breast_He_06222020_ST_BC23450_E2"
"Human_Breast_He_06222020_ST_BC23450_E2_15x14",0.0285794789325743,0.0584389170818152,0.0233838948583764,0.0173817096990303,0.00145479087019499,0.149796245483913,0.0228399128309369,0.527525257941076,0.170599792302082,"Human_Breast_He_06222020_ST_BC23450_E2"
"Human_Breast_He_06222020_ST_BC23450_E2_15x15",0.0346201348038826,0.0580061620816371,0.0399469005125469,0.00455512702920878,0.00078803138126299,0.0580306181555549,0.0325488990037424,0.488808999183205,0.28269512784896,"Human_Breast_He_06222020_ST_BC23450_E2"
"Human_Breast_He_06222020_ST_BC23450_E2_15x16",0.0805697775032912,0.0319572405103354,0.0503648793299784,0.043907129039879,0.0063717818045031,0.03732535523971,0.0471036953436205,0.378924880003909,0.323475261224773,"Human_Breast_He_06222020_ST_BC23450_E2"
"Human_Breast_He_06222020_ST_BC23450_E2_17x29",0.0186487594738628,0.0333250689649852,0.0380643337501963,0.47803380220758,0.0274907237742602,0.0259170952603687,0.092360493753776,0.135590066546912,0.150569656268058,"Human_Breast_He_06222020_ST_BC23450_E2"
"Human_Breast_He_06222020_ST_BC23450_E2_17x28",0.0117696702953672,0.0416866245650933,0.0133874253545861,0.0132563857969474,0.00603825288142482,0.145024112868901,0.0358595328272569,0.346829210561041,0.386148784849382,"Human_Breast_He_06222020_ST_BC23450_E2"
"Human_Breast_He_06222020_ST_BC23450_E2_17x26",0.0268149988417866,0.132584614203247,0.0424784874634565,0.00160925796993614,0.00195215279401069,0.0960432704436098,0.0802365993592496,0.380539699950985,0.237740918973719,"Human_Breast_He_06222020_ST_BC23450_E2"
"Human_Breast_He_06222020_ST_BC23450_E2_17x21",0.0393117521929804,0.0284596267812402,0.0067828699605113,0.282036987352586,0.023812667471163,0.0281637953197174,0.0713093706529897,0.302659270224006,0.217463660044805,"Human_Breast_He_06222020_ST_BC23450_E2"
"Human_Breast_He_06222020_ST_BC23450_E2_12x15",0.0231203840090414,0.0712382860372012,0.0232633446388398,0.00313070047430441,0.00049808632746779,0.0746317909130847,0.0709684530570202,0.417632814443641,0.3155161400994,"Human_Breast_He_06222020_ST_BC23450_E2"
"Human_Breast_He_06222020_ST_BC23450_E2_12x17",0.0275891158411465,0.102316875649084,0.0245010064078232,0.000675531291637573,0.000303280947456889,0.222900575417671,0.0253835175299943,0.465911426860543,0.130418670054643,"Human_Breast_He_06222020_ST_BC23450_E2"
"Human_Breast_He_06222020_ST_BC23450_E2_10x13",0.0178833052975798,0.0789444368698,0.0376307023946447,0.00160872195496877,0.000595912045145627,0.190616883016114,0.0482151165594821,0.389761837993825,0.23474308386844,"Human_Breast_He_06222020_ST_BC23450_E2"
"Human_Breast_He_06222020_ST_BC23450_E2_10x12",0.0200744471024433,0.0939205152648137,0.0598408239712976,0.00211960227048944,0.000583638309959646,0.155533501986309,0.0570561414745508,0.367132549906802,0.243738779713334,"Human_Breast_He_06222020_ST_BC23450_E2"
"Human_Breast_He_06222020_ST_BC23450_E2_10x11",0.0447316053337481,0.0800586055012791,0.0552467253592662,0.0148234617888764,0.00163475315310152,0.0483728104793166,0.0648591112568249,0.342808829567372,0.347464097560215,"Human_Breast_He_06222020_ST_BC23450_E2"
"Human_Breast_He_06222020_ST_BC23450_E2_10x17",0.0212361975586864,0.0439666234541246,0.0222694192590715,0.0874795423889897,0.00980641665951723,0.0483097080400307,0.0468018156869703,0.491295837852988,0.228834439099622,"Human_Breast_He_06222020_ST_BC23450_E2"
"Human_Breast_He_06222020_ST_BC23450_E2_10x16",0.0536296237736584,0.0616920183244244,0.0536628531040228,0.00304158127252761,0.00184966083558423,0.0524916147183325,0.025033609658235,0.577912778939505,0.17068625937371,"Human_Breast_He_06222020_ST_BC23450_E2"
"Human_Breast_He_06222020_ST_BC23450_E2_10x15",0.0370214336754045,0.0579540125525886,0.0488487857468304,0.284600991778011,0.0359255598872446,0.0413714200487398,0.120135706838141,0.167409818549061,0.206732270923978,"Human_Breast_He_06222020_ST_BC23450_E2"
"Human_Breast_He_06222020_ST_BC23450_E2_10x14",0.0264385279618534,0.0822926024150769,0.0610941661371097,0.0532862935842836,0.00365952323201071,0.0936588874925348,0.0404972628731245,0.378334206273099,0.260738530030907,"Human_Breast_He_06222020_ST_BC23450_E2"
"Human_Breast_He_06222020_ST_BC23450_E2_22x16",0.0694705854267007,0.0548268256716608,0.0600282581284623,0.0358609848597528,0.00805951207006766,0.0471717995471471,0.0539919251772851,0.35017954732464,0.320410561794283,"Human_Breast_He_06222020_ST_BC23450_E2"
"Human_Breast_He_06222020_ST_BC23450_E2_10x19",0.00649705579961057,0.0797324665863517,0.0203038357254627,7.13712807264761e-05,4.54939346293188e-05,0.224134052705488,0.0178500779059159,0.395206423513951,0.256159222547864,"Human_Breast_He_06222020_ST_BC23450_E2"
"Human_Breast_He_06222020_ST_BC23450_E2_10x18",0.0492129426221029,0.0796583515957882,0.0509484876307903,0.0171178961344411,0.00249799573580557,0.153282954228655,0.065606526482915,0.370949127659015,0.210725717910488,"Human_Breast_He_06222020_ST_BC23450_E2"
"Human_Breast_He_06222020_ST_BC23450_E2_12x10",0.0542583037973296,0.0771572404469169,0.0618317542242272,0.0089920937088521,0.001241808581572,0.128657613735529,0.0256642338832443,0.371771457738751,0.270425493883578,"Human_Breast_He_06222020_ST_BC23450_E2"
"Human_Breast_He_06222020_ST_BC23450_E2_12x12",0.0546243224218298,0.108403010608539,0.056314596518824,0.00239520931285164,0.000750019667850488,0.164429451709299,0.0244545852299106,0.41261638900651,0.176012415524386,"Human_Breast_He_06222020_ST_BC23450_E2"
"Human_Breast_He_06222020_ST_BC23450_E2_24x20",0.013585520729378,0.0700319532706025,0.0437111858347676,0.00995697274868751,0.00239103700734541,0.0628139090511598,0.0330071056645929,0.240027312962098,0.524475002731369,"Human_Breast_He_06222020_ST_BC23450_E2"
"Human_Breast_He_06222020_ST_BC23450_E2_12x20",0.0121418857248154,0.10724342404357,0.049135554628248,0.047798451537293,0.0105889156985897,0.0712215707667746,0.0522490182066646,0.341204601487317,0.308416577906728,"Human_Breast_He_06222020_ST_BC23450_E2"
"Human_Breast_He_06222020_ST_BC23450_E2_12x14",0.0444163388666627,0.0342161098969175,0.0479725173228391,0.0604957234986814,0.00593426491211608,0.100153400873656,0.0430113255323096,0.415955992699515,0.247844326397302,"Human_Breast_He_06222020_ST_BC23450_E2"
"Human_Breast_He_06222020_ST_BC23450_E2_25x20",0.0892223766064347,0.0114838943062,0.0155028513120191,0.126873697912762,0.00848143971837381,0.0365553631190513,0.0975006099299609,0.140641651328895,0.473738115766303,"Human_Breast_He_06222020_ST_BC23450_E2"
"Human_Breast_He_06222020_ST_BC23450_E2_14x22",0.0124624683467292,0.0761941337458841,0.042455675046033,0.00296342128868627,0.000905324972576996,0.0623270182816916,0.0320363110943047,0.496820895850583,0.273834751373511,"Human_Breast_He_06222020_ST_BC23450_E2"
"Human_Breast_He_06222020_ST_BC23450_E2_14x23",0.0100765199139955,0.0569775321353612,0.0249973921955321,0.307624929636431,0.027688478828823,0.0208198342512557,0.0927694234063484,0.195358146251009,0.263687743381244,"Human_Breast_He_06222020_ST_BC23450_E2"
"Human_Breast_He_06222020_ST_BC23450_E2_14x21",0.0314964892792081,0.0535126765816867,0.0378923585293395,0.407021600976828,0.0140507838362153,0.0449689120635239,0.0695710821638016,0.179696054786552,0.161790041782844,"Human_Breast_He_06222020_ST_BC23450_E2"
"Human_Breast_He_06222020_ST_BC23450_E2_14x26",0.0296292763897229,0.0695412815603274,0.126186265930948,0.112618931280386,0.0226327026722406,0.120849826019065,0.0322818797465061,0.268832646772107,0.217427189628697,"Human_Breast_He_06222020_ST_BC23450_E2"
"Human_Breast_He_06222020_ST_BC23450_E2_14x27",0.0188791364820434,0.13564333381854,0.0630077241677858,0.00191628087718122,0.00113511137273118,0.251590595371133,0.0498082443626235,0.129886505132667,0.348133068415294,"Human_Breast_He_06222020_ST_BC23450_E2"
"Human_Breast_He_06222020_ST_BC23450_E2_12x25",0.0366842832865826,0.0563560614806702,0.0154980584817941,0.0267093170825678,0.00572852048541967,0.115778750229388,0.0883285644131265,0.331368914491155,0.323547530049296,"Human_Breast_He_06222020_ST_BC23450_E2"
"Human_Breast_He_06222020_ST_BC23450_E2_13x20",0.049075762063099,0.0654756448386899,0.0339317908747776,0.0396653821584417,0.00551771409119841,0.0984747348318714,0.0462937658257311,0.393650514475359,0.267914690840832,"Human_Breast_He_06222020_ST_BC23450_E2"
"Human_Breast_He_06222020_ST_BC23450_E2_13x15",0.0253838134983446,0.116421493152324,0.0986942767431281,0.063320505566128,0.00249620804503184,0.0503058331998657,0.0322503387427612,0.36857313072157,0.242554400330847,"Human_Breast_He_06222020_ST_BC23450_E2"
"Human_Breast_He_06222020_ST_BC23450_E2_12x21",0.0319407347300775,0.0358090420712369,0.0547468248126116,0.224336865761863,0.0194008197384903,0.0526106951766253,0.116336346705621,0.27979495307857,0.185023717924904,"Human_Breast_He_06222020_ST_BC23450_E2"
"Human_Breast_He_06222020_ST_BC23450_E2_13x25",0.0437769942843955,0.148581036798223,0.0137986435249641,0.0048808284287382,0.0016123739067136,0.164590960327152,0.0483947355650172,0.273026484056002,0.301337943108794,"Human_Breast_He_06222020_ST_BC23450_E2"
"Human_Breast_He_06222020_ST_BC23450_E2_14x24",0.012198464637187,0.0903801511577752,0.0818661413905177,0.00553022508942764,0.00449588751886796,0.199713168033183,0.05154211334627,0.0813436349066212,0.47293021392015,"Human_Breast_He_06222020_ST_BC23450_E2"
"Human_Breast_He_06222020_ST_BC23450_E2_15x21",0.0227155879855366,0.0657366975291037,0.0792251404432459,0.0179166447385653,0.00305701463384962,0.103485613420074,0.0496580967550865,0.289309962702088,0.368895241792451,"Human_Breast_He_06222020_ST_BC23450_E2"
"Human_Breast_He_06222020_ST_BC23450_E2_15x20",0.0510692514620217,0.118167954621297,0.0601292230563544,0.00168257884027756,0.00218303211565079,0.0446774398226512,0.0312597408367661,0.361848868712321,0.32898191053266,"Human_Breast_He_06222020_ST_BC23450_E2"
"Human_Breast_He_06222020_ST_BC23450_E2_15x23",0.0147763645700954,0.0712832994020568,0.0953702557732034,0.0015605290748897,0.000506187046879373,0.132271157566127,0.0389463076683326,0.346725095870581,0.298560803027835,"Human_Breast_He_06222020_ST_BC23450_E2"
"Human_Breast_He_06222020_ST_BC23450_E2_15x22",0.0747071699171652,0.0552869917999154,0.0180716286621347,0.00441332639886081,0.000626994195070187,0.088633895457478,0.0708607469364857,0.438256697677924,0.249142548954966,"Human_Breast_He_06222020_ST_BC23450_E2"
"Human_Breast_He_06222020_ST_BC23450_E2_12x13",0.0425651175557244,0.0628967509234224,0.0363611902387589,0.0420135887221865,0.00240241639542981,0.116636574218397,0.0596907830584944,0.286447808527713,0.350985770359874,"Human_Breast_He_06222020_ST_BC23450_E2"
"Human_Breast_He_06222020_ST_BC23450_E2_15x24",0.101738823290429,0.08737841710629,0.116230985518839,0.00252787465831127,0.0059763000025281,0.0622010247919656,0.066458952338288,0.178461565914109,0.37902605637924,"Human_Breast_He_06222020_ST_BC23450_E2"
"Human_Breast_He_06222020_ST_BC23450_E2_15x27",0.0218415607847647,0.144054129908447,0.0316632821247369,0.00355274817283833,0.00535603228437435,0.0361296568051197,0.136439817105666,0.245522840364696,0.375439932449358,"Human_Breast_He_06222020_ST_BC23450_E2"
"Human_Breast_He_06222020_ST_BC23450_E2_15x26",0.125287904811668,0.153973463632733,0.0668719178783273,0.00479283753971513,0.00106316631111393,0.0765866664250458,0.0894533806937736,0.10174765559742,0.380223007110203,"Human_Breast_He_06222020_ST_BC23450_E2"
"Human_Breast_He_06222020_ST_BC23450_E2_15x28",0.0289285827544977,0.053882070094849,0.0960131776925441,0.15526289046225,0.00862138125705091,0.0824942289926242,0.0357018115921551,0.231757525628089,0.30733833152594,"Human_Breast_He_06222020_ST_BC23450_E2"
"Human_Breast_He_06222020_ST_BC23450_E2_13x8",0.0766176059289301,0.0463507308680664,0.0389197265529529,0.00124259505463242,0.00157881783160721,0.10999407026415,0.0833677581137415,0.161702243944165,0.480226451441754,"Human_Breast_He_06222020_ST_BC23450_E2"
"Human_Breast_He_06222020_ST_BC23450_E2_13x7",0.107399857596555,0.0542633309463113,0.0874928863076779,0.00138655260171246,0.000841699277644569,0.0560359397523677,0.0341482901217847,0.057432108879216,0.60099933451673,"Human_Breast_He_06222020_ST_BC23450_E2"
"Human_Breast_He_06222020_ST_BC23450_E2_17x19",0.10073017601106,0.0595113298808972,0.0615736283107811,0.0237314437255874,0.00225000459124962,0.0589898344321052,0.0177832219200358,0.306969167747933,0.368461193380351,"Human_Breast_He_06222020_ST_BC23450_E2"
"Human_Breast_He_06222020_ST_BC23450_E2_16x20",0.0338253787455376,0.114518507834521,0.0331145295864623,0.00724050917219725,0.00668332622840511,0.139453168227447,0.089454231735442,0.129935090318399,0.445775258151588,"Human_Breast_He_06222020_ST_BC23450_E2"
"Human_Breast_He_06222020_ST_BC23450_E2_16x21",0.093167461374682,0.0592320294885102,0.0609915537257613,0.0753919104658398,0.00468706348471755,0.119828588639222,0.058351479328337,0.075006095639075,0.453343817853855,"Human_Breast_He_06222020_ST_BC23450_E2"
"Human_Breast_He_06222020_ST_BC23450_E2_16x22",0.0256450169445507,0.0776842011223264,0.0383432828876496,0.000983909176066032,0.000726643265853486,0.0860517106035086,0.0321358007901134,0.426396155581438,0.312033279628493,"Human_Breast_He_06222020_ST_BC23450_E2"
"Human_Breast_He_06222020_ST_BC23450_E2_16x23",0.0280677492943125,0.0519663922188206,0.0858831857974214,0.00596893934700858,0.00308165487326444,0.0011980842467813,0.054487773124035,0.371122654757959,0.398223566340397,"Human_Breast_He_06222020_ST_BC23450_E2"
"Human_Breast_He_06222020_ST_BC23450_E2_16x24",0.00787011060982785,0.0986851266842929,0.0818675391698491,0.00199491975754609,0.00153826977641955,0.123258138068631,0.068081256611284,0.264349195782952,0.352355443539198,"Human_Breast_He_06222020_ST_BC23450_E2"
"Human_Breast_He_06222020_ST_BC23450_E2_16x26",0.0346987374623281,0.0733681280830685,0.13610207281883,0.00246452788620212,0.00243654951560892,0.0531824056027986,0.00546455480225996,0.368342185457721,0.323940838371183,"Human_Breast_He_06222020_ST_BC23450_E2"
"Human_Breast_He_06222020_ST_BC23450_E2_16x27",0.108407283956441,0.0373109042838831,0.0824078047302849,0.0289341357983893,0.0254703484801485,0.222450924390661,0.144268016794974,0.0694918433322878,0.281258738232931,"Human_Breast_He_06222020_ST_BC23450_E2"
"Human_Breast_He_06222020_ST_BC23450_E2_16x28",0.0207279748697318,0.0361814655188727,0.051675434778025,0.422265514627633,0.0237949044481177,0.0453396948311033,0.0613879935587209,0.146505337644551,0.192121679723244,"Human_Breast_He_06222020_ST_BC23450_E2"
"Human_Breast_He_06222020_ST_BC23450_E2_4x22",0.0546680751805952,0.057259817345112,0.12394129203797,0.0241920681181857,0.00423548530479381,0.149510113015519,0.0653861616654775,0.19885341630687,0.321953571025477,"Human_Breast_He_06222020_ST_BC23450_E2"
"Human_Breast_He_06222020_ST_BC23450_E2_4x23",0.0224792234227583,0.0626943122121186,0.124941310802517,0.000665828692778347,0.000339545595828134,0.0444278792538835,0.0489569274162081,0.54114916621119,0.154345806392718,"Human_Breast_He_06222020_ST_BC23450_E2"
"Human_Breast_He_06222020_ST_BC23450_E2_20x18",0.0388616588625959,0.0970397090694153,0.0258014918959597,0.0140127261934788,0.00746979963876911,0.0662129524293714,0.0898002216463766,0.321532887951792,0.339268552312241,"Human_Breast_He_06222020_ST_BC23450_E2"
"Human_Breast_He_06222020_ST_BC23450_E2_20x19",0.102257321158075,0.0610901588193069,0.0311517431917218,0.00274502481850428,0.00178504536464621,0.0452752146327972,0.138538268313438,0.345076244677573,0.272080979023938,"Human_Breast_He_06222020_ST_BC23450_E2"
"Human_Breast_He_06222020_ST_BC23450_E2_20x13",0.082384795665763,0.159543555342504,0.022850126678784,0.0079896797682,0.0117930064982587,0.189875018553711,0.0460340462944513,0.187072977297156,0.292456793901172,"Human_Breast_He_06222020_ST_BC23450_E2"
"Human_Breast_He_06222020_ST_BC23450_E2_20x14",0.0171459389180558,0.0645958698431675,0.240469925848843,0.0234567063823518,0.00475386430298384,0.0328858095383841,0.0385076565882854,0.300867729757889,0.277316498820039,"Human_Breast_He_06222020_ST_BC23450_E2"
"Human_Breast_He_06222020_ST_BC23450_E2_20x15",0.0239556556472673,0.0493101480058658,0.017219591517472,0.247488690532547,0.0337806901870405,0.0407286392633526,0.114404050431737,0.262255560911946,0.210856973502772,"Human_Breast_He_06222020_ST_BC23450_E2"
"Human_Breast_He_06222020_ST_BC23450_E2_20x16",0.0769787628196501,0.0869818574923777,0.0223324159425543,0.000976208615255405,0.00100781911211252,0.110067214865718,0.0637065426771695,0.449384823968278,0.188564354506885,"Human_Breast_He_06222020_ST_BC23450_E2"
"Human_Breast_He_06222020_ST_BC23450_E2_20x17",0.051310542862061,0.0734783587770117,0.0419019889113034,0.00839842350962365,0.00311794211154695,0.0800679043170691,0.101416803022812,0.19749970747547,0.442808329013103,"Human_Breast_He_06222020_ST_BC23450_E2"
"Human_Breast_He_06222020_ST_BC23450_E2_22x28",0.0145404513012569,0.0331826508760176,0.0486405147827312,0.169286860377008,0.0390088868453466,0.0726056100685271,0.0392577683444322,0.405458205430014,0.178019051974667,"Human_Breast_He_06222020_ST_BC23450_E2"
"Human_Breast_He_06222020_ST_BC23450_E2_22x27",0.0391896129800399,0.127541337985977,0.0536562854922715,0.000444468871375901,5.34378207526341e-05,0.0994141119774859,0.0172914845956034,0.563894593142306,0.098514667134188,"Human_Breast_He_06222020_ST_BC23450_E2"
"Human_Breast_He_06222020_ST_BC23450_E2_22x25",0.0142795040587232,0.0587620822680002,0.0269518426740277,0.0239500674134174,0.00372258311116436,0.105221724022727,0.0522352373184908,0.484353211766333,0.230523747367116,"Human_Breast_He_06222020_ST_BC23450_E2"
"Human_Breast_He_06222020_ST_BC23450_E2_22x24",0.0340953279500277,0.0394930954764793,0.019576323791806,0.0457742275244572,0.0103584482431491,0.0944967586319394,0.0753955912340851,0.476587854344511,0.204222372803545,"Human_Breast_He_06222020_ST_BC23450_E2"
"Human_Breast_He_06222020_ST_BC23450_E2_22x23",0.00700872024966203,0.109908189629108,0.0231782662761845,0.0474591066495109,0.0679341624325154,0.150001186052046,0.0272980782716788,0.343178415842921,0.224033874596374,"Human_Breast_He_06222020_ST_BC23450_E2"
"Human_Breast_He_06222020_ST_BC23450_E2_22x22",0.0137592660871244,0.087772192050281,0.0341515137156767,0.0290267764544467,0.00262054651882153,0.17137332864836,0.063847645093317,0.314012713711633,0.283436017720339,"Human_Breast_He_06222020_ST_BC23450_E2"
"Human_Breast_He_06222020_ST_BC23450_E2_22x21",0.05233694989755,0.0429190757177233,0.0215099110352119,0.000893782853013408,0.000478531180588404,0.110143169427936,0.04247659798377,0.540331425301961,0.188910556602247,"Human_Breast_He_06222020_ST_BC23450_E2"
"Human_Breast_He_06222020_ST_BC23450_E2_22x20",0.0444541922931988,0.0471778423299137,0.0585394878904733,0.00232560906557578,0.00196879944592357,0.0443228491863921,0.0516859520898929,0.538546863924462,0.210978403774167,"Human_Breast_He_06222020_ST_BC23450_E2"
"Human_Breast_He_06222020_ST_BC23450_E2_19x28",0.0534481288103236,0.128690769836799,0.0599351988442268,0.00195670722431852,0.000971027442310557,0.0638012320274671,0.025445015163404,0.285338303095527,0.380413617555623,"Human_Breast_He_06222020_ST_BC23450_E2"
"Human_Breast_He_06222020_ST_BC23450_E2_15x25",0.0168553833006056,0.0842127796976299,0.0288125228628713,0.0368984033400338,0.0159707509211573,0.0739345720805097,0.0730507292185806,0.378137947667107,0.292126910911505,"Human_Breast_He_06222020_ST_BC23450_E2"
"Human_Breast_He_06222020_ST_BC23450_E2_6x19",0.0233318860567184,0.0565206728072605,0.033000334190573,0.128768618203126,0.00974122755908765,0.122755097516945,0.041033261885313,0.24197218369186,0.342876718089116,"Human_Breast_He_06222020_ST_BC23450_E2"
"Human_Breast_He_06222020_ST_BC23450_E2_6x18",0.0159516048828671,0.0780923108789843,0.022302833312599,0.00240948431191462,0.00171055355686219,0.11064388694123,0.0694891954910719,0.472282680856855,0.227117449767616,"Human_Breast_He_06222020_ST_BC23450_E2"
"Human_Breast_He_06222020_ST_BC23450_E2_6x17",0.0135207620598625,0.1366039621748,0.074194574147388,0.0449437697075252,0.00422162760349503,0.101475612066706,0.0419091210762112,0.379401176915567,0.203729394248446,"Human_Breast_He_06222020_ST_BC23450_E2"
"Human_Breast_He_06222020_ST_BC23450_E2_5x21",0.0136588402193015,0.0632903464842002,0.0314932772584779,0.356594876959819,0.0377583717242643,0.0611089682990856,0.125324828251797,0.0937149002825491,0.217055590520505,"Human_Breast_He_06222020_ST_BC23450_E2"
"Human_Breast_He_06222020_ST_BC23450_E2_5x20",0.0476811471507941,0.0516669751237938,0.0387338151808133,0.0691309520636617,0.00940059043769141,0.104314312228314,0.0857293866227884,0.370506849969802,0.222835971222341,"Human_Breast_He_06222020_ST_BC23450_E2"
"Human_Breast_He_06222020_ST_BC23450_E2_5x23",0.0273376104921297,0.10285891926891,0.0525502600815069,0.0136764141363338,0.00222439440996553,0.0664417905031544,0.0218471474958256,0.554382551045498,0.158680912566677,"Human_Breast_He_06222020_ST_BC23450_E2"
"Human_Breast_He_06222020_ST_BC23450_E2_15x9",0.0502268879165718,0.0782585872086273,0.0640195727899601,0.0126007671767934,0.00246435231700823,0.0822990483722145,0.061832318403395,0.323366882463989,0.324931583351441,"Human_Breast_He_06222020_ST_BC23450_E2"
"Human_Breast_He_06222020_ST_BC23450_E2_5x24",0.0234270063979053,0.109674043198102,0.0210647143152008,0.00533627055610716,0.00476177840873555,0.014473228617865,0.0362966424502873,0.536000573685215,0.248965742370582,"Human_Breast_He_06222020_ST_BC23450_E2"
"Human_Breast_He_06222020_ST_BC23450_E2_12x24",0.0118384848951313,0.0732153201365864,0.0210105572905906,0.220291946162449,0.014290256586761,0.0251709205610707,0.0633198707750548,0.245451634721803,0.325411008870554,"Human_Breast_He_06222020_ST_BC23450_E2"
"Human_Breast_He_06222020_ST_BC23450_E2_14x20",0.0280293923390763,0.104427034187299,0.0428989493582347,0.00194522785168021,0.00102264249159558,0.212975815335113,0.045321676484532,0.300461667954149,0.26291759399832,"Human_Breast_He_06222020_ST_BC23450_E2"
"Human_Breast_He_06222020_ST_BC23450_E2_5x22",0.0385702881325275,0.0600475579428706,0.0323598321801795,0.0658022699909938,0.00908430006364982,0.0661916575390249,0.0860257047537853,0.336277155974439,0.305641233422529,"Human_Breast_He_06222020_ST_BC23450_E2"
"Human_Breast_He_06222020_ST_BC23450_E2_12x23",0.00589050492366546,0.0770440424769709,0.0151199662742594,0.00064920052336038,0.0013079817922618,0.0475923536854735,0.0218106146816779,0.499154536929337,0.331430798712994,"Human_Breast_He_06222020_ST_BC23450_E2"
"Human_Breast_He_06222020_ST_BC23450_E2_27x16",0.0211134329575489,0.041396149066289,0.0188830146259107,0.106058944142826,0.0254292978222886,0.0340240403666398,0.0304894500593237,0.28526311508991,0.437342555869263,"Human_Breast_He_06222020_ST_BC23450_E2"
"Human_Breast_He_06222020_ST_BC23450_E2_12x26",0.0623178382101942,0.0277738187261355,0.0339260207276803,0.00178917342576354,0.00042337790152117,0.0297339678246815,0.0500342677287119,0.587593834004543,0.206407701450768,"Human_Breast_He_06222020_ST_BC23450_E2"
"Human_Breast_He_06222020_ST_BC23450_E2_20x20",0.115873913111993,0.0400861893285544,0.041373320816418,0.102461969362747,0.0159816441766297,0.0637963609283014,0.0534177871418099,0.191155966289542,0.375852848844005,"Human_Breast_He_06222020_ST_BC23450_E2"
"Human_Breast_He_06222020_ST_BC23450_E2_19x18",0.0641356641338649,0.0904474523850635,0.0983750035150882,0.0159626078394325,0.00738977379271555,0.081262645248727,0.0517246876588441,0.301892091536338,0.288810073889926,"Human_Breast_He_06222020_ST_BC23450_E2"
"Human_Breast_He_06222020_ST_BC23450_E2_19x19",0.0449840824571822,0.0467789000499014,0.0312698593736313,0.0263208176691284,0.00422130070739832,0.0956903207956606,0.0985034660691098,0.306112289132514,0.346118963745474,"Human_Breast_He_06222020_ST_BC23450_E2"
"Human_Breast_He_06222020_ST_BC23450_E2_15x11",0.0598463286407075,0.0718031445551296,0.0382587542824613,0.0207541135879321,0.00378219377877076,0.110623534675548,0.0397391519726115,0.347960419085081,0.307232359421757,"Human_Breast_He_06222020_ST_BC23450_E2"
"Human_Breast_He_06222020_ST_BC23450_E2_19x14",0.0230588680239114,0.0480817200797019,0.00968858130775694,0.432286500319403,0.0205625364012474,0.0623089609475252,0.0728955760852194,0.226468058802028,0.104649198033207,"Human_Breast_He_06222020_ST_BC23450_E2"
"Human_Breast_He_06222020_ST_BC23450_E2_19x15",0.0382072463029292,0.126077219849762,0.0580812290986399,0.00140596850428139,0.000364546607534246,0.142891924107369,0.0288596080304372,0.421333619446609,0.182778638052437,"Human_Breast_He_06222020_ST_BC23450_E2"
"Human_Breast_He_06222020_ST_BC23450_E2_19x16",0.138723441533747,0.0629251177926644,0.0511539537655569,0.116523454253779,0.0217659859777786,0.058776874068964,0.0471261379679336,0.30497348286973,0.198031551769847,"Human_Breast_He_06222020_ST_BC23450_E2"
"Human_Breast_He_06222020_ST_BC23450_E2_19x17",0.0748213261237702,0.143449591914295,0.0761550065508364,0.00062369134271011,0.000372930829212528,0.20167949741103,0.0260259942754292,0.129130497175399,0.347741464377317,"Human_Breast_He_06222020_ST_BC23450_E2"
"Human_Breast_He_06222020_ST_BC23450_E2_19x12",0.0250673036989723,0.079799211185713,0.139249646332279,0.00330965694026948,0.00360426810837364,0.129872825891422,0.0270683390416299,0.396023924625853,0.196004824175488,"Human_Breast_He_06222020_ST_BC23450_E2"
"Human_Breast_He_06222020_ST_BC23450_E2_19x13",0.0367332813543779,0.147000318727112,0.105537317579334,0.0166307432461254,0.00557401745250574,0.182079292985497,0.0694842250749114,0.307568833084524,0.129391970495613,"Human_Breast_He_06222020_ST_BC23450_E2"
"Human_Breast_He_06222020_ST_BC23450_E2_15x17",0.034474951888015,0.131599448892933,0.0581263624847807,0.0119450203681531,0.00228010766394193,0.043291723576397,0.0429217738863533,0.408978335193388,0.266382276046039,"Human_Breast_He_06222020_ST_BC23450_E2"
"Human_Breast_He_06222020_ST_BC23450_E2_8x21",0.0177922469770399,0.136188204002055,0.0227780114531371,0.00545307109943014,0.00224610628774011,0.073968282550969,0.042245931209136,0.384389963334169,0.314938183086324,"Human_Breast_He_06222020_ST_BC23450_E2"
"Human_Breast_He_06222020_ST_BC23450_E2_9x14",0.0281493274210818,0.0759488462164437,0.0383631073882297,0.0103759564455221,0.00151549071476671,0.186697517807313,0.0639545653672121,0.349408068682512,0.245587119956919,"Human_Breast_He_06222020_ST_BC23450_E2"
"Human_Breast_He_06222020_ST_BC23450_E2_16x19",0.0539561014448241,0.0995702438026495,0.0583350028014726,0.00410238555057511,0.00217292864618229,0.0387864131968238,0.0409908415758767,0.429429269433941,0.272656813547655,"Human_Breast_He_06222020_ST_BC23450_E2"
"Human_Breast_He_06222020_ST_BC23450_E2_16x18",0.0653210157157315,0.139973142880583,0.0320210679613386,0.0133517743621984,0.00432140034974435,0.0852149498748143,0.0542943223454342,0.194771959479869,0.410730367030288,"Human_Breast_He_06222020_ST_BC23450_E2"
"Human_Breast_He_06222020_ST_BC23450_E2_16x11",0.0795465916227713,0.122708815556473,0.0948674348668583,0.0200095795356326,0.00198752391582383,0.135991495460159,0.0439402916796707,0.322303892667927,0.178644374694685,"Human_Breast_He_06222020_ST_BC23450_E2"
"Human_Breast_He_06222020_ST_BC23450_E2_16x10",0.0736620249463666,0.0897772613411317,0.0550528405854411,0.000275864623108003,0.000505108711309587,0.195912999046027,0.0532663266534179,0.254435861029926,0.277111713063273,"Human_Breast_He_06222020_ST_BC23450_E2"
"Human_Breast_He_06222020_ST_BC23450_E2_16x13",0.121948839713952,0.090344496367688,0.0166096648010761,0.0504435709439519,0.00614631072674928,0.0905384585030552,0.0467528111924585,0.353762172217203,0.223453675533866,"Human_Breast_He_06222020_ST_BC23450_E2"
"Human_Breast_He_06222020_ST_BC23450_E2_16x12",0.102598744977513,0.096851336469478,0.0407071580631122,0.00379293612440351,0.00102979343157327,0.148460562480897,0.0306004228158868,0.38983559213548,0.186123453501657,"Human_Breast_He_06222020_ST_BC23450_E2"
"Human_Breast_He_06222020_ST_BC23450_E2_16x15",0.0244439586574475,0.119101259999029,0.048001867465914,0.000260983115420798,0.000186122614940309,0.133153960393073,0.020284915925741,0.528551847098776,0.126015084729658,"Human_Breast_He_06222020_ST_BC23450_E2"
"Human_Breast_He_06222020_ST_BC23450_E2_16x14",0.0443870930505374,0.0565301588066763,0.096127003382754,0.202306252366653,0.0167057012454117,0.101092479047811,0.0356787296029173,0.332711959483119,0.114460623014121,"Human_Breast_He_06222020_ST_BC23450_E2"
"Human_Breast_He_06222020_ST_BC23450_E2_16x17",0.0169971616400687,0.141171150691441,0.0256105985725895,0.00444812481286879,0.00190338592995487,0.128100424324883,0.0514695205143473,0.347990627387642,0.282309006126204,"Human_Breast_He_06222020_ST_BC23450_E2"
"Human_Breast_He_06222020_ST_BC23450_E2_16x16",0.0812061482671115,0.064825508453353,0.0187545403242818,0.00580950563101088,0.00255191409359892,0.073863738716625,0.0510242871582175,0.319516792225189,0.382447565130612,"Human_Breast_He_06222020_ST_BC23450_E2"
"Human_Breast_He_06222020_ST_BC23450_E2_20x23",0.0356942415273349,0.0796632407752693,0.0398865732604611,0.0404889427677402,0.0099323841787763,0.037925166234727,0.0483819910510007,0.413856728785548,0.294170731419143,"Human_Breast_He_06222020_ST_BC23450_E2"
"Human_Breast_He_06222020_ST_BC23450_E2_20x22",0.0171957014097584,0.0226191696600715,0.00379177524191089,0.0359883927126608,0.00450496466561664,0.0194857688651392,0.0307886433764764,0.551972374923892,0.313653209144474,"Human_Breast_He_06222020_ST_BC23450_E2"
"Human_Breast_He_06222020_ST_BC23450_E2_20x25",0.0429262135804236,0.0563575591591025,0.0507379491977151,0.0305290082168458,0.0063858995175003,0.269810956756472,0.0193540470673411,0.226519409079409,0.29737895742519,"Human_Breast_He_06222020_ST_BC23450_E2"
"Human_Breast_He_06222020_ST_BC23450_E2_20x24",0.0715860401261464,0.0681803293595901,0.0341566734333118,0.0598005132317503,0.0271202246543877,0.0836246509077933,0.0234061068852718,0.0867963121679393,0.545329149233809,"Human_Breast_He_06222020_ST_BC23450_E2"
"Human_Breast_He_06222020_ST_BC23450_E2_25x15",0.0290749795353757,0.0855178461750951,0.0379082944546913,0.00295504901064082,0.00293868225450942,0.05766921473237,0.0646223949388698,0.43032869174922,0.288984847149228,"Human_Breast_He_06222020_ST_BC23450_E2"
"Human_Breast_He_06222020_ST_BC23450_E2_20x26",0.00695006958952433,0.0452945273556707,0.0195661941813573,0.00112901643488733,0.000939444451868781,0.114664366736713,0.0701245483914306,0.455592225651292,0.285739607207257,"Human_Breast_He_06222020_ST_BC23450_E2"
"Human_Breast_He_06222020_ST_BC23450_E2_20x28",0.0455573076123137,0.0502415609660987,0.0113258064687367,0.299761975818147,0.0217650515107422,0.0620041736043845,0.083744738635521,0.135636606736527,0.289962778647529,"Human_Breast_He_06222020_ST_BC23450_E2"
"Human_Breast_He_06222020_ST_BC23450_E2_25x19",0.0257879213767083,0.0584509103507672,0.0255913575441893,0.00481825617386551,0.00257024188647917,0.0690022162852446,0.0189111140999597,0.617176407748259,0.177691574534527,"Human_Breast_He_06222020_ST_BC23450_E2"
"Human_Breast_He_06222020_ST_BC23450_E2_25x18",0.0280672745594279,0.111125880881353,0.0130772114625887,0.0129954794014574,0.0188290710629338,0.112837195969134,0.0872453645306677,0.323107872787516,0.292714649344921,"Human_Breast_He_06222020_ST_BC23450_E2"
"Human_Breast_He_06222020_ST_BC23450_E2_8x24",0.109462261706406,0.0479172416528668,0.0137392038529713,0.144220019387038,0.0216087701722146,0.133811207007459,0.0558450852327113,0.295519021190109,0.177877189798224,"Human_Breast_He_06222020_ST_BC23450_E2"
"Human_Breast_He_06222020_ST_BC23450_E2_18x14",0.089643869103332,0.110246968469343,0.0513156511679782,0.0257081768442211,0.00297806344245685,0.122723782470039,0.0839857648627425,0.277758208576982,0.235639515062905,"Human_Breast_He_06222020_ST_BC23450_E2"
"Human_Breast_He_06222020_ST_BC23450_E2_6x20",0.0126307534112782,0.0571633073324758,0.0331614931115815,0.00110090775483158,0.000952149553930266,0.0667864256156281,0.0509605070708726,0.574057060806866,0.203187395342536,"Human_Breast_He_06222020_ST_BC23450_E2"
"Human_Breast_He_06222020_ST_BC23450_E2_6x21",0.0633163512796874,0.0432450802453264,0.0621527672998094,0.0155954753990459,0.00637415638280036,0.054625958296092,0.0324221685389817,0.478860276539008,0.243407766019248,"Human_Breast_He_06222020_ST_BC23450_E2"
"Human_Breast_He_06222020_ST_BC23450_E2_6x22",0.01067361230932,0.0816274754978545,0.0281113086547912,0.149444213175137,0.0196897910594887,0.056741057388852,0.058789988686258,0.325922958508963,0.268999594719335,"Human_Breast_He_06222020_ST_BC23450_E2"
"Human_Breast_He_06222020_ST_BC23450_E2_6x23",0.00675700237804388,0.0754220436955817,0.0395161319971314,0.000150209939339739,7.57631237706986e-05,0.104468152644899,0.0529785702856518,0.547816805634828,0.172815320300753,"Human_Breast_He_06222020_ST_BC23450_E2"
"Human_Breast_He_06222020_ST_BC23450_E2_6x24",0.0159852838287118,0.0521476439197914,0.139875659727389,0.00201997057675213,0.00101948801550002,0.146288116634909,0.0240267763139276,0.409948058307507,0.208689002675512,"Human_Breast_He_06222020_ST_BC23450_E2"
"Human_Breast_He_06222020_ST_BC23450_E2_17x27",0.0416695590691011,0.0651240660990418,0.0158014550187736,0.129179877306693,0.0123694392810841,0.13484154601819,0.0225076924082535,0.124233191561205,0.454273173237658,"Human_Breast_He_06222020_ST_BC23450_E2"
"Human_Breast_He_06222020_ST_BC23450_E2_17x25",0.0433389123746006,0.0788671973070655,0.0450495959935212,0.00151652442934398,0.00192685266751463,0.124030341940789,0.059371645777021,0.327180505325293,0.318718424184852,"Human_Breast_He_06222020_ST_BC23450_E2"
"Human_Breast_He_06222020_ST_BC23450_E2_22x26",0.0190495925598954,0.0754364958065335,0.0426186927361377,0.0873587579097031,0.00550324510159955,0.131673703496212,0.0561864244753273,0.342646543191936,0.239526544722655,"Human_Breast_He_06222020_ST_BC23450_E2"
"Human_Breast_He_06222020_ST_BC23450_E2_17x24",0.0312983970500377,0.016425692137406,0.0369064129789466,0.0141431426016316,0.00785435553671317,0.148631093216125,0.240030293643065,0.166002758998285,0.33870785383779,"Human_Breast_He_06222020_ST_BC23450_E2"
"Human_Breast_He_06222020_ST_BC23450_E2_17x22",0.0429196146774588,0.0529442825125576,0.0622097310247115,0.0291053764587982,0.00228687448995761,0.044111657750607,0.0272973127077736,0.422852118096567,0.316273032281569,"Human_Breast_He_06222020_ST_BC23450_E2"
"Human_Breast_He_06222020_ST_BC23450_E2_8x16",0.0340948613116439,0.0380674712062387,0.0926502590868709,0.0204579261036895,0.00287277955899973,0.126821580503793,0.0532057666924624,0.326998852706128,0.304830502830174,"Human_Breast_He_06222020_ST_BC23450_E2"
"Human_Breast_He_06222020_ST_BC23450_E2_8x15",0.049374927805381,0.110130689574007,0.020608446185326,0.0330270761816879,0.00410893783221202,0.118937771905239,0.143530396524942,0.172281114838771,0.348000639152434,"Human_Breast_He_06222020_ST_BC23450_E2"
"Human_Breast_He_06222020_ST_BC23450_E2_14x12",0.023662133480162,0.0564255822045488,0.057707144136711,0.157804562832842,0.0246020808613931,0.181874681575796,0.0825772831413588,0.157669779555576,0.257676752211612,"Human_Breast_He_06222020_ST_BC23450_E2"
"Human_Breast_He_06222020_ST_BC23450_E2_14x11",0.066143130830284,0.0973459119054506,0.070199775173067,0.0292019880269099,0.00403352146021108,0.173883634174539,0.0394657281677072,0.252357352093557,0.267368958168274,"Human_Breast_He_06222020_ST_BC23450_E2"
"Human_Breast_He_06222020_ST_BC23450_E2_14x10",0.0893791268928256,0.1004307358063,0.0435421694426952,0.0130914820793413,0.0048696377390789,0.103504132325836,0.0847555120634132,0.266162757213111,0.294264446437398,"Human_Breast_He_06222020_ST_BC23450_E2"
"Human_Breast_He_06222020_ST_BC23450_E2_8x19",0.0317903215177686,0.110310316938429,0.0186910642371013,0.0278159810695846,0.00562973787026814,0.104975394348454,0.0441715922774555,0.461729699547195,0.194885892193743,"Human_Breast_He_06222020_ST_BC23450_E2"
"Human_Breast_He_06222020_ST_BC23450_E2_14x18",0.0645012307898022,0.0389256312914164,0.0449253705482872,0.196916919343466,0.00772853227964551,0.0611381168504506,0.0482439984641582,0.31483966949138,0.222780530941394,"Human_Breast_He_06222020_ST_BC23450_E2"
"Human_Breast_He_06222020_ST_BC23450_E2_21x28",0.0541142556162916,0.137579841478144,0.0944360337308564,0.21183604805068,0.00648871560198283,0.127418559829905,0.0575851037237662,0.156096320754326,0.154445121214047,"Human_Breast_He_06222020_ST_BC23450_E2"
"Human_Breast_He_06222020_ST_BC23450_E2_21x22",0.0404334234307079,0.0403488245544917,0.0107034872032289,0.161438843126326,0.0190277476109032,0.101814111449641,0.104352618009329,0.211503497601109,0.310377447014264,"Human_Breast_He_06222020_ST_BC23450_E2"
"Human_Breast_He_06222020_ST_BC23450_E2_21x23",0.0157917279903382,0.0681197417188686,0.0171594363236701,0.00144025630978681,0.000381145510127488,0.0419994666807118,0.0354781605295036,0.605220553308633,0.21440951162836,"Human_Breast_He_06222020_ST_BC23450_E2"
"Human_Breast_He_06222020_ST_BC23450_E2_21x20",0.0420206600173569,0.0165511028680319,0.0162171005615877,0.0391259341053028,0.00538256026257894,0.186428747764402,0.0362239226074955,0.175684717422131,0.482365254391113,"Human_Breast_He_06222020_ST_BC23450_E2"
"Human_Breast_He_06222020_ST_BC23450_E2_21x21",0.00713551911318759,0.0681203804703686,0.0324526812228068,0.0163230884555891,0.00200862268265273,0.0889351197569879,0.0432094326596036,0.492631995061332,0.249183160577472,"Human_Breast_He_06222020_ST_BC23450_E2"
"Human_Breast_He_06222020_ST_BC23450_E2_21x26",0.0670654253337157,0.10470373190271,0.0671291892638688,0.0592544025378226,0.0140875669944949,0.134538748449894,0.0316872198543469,0.227256288690785,0.294277426972362,"Human_Breast_He_06222020_ST_BC23450_E2"
"Human_Breast_He_06222020_ST_BC23450_E2_21x27",0.0111959212436887,0.0396884923952061,0.020582876406769,0.139366342854956,0.00627492972876747,0.139594022225855,0.0966726551254381,0.331295260595523,0.215329499423797,"Human_Breast_He_06222020_ST_BC23450_E2"
"Human_Breast_He_06222020_ST_BC23450_E2_21x24",0.0577115368005196,0.0431736653520905,0.0203037325106749,0.000117130240072082,0.000139068699702184,0.039342105372321,0.0743484627906158,0.474471126988457,0.290393171245547,"Human_Breast_He_06222020_ST_BC23450_E2"
"Human_Breast_He_06222020_ST_BC23450_E2_21x25",0.0147922480398616,0.0726847223107555,0.0389581550441379,0.0268101946194032,0.0131210422730225,0.142027382029669,0.0574306617922857,0.411979125390355,0.22219646850051,"Human_Breast_He_06222020_ST_BC23450_E2"
"Human_Breast_He_06222020_ST_BC23450_E2_9x13",0.060296603659939,0.0766381810041416,0.0314616962630805,0.0403929002837217,0.0060567991526551,0.128991053571568,0.0536976260189474,0.302661673917003,0.299803466128944,"Human_Breast_He_06222020_ST_BC23450_E2"
"Human_Breast_He_06222020_ST_BC23450_E2_19x25",0.0334642932389675,0.0318807302482559,0.050394122298875,0.0438281866385831,0.00434287674541504,0.167482518254294,0.0287176441779658,0.40383294569863,0.236056682699014,"Human_Breast_He_06222020_ST_BC23450_E2"
"Human_Breast_He_06222020_ST_BC23450_E2_19x24",0.0227456767881783,0.0634144075961051,0.0105335678329691,0.000266562460004547,0.000388330976429029,0.187472851218228,0.0356511958678801,0.550777920343089,0.128749486917116,"Human_Breast_He_06222020_ST_BC23450_E2"
"Human_Breast_He_06222020_ST_BC23450_E2_19x26",0.0528865284800031,0.0943477454393677,0.067967212483462,0.0854395769820486,0.0129550349773877,0.0765394192071499,0.0537433354547441,0.224105121953711,0.332016025022126,"Human_Breast_He_06222020_ST_BC23450_E2"
"Human_Breast_He_06222020_ST_BC23450_E2_19x21",0.0631738826206388,0.0525004927162414,0.063848225419635,0.0541158513359438,0.0115401075645015,0.0391384460393489,0.0416537593911571,0.256894087035868,0.417135147876665,"Human_Breast_He_06222020_ST_BC23450_E2"
"Human_Breast_He_06222020_ST_BC23450_E2_19x20",0.0191107919823818,0.0952471125055589,0.0323324445618139,0.0127782379150123,0.00434365160034943,0.0806293434916225,0.0554018318694109,0.333633147371429,0.366523438702421,"Human_Breast_He_06222020_ST_BC23450_E2"
"Human_Breast_He_06222020_ST_BC23450_E2_19x23",0.0351605107285937,0.035341261627433,0.0102644881014265,0.15436399727921,0.0270034533283855,0.0510878621479915,0.0657556418538523,0.372500929493109,0.248521855439998,"Human_Breast_He_06222020_ST_BC23450_E2"
"Human_Breast_He_06222020_ST_BC23450_E2_19x22",0.0720332319985128,0.0675993067803702,0.0161578706199952,0.0241845050385646,0.00363296707843624,0.128066976819125,0.0427891545602774,0.237602013568193,0.407933973536526,"Human_Breast_He_06222020_ST_BC23450_E2"
"Human_Breast_He_06222020_ST_BC23450_E2_7x23",0.0289967439108433,0.0869603596155161,0.0546047078683979,0.000465086330735728,0.000939687689120708,0.138191131675067,0.0369442719921104,0.433161401343656,0.219736609574553,"Human_Breast_He_06222020_ST_BC23450_E2"
"Human_Breast_He_06222020_ST_BC23450_E2_7x22",0.0293507386635258,0.118947004097952,0.08822392960752,0.00897855894950059,0.00358837396309942,0.137400052656632,0.0520977558180663,0.216707136203713,0.34470645003999,"Human_Breast_He_06222020_ST_BC23450_E2"
"Human_Breast_He_06222020_ST_BC23450_E2_7x21",0.016171059644612,0.114723850951066,0.0216204464985483,0.00224324393487082,0.000559610243722052,0.176348046380038,0.0461967333724345,0.32301781463163,0.299119194343078,"Human_Breast_He_06222020_ST_BC23450_E2"
"Human_Breast_He_06222020_ST_BC23450_E2_7x20",0.0379727479903291,0.0683316983436619,0.0414363420656496,0.0183511045780764,0.00457018539550942,0.14028656209779,0.0577545024732404,0.274232057753236,0.357064799302508,"Human_Breast_He_06222020_ST_BC23450_E2"
"Human_Breast_He_06222020_ST_BC23450_E2_7x25",0.0533039045569966,0.0846549000946085,0.0222872612022639,0.0277973669352528,0.00371912040492396,0.144762601631007,0.049870243735295,0.373224138938754,0.240380462500898,"Human_Breast_He_06222020_ST_BC23450_E2"
"Human_Breast_He_06222020_ST_BC23450_E2_7x24",0.0132464697453391,0.106544166054874,0.0262481656263223,0.00366565181296814,0.00142679180861447,0.0699993600784056,0.0428577035470048,0.429948392589486,0.306063298736986,"Human_Breast_He_06222020_ST_BC23450_E2"
"Human_Breast_He_06222020_ST_BC23450_E2_13x18",0.0388443769231819,0.0868189340805954,0.0823478807014255,0.0807858109924098,0.00951677548035903,0.0837101383511953,0.0650501864111932,0.324200934348313,0.228724962711326,"Human_Breast_He_06222020_ST_BC23450_E2"
"Human_Breast_He_06222020_ST_BC23450_E2_13x19",0.0368803209319834,0.0519735530033403,0.066007006193162,0.0189612887067194,0.0075541830369347,0.0776077429732558,0.0218942228723955,0.362190889087828,0.356930793194381,"Human_Breast_He_06222020_ST_BC23450_E2"
"Human_Breast_He_06222020_ST_BC23450_E2_13x16",0.0579871322078339,0.112844738639899,0.0227906457364681,0.00476293023091045,0.000679420700771002,0.193741006540241,0.0307665759088373,0.352293049141733,0.224134500893306,"Human_Breast_He_06222020_ST_BC23450_E2"
"Human_Breast_He_06222020_ST_BC23450_E2_13x17",0.012263391493142,0.0990251701879883,0.027184365924011,0.0105779389851459,0.00403485528823036,0.0876637333355134,0.0471418386442405,0.535687572813282,0.176421133328447,"Human_Breast_He_06222020_ST_BC23450_E2"
"Human_Breast_He_06222020_ST_BC23450_E2_13x14",0.0281254827675751,0.0864308802164709,0.0333209529825674,0.0074940281336047,0.00320619412467965,0.137166606068946,0.0518534151092239,0.386795154470308,0.265607286126624,"Human_Breast_He_06222020_ST_BC23450_E2"
"Human_Breast_He_06222020_ST_BC23450_E2_13x12",0.0549588063764354,0.104654701531495,0.089455017940963,0.015554181180216,0.00254326820217305,0.156387085502861,0.0557704773813701,0.310293707052857,0.210382754831629,"Human_Breast_He_06222020_ST_BC23450_E2"
"Human_Breast_He_06222020_ST_BC23450_E2_13x13",0.0484422746452078,0.0934011041706061,0.06014810251251,0.0328477525345013,0.00271259896550169,0.219819174263393,0.0847537717711331,0.204399371911934,0.253475849225213,"Human_Breast_He_06222020_ST_BC23450_E2"
"Human_Breast_He_06222020_ST_BC23450_E2_13x10",0.0619027216683592,0.113953324923108,0.0451994360150645,0.0128065224919375,0.00252667443777663,0.103029938388024,0.0399457962900815,0.32314490317351,0.297490682612138,"Human_Breast_He_06222020_ST_BC23450_E2"
"Human_Breast_He_06222020_ST_BC23450_E2_13x11",0.0977007911139399,0.0730022191698096,0.0186782458665192,0.0729931494183365,0.00337192944584505,0.152414938095039,0.0498396146672617,0.249134348488412,0.282864763734837,"Human_Breast_He_06222020_ST_BC23450_E2"
"Human_Breast_He_06222020_ST_BC23450_E2_16x25",0.0299898641191917,0.0175193859244736,0.0182845162385559,0.498778994050409,0.053442915949603,0.0366113849191174,0.094427097951381,0.101264694297049,0.149681146550219,"Human_Breast_He_06222020_ST_BC23450_E2"
