X,label.pred,Invasive cancer,Invasive cancer + lymphocytes,Lymphocytes,Stroma
CID4535_CATCGAATGGATCTCT-1,0,0.2798354,0.27896494,0.22985248,0.21134716
CID4535_GCGTCCAGCTCGTGGC-1,1,0.2827222,0.2834694,0.22605412,0.20775427
CID4535_AGAGGTATCTCGGTCC-1,1,0.28118277,0.2864906,0.22655003,0.20577662
CID4535_CCACTAAACTGAATCG-1,1,0.2799023,0.28563842,0.22699071,0.20746858
CID4535_AATCAGACTGCAGGAC-1,1,0.27855924,0.28127074,0.22807477,0.21209525
CID4535_AAGACTAACCCGTTGT-1,1,0.28351846,0.2853597,0.22483392,0.20628794
CID4535_TTACGGTGTCACCGAG-1,1,0.28234628,0.28458357,0.22568454,0.20738561
CID4535_CTAAACGGGTGTAATC-1,1,0.28217542,0.28407457,0.22661999,0.20713003
CID4535_AGCTTATAGAGACCTG-1,1,0.28245103,0.2838709,0.22669968,0.20697837
CID4535_GAACCATCTGGGAGAC-1,1,0.28293052,0.2847322,0.2257281,0.20660923
CID4535_TGCTATACAAACGGAC-1,0,0.2779897,0.27063736,0.23088929,0.22048369
CID4535_TTCAGAGTAACCTGAC-1,1,0.27998605,0.2839364,0.22729726,0.20878033
CID4535_GATGTCCGGATCACAT-1,1,0.28063414,0.28747192,0.22548556,0.20640834
CID4535_CCATCTTGTTCACAAT-1,1,0.28293756,0.2844027,0.22599718,0.20666263
CID4535_GGTGAAACCGGGAATG-1,0,0.28336158,0.2813913,0.22686842,0.20837869
CID4535_AACTGGTGTGGGCCTT-1,1,0.28312913,0.28492692,0.22424711,0.20769681
CID4535_TTGTTTGTGTAAATTC-1,1,0.27584338,0.2759221,0.23346119,0.21477333
CID4535_GGGTAATGCTGTGTTT-1,1,0.2813835,0.28521925,0.22545291,0.20794438
CID4535_AACGCGAACGGCAACA-1,1,0.28183213,0.28262702,0.2265772,0.2089637
CID4535_TGTCGGCATGGTGGAA-1,1,0.28204206,0.28398135,0.22602025,0.2079564
CID4535_AGCGTACGAGAGCTAG-1,1,0.2820875,0.28522405,0.2261479,0.20654048
CID4535_ACTCAGACCTGCTTCT-1,1,0.28340352,0.28455353,0.22585274,0.20619027
CID4535_TAACCGCCCGCAGTGC-1,2,0.24667731,0.24842124,0.25837776,0.2465236
CID4535_AGAGCTACGAAAGCAT-1,1,0.2830588,0.28331673,0.226247,0.2073775
CID4535_CGTAAACGCTTGAGTG-1,1,0.28278422,0.28543544,0.22524318,0.20653723
CID4535_ATTCCTTCCAGGCGGT-1,1,0.28287074,0.2846265,0.22483504,0.20766771
CID4535_AACTCGATGGCGCAGT-1,1,0.28221175,0.28642568,0.22497463,0.20638795
CID4535_GTGAAACGTGCTCCAC-1,1,0.28081536,0.28443146,0.2246763,0.21007687
CID4535_GTACTGCATGAAGCGT-1,1,0.28105956,0.28334135,0.22620203,0.20939703
CID4535_GAATCGCCGGACACGG-1,0,0.28407717,0.28278443,0.2257023,0.20743614
CID4535_GAAATGGGATGTAAAC-1,1,0.2806764,0.2841761,0.22672984,0.20841774
CID4535_ATTGATAGCAACGAGA-1,1,0.28299782,0.28450152,0.2256822,0.20681849
CID4535_CGGCACTCAAGAAAGT-1,1,0.28079486,0.28608033,0.22643244,0.20669238
CID4535_GTCAAAGTTTACATAG-1,1,0.28117412,0.2828148,0.22769624,0.20831484
CID4535_CATACAAAGCCGAACC-1,0,0.2742582,0.2649056,0.23583178,0.22500446
CID4535_CATCCGCAGGCCCGAA-1,1,0.2818498,0.2831061,0.22683538,0.20820872
CID4535_CCCTGATGTAACTCGT-1,1,0.28162175,0.28461286,0.22528313,0.20848233
CID4535_CTCCGGCTTGTAGACA-1,0,0.2833655,0.2828306,0.22589153,0.20791236
CID4535_CTGAGCAAGTAACAAG-1,0,0.28328228,0.28324503,0.22689272,0.20657991
CID4535_ACGGAATTTAGCAAAT-1,0,0.28291208,0.2805183,0.22780041,0.20876917
CID4535_GGCGCTCCTCATCAAT-1,1,0.28223252,0.2851609,0.22543357,0.20717292
CID4535_CAGTGGTTGCACATGA-1,1,0.2815767,0.2851136,0.22620454,0.20710512
CID4535_AGAGCGGGCTAATCAT-1,1,0.2747379,0.27639458,0.23288792,0.2159796
CID4535_CGGGAGTATACCGCCG-1,1,0.2805444,0.28204238,0.22791648,0.20949681
CID4535_TATTTAGTCTAGATCG-1,0,0.27177754,0.2619579,0.24110325,0.22516137
CID4535_CTGAAAGAGATCCGAC-1,1,0.2826799,0.2839102,0.22571667,0.20769325
CID4535_GTACGAGATTGCGACA-1,0,0.28011876,0.27763838,0.23125756,0.21098527
CID4535_ATACTAGCATGACCCT-1,0,0.28189835,0.27760082,0.22876407,0.21173672
CID4535_TGCCACCTGGCGAAAC-1,1,0.27390215,0.27477,0.234944,0.21638386
CID4535_CGTACCTGATAGGCCT-1,0,0.2831911,0.28316587,0.22619446,0.2074486
CID4535_GCCATATTGCACACAG-1,1,0.28108922,0.28440383,0.22727966,0.2072273
CID4535_AATTCATAAGGGATCT-1,1,0.2820674,0.28696334,0.22574127,0.20522799
CID4535_CGGTAGAGGTGCAGGT-1,1,0.27285844,0.28131148,0.23323093,0.21259917
CID4535_TTGTTCAGTGTGCTAC-1,0,0.2799412,0.27570197,0.23014228,0.21421465
CID4535_CTCGCACCTATATAGT-1,1,0.27950832,0.2835844,0.2279068,0.20900056
CID4535_CAGTAGCCCACGCGGT-1,0,0.278114,0.27698895,0.23207967,0.21281736
CID4535_AGTGGCGGCAATTTGA-1,0,0.27577922,0.2648499,0.2374427,0.2219282
CID4535_CTACTGCCACCTGACC-1,0,0.27901512,0.27573916,0.23255794,0.21268767
CID4535_AGCACCAGTACTCACG-1,0,0.2825758,0.28209117,0.22629486,0.20903815
CID4535_TCTACCGTCCACAAGC-1,1,0.2778001,0.28409362,0.22954153,0.2085648
CID4535_CAGAGCATGAGCTTGC-1,1,0.28196982,0.28835952,0.22533366,0.204337
CID4535_GGCTCTGCTCCAACGC-1,1,0.27894446,0.28493798,0.22801673,0.20810086
CID4535_GTGTACCTTGGCTACG-1,1,0.28214952,0.28385758,0.22662011,0.20737277
CID4535_AAATTACCTATCGATG-1,1,0.2762539,0.27793863,0.23312344,0.21268402
CID4535_CGAGGCTAAATATGGC-1,1,0.2776371,0.27805004,0.23128468,0.21302819
CID4535_GAGCTAAGGGCATATC-1,1,0.28159255,0.28506926,0.22777495,0.2055632
CID4535_ACCCAACGCCCGTGGC-1,1,0.2809183,0.28370348,0.2264144,0.20896389
CID4535_GAACGTCTCATGGTCG-1,1,0.2794171,0.28112596,0.22975227,0.20970471
CID4535_GCATGAGGGACGCGGC-1,0,0.28114018,0.27916577,0.23111056,0.20858343
CID4535_GGGAGAACTCACAGTA-1,1,0.27536365,0.27569118,0.23255132,0.21639386
CID4535_CTCTCACAATCGATGA-1,1,0.28091076,0.28177655,0.22781524,0.20949742
CID4535_CCAAGCGTAACTCGTA-1,1,0.27596885,0.27712232,0.23186472,0.21504405
CID4535_GGTTTCAATCGGTCAG-1,1,0.2772128,0.28375795,0.22874089,0.21028835
CID4535_AAGCTCGTGCCAAGTC-1,0,0.27761602,0.2759787,0.2318387,0.21456657
CID4535_ATAACGCCGGAGGGTC-1,1,0.2797207,0.28075996,0.2285422,0.21097717
CID4535_AGTGAGACTTCCAGTA-1,0,0.27885127,0.2767663,0.23107435,0.21330813
CID4535_AGGGTGCTCTCGAGGG-1,1,0.28017092,0.2846177,0.22694118,0.20827022
CID4535_CTTGTTGCTGAGTCAA-1,0,0.2769514,0.275891,0.2341788,0.21297878
CID4535_CGCACATGTCCACTAC-1,0,0.28028995,0.28027064,0.22936617,0.21007326
CID4535_AGTCGACGGTCTCAAG-1,0,0.27942222,0.27896148,0.2307438,0.21087258
CID4535_ATAGTGAAGCGTTCTC-1,0,0.2827452,0.28071925,0.22876304,0.20777257
CID4535_TACATAGGCATACACC-1,0,0.28661898,0.28434008,0.22303942,0.20600154
CID4535_TAGGTGCTCGCCTAGC-1,1,0.28039393,0.28047982,0.22876579,0.21036047
CID4535_TGCAGTTTCCTCCCAT-1,1,0.2786243,0.28090373,0.22956596,0.21090597
CID4535_CATATAGGTACAGTCA-1,1,0.28225482,0.28353086,0.22685274,0.20736152
CID4535_GATACGATGGGAGTCA-1,1,0.27453786,0.27542588,0.23104055,0.21899569
CID4535_CTGAATCCGAGACCTC-1,1,0.27895072,0.27955678,0.23031878,0.21117371
CID4535_GTGATTCGCCGCTCAA-1,0,0.2823831,0.28113568,0.22767821,0.20880298
CID4535_GAGTATGCCCGCCTTG-1,0,0.2803203,0.27874187,0.22945067,0.21148723
CID4535_TTGGTCACACTCGTAA-1,0,0.2801292,0.28002053,0.22815415,0.2116961
CID4535_AAAGTAGCATTGCTCA-1,1,0.2835142,0.2835597,0.2258676,0.20705841
CID4535_AGTCGTGGGCATTACG-1,0,0.2847752,0.28146103,0.22647294,0.2072909
CID4535_ACAGGTGGAGGTGAGG-1,1,0.28062105,0.2827997,0.2263039,0.21027534
CID4535_CAGACGAACCTGATAC-1,0,0.28005934,0.27261415,0.23015372,0.21717273
CID4535_TCAACAAAGATAATTC-1,0,0.28248757,0.28221658,0.22760814,0.20768768
CID4535_CCAGAAAGCAACTCAT-1,1,0.28028134,0.2851933,0.22722152,0.2073039
CID4535_CACCCGGTTTGTGACT-1,1,0.28154594,0.28351513,0.22665924,0.2082797
CID4535_TAACATACACGCGATC-1,0,0.28075138,0.277936,0.2298354,0.21147713
CID4535_CCGACGGGCATGAGGT-1,0,0.28304854,0.28155032,0.2272803,0.20812084
CID4535_AGCTGTAACCTCAATC-1,0,0.2803185,0.27999967,0.22937377,0.21030813
CID4535_AGGGACTCTACGCGAC-1,1,0.2544633,0.26342067,0.2485498,0.2335663
CID4535_CAGGCGCACGGTGGTC-1,1,0.28052723,0.28090903,0.22837916,0.21018462
CID4535_GATGACAAGTAGGGCA-1,1,0.28302327,0.28401488,0.22495832,0.20800361
CID4535_AAGCGTCCCTCATCGA-1,1,0.28033078,0.281,0.22809313,0.21057613
CID4535_TACTATGGTTCCTCAG-1,0,0.28319365,0.27928528,0.22652407,0.21099709
CID4535_CTTCCGCTCCGTGAAG-1,1,0.27717873,0.28257185,0.22798665,0.21226281
CID4535_AACAGCTGTGTGGCAA-1,1,0.27876878,0.2820629,0.22945471,0.2097136
CID4535_TTAGGTCATAACCGAC-1,1,0.2790634,0.28021508,0.2306031,0.21011837
CID4535_TCAACATAGCGCCCTA-1,1,0.28148746,0.28220358,0.22712119,0.20918779
CID4535_CACCAGTCAGCATGCA-1,1,0.28062266,0.28091413,0.22836483,0.21009846
CID4535_TATATATCGAGAAATG-1,1,0.28163046,0.28373095,0.22624393,0.20839468
CID4535_GAATAGTGCTCGATTA-1,1,0.28059688,0.2809394,0.22979711,0.20866667
CID4535_TTAGAATAAGGGTCGG-1,0,0.2821905,0.2790839,0.22882688,0.20989865
CID4535_GACGGGTTGGCCCGTA-1,0,0.2677087,0.2637421,0.24017228,0.22837698
CID4535_CCTATGGCTCCTAGTG-1,1,0.27970016,0.28050587,0.22782756,0.21196638
CID4535_CGTGCTTCTACCTAAA-1,1,0.28118625,0.28409356,0.22647351,0.20824663
CID4535_CTATAGGCGTTGATGT-1,1,0.27734655,0.28053004,0.23103204,0.2110914
CID4535_GGTTTAATTACCATCG-1,0,0.2799341,0.27599245,0.22886588,0.21520762
CID4535_ATCTGACATGGAAGGA-1,0,0.28226545,0.28057414,0.22628717,0.2108733
CID4535_ATGACTATCAGCTGTG-1,0,0.2831699,0.2816075,0.22534509,0.2098775
CID4535_AGACTGTTACCGGGTC-1,1,0.2700937,0.27286205,0.23727098,0.21977332
CID4535_TAGGCGGCTGCAAAGA-1,0,0.28141874,0.2793145,0.22958477,0.20968205
CID4535_AAGCCGCCGTGAAATC-1,0,0.28179568,0.28034955,0.2281389,0.20971586
CID4535_AGCCCGGCATTAGAGG-1,1,0.28157446,0.28306156,0.2274978,0.2078661
CID4535_TACTCCTCTAGTTGAC-1,0,0.2777575,0.27212974,0.23372719,0.21638557
CID4535_CTCAAACCACTGCCCG-1,0,0.28203177,0.2809452,0.22621636,0.21080661
CID4535_TGATTCCCGGTTACCT-1,1,0.27911827,0.2847223,0.22899878,0.20716068
CID4535_GGGTCAGGAGCTAGAT-1,0,0.2766366,0.2761625,0.23460194,0.21259889
CID4535_ATTATGAGACCCAATT-1,1,0.28171614,0.2842844,0.22659102,0.20740843
CID4535_CAGATATGAAGATGAC-1,1,0.27960667,0.28299353,0.22935683,0.2080429
CID4535_CTGTTGTTCAGTCGTA-1,0,0.28174955,0.2807938,0.22866407,0.20879255
CID4535_AATGTGCTAATCTGAG-1,0,0.2818702,0.28095236,0.22837582,0.2088016
CID4535_AGTCAAATGATGTGAT-1,1,0.28001493,0.28242284,0.2289206,0.20864163
CID4535_CGGCCAGAGCGACCAT-1,1,0.27897665,0.28297746,0.22919503,0.20885092
CID4535_GACCGATTAAATATGT-1,1,0.27844736,0.27999622,0.23059426,0.21096218
CID4535_TGCAGTGGTAGGGAAC-1,1,0.2810327,0.28547102,0.2266348,0.20686147
CID4535_AGAGAAACACCAGAAA-1,0,0.2803142,0.27646822,0.23027228,0.21294528
CID4535_AGCCCGCAACAAGCAG-1,0,0.28211215,0.2814678,0.22697839,0.20944172
CID4535_TCGTACCGACGTCAAG-1,1,0.2809289,0.2821584,0.22815722,0.20875548
CID4535_GCGCGGTCTAGTAACT-1,0,0.28367507,0.28107056,0.22551012,0.20974424
CID4535_CCTTCCGCAACGCTGC-1,0,0.27916914,0.27884537,0.23035714,0.21162833
CID4535_CAGTGTTAATCTCTCA-1,1,0.2794336,0.2795802,0.23085918,0.21012709
CID4535_GTATCTCGGGCGCTTT-1,1,0.28080666,0.2833586,0.2267892,0.20904548
CID4535_CGGATGAATGCTGTGA-1,1,0.28232342,0.28309458,0.22776608,0.20681594
CID4535_CTGATCCCTTTATGCA-1,0,0.28274584,0.27726614,0.2278558,0.21213228
CID4535_CCACGGCAGGTGTAGG-1,0,0.2811725,0.27946696,0.22675498,0.21260549
CID4535_TTGATGCCGCTCGTCG-1,0,0.28000262,0.27661088,0.2295026,0.21388394
CID4535_CTCGTTACGGCTACCA-1,1,0.28251177,0.2832611,0.22495876,0.20926835
CID4535_GAGGAATATCTCTTTG-1,0,0.28013957,0.27999187,0.22872816,0.21114036
CID4535_TGAGGTGTGTGGCGGA-1,1,0.27871123,0.28249922,0.22859539,0.21019417
CID4535_ATATGGGATAGCAACT-1,1,0.28356332,0.28632137,0.22391234,0.20620301
CID4535_GTCTGTAGGTTGAACA-1,1,0.28093883,0.2822198,0.22751805,0.20932323
CID4535_TTAAAGGCGATGCTCG-1,1,0.2819241,0.2851662,0.22628897,0.20662068
