X,label.pred,Invasive cancer + stroma + lymphocytes,Necrosis,Stroma
1142243F_TCGCCGGAGAGTCTTA-1,0,0.59927136,0.1860392,0.21468946
1142243F_TGCATGAGTAGATTCG-1,0,0.68222404,0.17377967,0.14399636
1142243F_TGCCGATGTCATCAAT-1,0,0.56255615,0.34228197,0.09516189
1142243F_GTGGGTCTTCTTTGCG-1,0,0.6818034,0.11812318,0.20007333
1142243F_AGGTCGCCACTTCGGT-1,0,0.589919,0.08532483,0.32475615
1142243F_TACTCACAACGTAGTA-1,0,0.62172866,0.13625722,0.24201415
1142243F_ACGAGTCGCCGGCGTT-1,0,0.6470211,0.20971346,0.14326543
1142243F_GTATCGGGACGAGCTG-1,0,0.47320333,0.32695383,0.19984281
1142243F_CATTCAGGTCAGTGCG-1,0,0.6043714,0.21943957,0.17618904
1142243F_CTAAAGTCCGAAGCTA-1,0,0.6287534,0.21682233,0.15442424
1142243F_CTGGCTGCTAACGTAA-1,0,0.6967973,0.088164024,0.2150387
1142243F_TTATAGATGCACATTA-1,2,0.28161362,0.16583928,0.55254704
1142243F_ATGTGTAGTTTAGTCA-1,0,0.4488333,0.2215969,0.32956973
1142243F_ACCGTTCCCGCTCTGA-1,0,0.67306036,0.21167547,0.115264185
1142243F_CGGCTGCAAGATTAAG-1,0,0.5560202,0.26261514,0.18136467
1142243F_ACTGATTTAGTGATTC-1,0,0.6760611,0.19433238,0.12960656
1142243F_CGGAAATTTCACATCC-1,0,0.5855657,0.29852894,0.115905374
1142243F_ATCCACGCTAAATGTT-1,0,0.601357,0.29253393,0.10610909
1142243F_TAGGAACAGCCTCCAG-1,1,0.4021113,0.52422273,0.07366594
1142243F_ATGGGAACGGAAGCGG-1,0,0.59254843,0.2233987,0.18405285
1142243F_TGGACCACGGCGTTGA-1,0,0.36235765,0.27999145,0.35765088
1142243F_TTCAGAGTAACCTGAC-1,0,0.55697376,0.13539119,0.30763504
1142243F_CTACGTGTTGCCACCA-1,0,0.6314157,0.13521107,0.23337321
1142243F_TTAAGGATACGGAGGT-1,0,0.6900886,0.13311417,0.17679726
1142243F_GGATCAAAGGACGAGG-1,2,0.41383058,0.14805073,0.4381186
1142243F_GTTATCACCTTCTGAA-1,0,0.5559941,0.29862264,0.14538324
1142243F_ATAGTCTTTGACGTGC-1,0,0.46076113,0.40350756,0.13573128
1142243F_GGGTGGTCCAGCCTGT-1,0,0.5194194,0.2790299,0.2015507
1142243F_ACCCTTTAGTTCTCCA-1,0,0.6407638,0.20122035,0.1580158
1142243F_ACAAATTCAGATCTGA-1,0,0.514447,0.39210695,0.093446046
1142243F_CTGGGCTATCCTTTGG-1,0,0.6355204,0.22388177,0.14059784
1142243F_AATAGCAAGCCTCCTG-1,0,0.7302992,0.16669211,0.10300867
1142243F_GGTTCCCTAGTGTCTC-1,0,0.49983668,0.3886557,0.11150765
1142243F_GCCAGGCTTAGTGGTA-1,0,0.4596441,0.24658059,0.29377523
1142243F_ACACATTGACGCAACA-1,0,0.56732917,0.2956096,0.13706125
1142243F_TGGGCCTTGCCTGCAT-1,0,0.5340304,0.14597288,0.3199968
1142243F_GGATCCCTACCAGCTA-1,2,0.4251967,0.13592042,0.4388829
1142243F_AGGCCCAGTGACTGGT-1,2,0.27821022,0.1965052,0.5252845
1142243F_GCTTCCAGCTTAGATT-1,0,0.46502283,0.34272897,0.19224827
1142243F_AACGCGAACGGCAACA-1,0,0.5979904,0.20916784,0.19284181
1142243F_TGTCGGCATGGTGGAA-1,0,0.63640183,0.16246095,0.20113717
1142243F_ATACTCTCGCCACTCT-1,0,0.73605484,0.13373284,0.13021234
1142243F_TCCCGGTCAGGAATTT-1,0,0.44213137,0.3439781,0.21389054
1142243F_CTGGTTCAACGCATCA-1,0,0.68299854,0.16858938,0.14841203
1142243F_GGATACTCATGAATTG-1,0,0.6223246,0.143328,0.23434743
1142243F_GAGCCACGGTAGTAGG-1,0,0.668433,0.23121358,0.10035337
1142243F_TTGACGATTCAGCACG-1,0,0.47044694,0.40495762,0.12459547
1142243F_CGGCTTTGTATGATAA-1,0,0.66420764,0.13376282,0.20202957
1142243F_AATCGGGACACTACGA-1,0,0.69335467,0.11631105,0.19033428
1142243F_CCTCCCGACAATCCCT-1,0,0.65660465,0.12920702,0.21418826
1142243F_CATATTATTTGCCCTA-1,0,0.734089,0.14386053,0.12205045
1142243F_GACTACAATTGCTCGT-1,0,0.5502995,0.28372264,0.16597788
1142243F_AACTGAGGTCAGCGTC-1,0,0.4467537,0.3395597,0.21368653
1142243F_CTCACCGATCCAAACT-1,0,0.59163976,0.18802008,0.22034019
1142243F_CAGTCCAACGCCTTCT-1,0,0.60530293,0.25125715,0.14343992
1142243F_CCCGGCTAGGTGAGAA-1,0,0.63165635,0.12963812,0.23870552
1142243F_ACCACTGTTCAAGAAG-1,0,0.50129366,0.12924927,0.36945713
1142243F_TGGATAGAGTAACAGA-1,2,0.23415858,0.121885434,0.64395607
1142243F_ATTCCTTCCAGGCGGT-1,0,0.6892771,0.17284295,0.13787994
1142243F_GATAAGGCAGATGCAA-1,0,0.5110558,0.2486514,0.24029279
1142243F_GTACTGCATGAAGCGT-1,0,0.5302983,0.13429126,0.33541042
1142243F_TAAAGAGCCCGAAACC-1,0,0.7254675,0.19462222,0.07991029
1142243F_TGTCTACAGTTTCTGT-1,0,0.56231153,0.24468997,0.19299857
1142243F_ACAGCATAGAGCCAGT-1,0,0.53191465,0.22547637,0.24260898
1142243F_TTGGATCGACTTCTGG-1,0,0.59009534,0.1369716,0.27293304
1142243F_CCCGCAGGGCCCAAAG-1,0,0.60836643,0.15074994,0.24088359
1142243F_GGAAGCTCGCTTACAG-1,1,0.39036283,0.5669975,0.042639587
1142243F_TGGTTGGAGGATCCTG-1,0,0.5076934,0.07564728,0.41665936
1142243F_CTAGACTGCATTTCGT-1,0,0.5098087,0.20796198,0.2822293
1142243F_CTGTCACGCCAGGCGC-1,0,0.6846626,0.15951985,0.15581752
1142243F_GAGACCCTGCAACGCC-1,0,0.5467256,0.15411147,0.299163
1142243F_TGCGAGATGGCGGCCA-1,0,0.62888074,0.20805202,0.1630673
1142243F_CCGATCTTAAGAGGCT-1,0,0.5584518,0.10656046,0.33498776
1142243F_GATAGCGTACCACGCG-1,0,0.53612566,0.256984,0.20689039
1142243F_ACCATTAAGGGTGTCA-1,2,0.16540514,0.37219706,0.4623979
1142243F_GGTCCTTCATACGACT-1,0,0.39325887,0.34546992,0.26127124
1142243F_CATTCCCTAAGTACAA-1,0,0.459075,0.12000562,0.42091936
1142243F_ACCCTATAGGACTGAG-1,0,0.45301846,0.2423168,0.30466473
1142243F_ACTGTGCTAGTAGATC-1,1,0.31240663,0.42965582,0.2579376
1142243F_GCGGTCCCTAGACGCA-1,0,0.5844772,0.23228833,0.1832345
1142243F_CCGCCGGTCAACACAC-1,0,0.5604556,0.3140966,0.12544784
1142243F_CATGCTGGCTCCAATT-1,0,0.679554,0.1862935,0.13415256
1142243F_CGTAGCGAATTGTCAG-1,0,0.38138232,0.3460561,0.27256158
1142243F_TTGTATCACACAGAAT-1,0,0.4900764,0.3393511,0.17057261
1142243F_GTCTTAGTACAGCCGG-1,2,0.3852549,0.09911588,0.51562923
1142243F_GTGAGGAGCGGTTGAG-1,0,0.6888468,0.21344414,0.09770905
1142243F_AGGGAAACGAGGTACT-1,0,0.6323869,0.25340134,0.11421173
1142243F_AACTCCTAATCCCATG-1,0,0.5813959,0.21039805,0.208206
1142243F_TGCGAGCCCTTCCGCG-1,0,0.649621,0.2174823,0.13289674
1142243F_TTCCGGCTCGACTTCT-1,0,0.53460616,0.23075654,0.23463735
1142243F_GGAGTACACATGAGCT-1,0,0.5583906,0.16391817,0.2776913
1142243F_GTGTGTCGACGTCGCT-1,0,0.6211185,0.24531493,0.13356665
1142243F_GAAGCTCTTTGCTTAG-1,0,0.63840586,0.10887968,0.25271454
1142243F_ACACCGAGCGCTCTTT-1,0,0.7611231,0.15663567,0.082241245
1142243F_GGGTACCCACGGTCCT-1,0,0.71713144,0.1529613,0.12990722
1142243F_CCAAGGAACAGAGAGG-1,0,0.54537004,0.24765976,0.20697016
1142243F_GTTCTTCCCTCGATGT-1,0,0.48091456,0.4716265,0.047458984
1142243F_GTGCAACAAATGTGGC-1,0,0.7035482,0.12383516,0.17261662
1142243F_CATGCGTTAGACAGAA-1,0,0.7192221,0.11355276,0.16722515
1142243F_AGTTACTCTATCGTGG-1,0,0.5043902,0.1310566,0.36455318
1142243F_GGCAGCGGTAATCCTA-1,0,0.61232996,0.16894548,0.21872456
1142243F_ATTCCTAAGACGTGGA-1,0,0.5610718,0.3709668,0.0679614
1142243F_CATCAAACTGGCGCCC-1,0,0.53354746,0.258331,0.20812157
1142243F_TAGAAACACAATAGTG-1,0,0.4478167,0.11695136,0.43523198
1142243F_GCCTTGTATATGCAGT-1,2,0.39826205,0.17906101,0.42267698
1142243F_GGCGCTCCTCATCAAT-1,1,0.33094227,0.48066583,0.18839186
1142243F_CAGTGGTTGCACATGA-1,0,0.6692758,0.16367304,0.16705115
1142243F_AGTCAGCCACCGCCTG-1,1,0.39383724,0.42857614,0.1775867
1142243F_GTACTTGGGCACTTCT-1,2,0.36124665,0.256287,0.38246632
1142243F_TAATATTGAAATTCGC-1,0,0.4929941,0.22822037,0.2787855
1142243F_ACCAAGAACGCGTGTC-1,0,0.49103752,0.23498996,0.27397248
1142243F_GCCTTCAGCCCTACCG-1,0,0.56518084,0.30489528,0.12992391
1142243F_GATGCTACAAGCGCCT-1,0,0.7105512,0.17451827,0.11493055
1142243F_AACTGATATTAGGCCT-1,1,0.14510195,0.7988742,0.05602394
1142243F_ACGCCAGATGATTTCT-1,1,0.27871338,0.6390123,0.08227431
1142243F_GATTCCGCGTTTCCGT-1,0,0.56915313,0.1800212,0.25082567
1142243F_GGCATATCGGTTCTGC-1,0,0.5123484,0.2778922,0.20975934
1142243F_TATCACTTCGAGTAAC-1,0,0.4864982,0.27040982,0.24309196
1142243F_GGATCATCCCGTACGC-1,2,0.41322625,0.1477824,0.43899134
1142243F_TGACACTTCTCTTTGC-1,0,0.49632007,0.2093288,0.2943511
1142243F_CACCGCGTCCACTCTA-1,0,0.51937246,0.2873225,0.19330506
1142243F_GAAATATGCTTGAATG-1,0,0.49683973,0.3851784,0.117981926
1142243F_CCGTATTAGCGCAGTT-1,0,0.49570227,0.2696151,0.23468265
1142243F_CCTGACAAACTCGCGC-1,0,0.62974465,0.07417869,0.2960767
1142243F_GCTGAGCAACGGTTCT-1,0,0.6535355,0.1483804,0.19808416
1142243F_GATCTTCATTGTCCTC-1,0,0.6011962,0.08019048,0.31861332
1142243F_GTCCTACAGGCGGCTC-1,0,0.57772905,0.12052711,0.3017439
1142243F_AACTTCTGCGTCTATC-1,0,0.57685417,0.33563963,0.08750625
1142243F_TTGAACGAATCCTTTG-1,0,0.47926337,0.31979635,0.20094031
1142243F_CTTGTTTATGTAGCCA-1,0,0.59039336,0.21056074,0.1990458
1142243F_ACACCCGAGAAATCCG-1,0,0.4356108,0.2803136,0.28407553
1142243F_CGCTTCCACTGAAATC-1,0,0.7471893,0.10242134,0.15038939
1142243F_ATTAGATTGATAGCGG-1,0,0.38913378,0.32498625,0.28587994
1142243F_TATTTAGTCTAGATCG-1,0,0.5636303,0.29205737,0.14431232
1142243F_TCCGATAATTGCCATA-1,1,0.15449794,0.7951788,0.05032322
1142243F_ATGGATCCGGCGTCCG-1,1,0.33280456,0.45158988,0.21560557
1142243F_CGTTTCACTTCGGGCG-1,0,0.649792,0.12574132,0.22446673
1142243F_GGCTAAAGGGCGGGTC-1,0,0.6900431,0.13246274,0.17749426
1142243F_ACGGAGCGCAAATTAC-1,0,0.55463964,0.32263213,0.12272826
1142243F_GAATAGCCCTGCGGTC-1,1,0.4529408,0.46455067,0.08250849
1142243F_GCCTATGCTGGGCCTT-1,0,0.5789188,0.11421329,0.30686796
1142243F_ATTACGACTCCACAGT-1,0,0.59863377,0.1314105,0.2699557
1142243F_CTGTTGGCTCTTCTGA-1,0,0.586606,0.10512431,0.3082697
1142243F_GATCGGCGATAAGTCG-1,2,0.34176707,0.28293192,0.375301
1142243F_AGCCTTAAAGCGGAAG-1,0,0.5105999,0.123307675,0.36609235
1142243F_GAATGCCGAAATGACC-1,0,0.6135651,0.14878997,0.23764493
1142243F_CGTCATACCATATCCA-1,0,0.59939224,0.29826328,0.10234454
1142243F_TTAGCAACATGGATGT-1,0,0.42491624,0.19866616,0.37641758
1142243F_TTACATCGTGGCCTGG-1,0,0.7025191,0.15737091,0.14011003
1142243F_CCAATTGAATGTTAAT-1,0,0.71453375,0.1266306,0.15883568
1142243F_ATTATGCCATAGGGAG-1,0,0.65599304,0.20897254,0.13503443
1142243F_GTGCGGGTCTCCAAAT-1,0,0.6047308,0.24108863,0.15418057
1142243F_TTGCACGGAGCAGCAC-1,0,0.65107703,0.17458665,0.17433633
1142243F_TCTTGGTAACACCAAA-1,0,0.54894286,0.20595403,0.2451031
1142243F_AACTGGGTCCCGACGT-1,2,0.33035746,0.26334178,0.40630075
1142243F_AGATCGTGCATAAGAT-1,0,0.5706837,0.15645875,0.27285755
1142243F_TTCGCTATCTGACGTG-1,0,0.66747415,0.12475907,0.20776685
1142243F_ACCCTGGTAACGCCCT-1,0,0.71704376,0.15606365,0.1268926
1142243F_CGTTTACAAGGCAGCT-1,0,0.6199934,0.24760322,0.13240345
1142243F_GGCCACACGAAAGCCT-1,0,0.58523566,0.14262754,0.27213684
1142243F_GTCCTTCTACAACCCA-1,2,0.3282651,0.2915601,0.38017482
1142243F_GCTAAACCTGAGGTGA-1,0,0.5672682,0.24003425,0.19269761
1142243F_TTGGCTCGCATGAGAC-1,0,0.47772226,0.42676723,0.095510535
1142243F_TCACGGTCATCGCACA-1,0,0.7936707,0.07566624,0.13066307
1142243F_TTGTCGTTCAGTTACC-1,0,0.4463794,0.25009108,0.3035295
1142243F_CTCATTTGATGGGCGG-1,0,0.5086875,0.18572994,0.3055825
1142243F_ACGATACATAGAACTA-1,1,0.28055865,0.42912492,0.29031634
1142243F_AGCCACTCCCGTGCTT-1,0,0.51490617,0.13675372,0.34834015
1142243F_CGACTCAGGATGTTAT-1,0,0.51593024,0.28261107,0.20145866
1142243F_TTCCAATCAGAGCTAG-1,0,0.5281621,0.22217637,0.24966149
1142243F_GGAGACCAATGTGCTT-1,0,0.62480193,0.20220327,0.17299482
1142243F_CGTATTGTTTCCTAAT-1,0,0.6148006,0.24056982,0.14462958
1142243F_GTGAGTCTAAGACGGA-1,0,0.4943911,0.27402413,0.23158467
1142243F_TAATGAAAGACCCTTG-1,0,0.53707236,0.32409942,0.13882825
1142243F_AAAGGGCAGCTTGAAT-1,0,0.66518366,0.1778233,0.15699299
1142243F_AGAGCGTACAAGCTCG-1,0,0.57188785,0.12614939,0.3019628
1142243F_GAAAGTGACTAACTGC-1,1,0.30829126,0.5091712,0.1825375
1142243F_AGTATAATACTAGGCA-1,0,0.44092697,0.3659071,0.19316599
1142243F_ATGAGGAGTGTTAATC-1,1,0.1829864,0.74236846,0.07464509
1142243F_GCAAGTGCACAGAGAA-1,0,0.5857281,0.19043241,0.22383954
1142243F_CGCTGTGACGCCGCAC-1,0,0.6264354,0.1812679,0.19229665
1142243F_GTTGCACGGAGTTTCG-1,0,0.5677672,0.16685165,0.2653812
1142243F_GTTTCCTGGAGGGTGA-1,0,0.58553404,0.28485963,0.12960628
1142243F_TCAACCATGTTCGGGC-1,0,0.52372545,0.31810233,0.15817222
1142243F_GCTCTAAACCCTGACG-1,0,0.5652715,0.2771802,0.15754831
1142243F_TTGTTCAGTGTGCTAC-1,0,0.6251188,0.067864046,0.3070171
1142243F_GACAACGACCATTGAA-1,0,0.48830545,0.20117399,0.3105206
1142243F_CCAGTCTAGACGGCGC-1,1,0.41072807,0.42430878,0.16496325
1142243F_CAGTAGCCCACGCGGT-1,0,0.48164624,0.31987107,0.19848268
1142243F_AGCGCGGGTGCCAATG-1,0,0.5585925,0.25129884,0.19010863
1142243F_CGGTTCAAGTAGGTGT-1,0,0.6281803,0.2567997,0.11501995
1142243F_GGGTCGTGGCAAGTGT-1,0,0.56482905,0.29517967,0.13999128
1142243F_TCGCTCGGCACCAGCG-1,0,0.6327042,0.20345666,0.16383915
1142243F_CATTGCGGGTCAATTC-1,0,0.75474846,0.15361217,0.0916393
1142243F_TACACCGTCGTTAGTC-1,0,0.6506699,0.13821213,0.21111798
1142243F_GAAGGCTACCATTGTT-1,0,0.5887589,0.08797893,0.32326216
1142243F_AGTCCCTCGCAGAAAG-1,0,0.5592249,0.15708314,0.283692
1142243F_TCTAACTGTATGTAAA-1,0,0.58814996,0.25037137,0.16147868
1142243F_TTAAACCTGGTTCCTT-1,0,0.6350016,0.18642573,0.17857262
1142243F_AGTTACCGCACATGGT-1,0,0.5489943,0.25512606,0.19587965
1142243F_AGGCTATGGTTAGCTT-1,2,0.2993452,0.19346254,0.50719225
1142243F_CCTGCTATTTGAGAAG-1,0,0.6344019,0.13517502,0.23042312
1142243F_GCTCTCGGGTACCGAA-1,0,0.70731866,0.18667844,0.10600281
1142243F_TCCCAAAGACGAAGGA-1,0,0.60883784,0.24089319,0.15026897
1142243F_CTACTGCCACCTGACC-1,0,0.5403075,0.30603898,0.15365346
1142243F_CATGGTCTAGATACCG-1,0,0.6919749,0.1722328,0.13579229
1142243F_AGAACGTGGTACATTC-1,0,0.55565304,0.33836818,0.1059788
1142243F_TTGTAAGGCCAGTTGG-1,0,0.5713728,0.13732155,0.29130563
1142243F_CTAAATCCTATTCCGG-1,0,0.4273957,0.4184593,0.15414505
1142243F_AAGATTGGCGGAACGT-1,1,0.39959642,0.4774907,0.122912906
1142243F_AACATATCAACTGGTG-1,0,0.63607055,0.16291164,0.20101775
1142243F_AGGTCGCGGAGTTACT-1,0,0.6586579,0.16428246,0.1770596
1142243F_TGATCCCAGCATTAGT-1,0,0.534883,0.11186973,0.35324728
1142243F_GACTCCCAGAATAAGG-1,0,0.56147766,0.30046636,0.13805589
1142243F_CCGCTTGCTGACATGG-1,1,0.4009968,0.51633495,0.08266827
1142243F_GGCCCGTATACCATGC-1,0,0.7494998,0.10932755,0.14117263
1142243F_AAAGCTTGCCTACATA-1,0,0.5772435,0.23240003,0.1903564
1142243F_TATGGCTAGGCTAATT-1,0,0.6578617,0.18930341,0.1528349
1142243F_ATCGTATTCCGAGAAC-1,0,0.48448014,0.16341028,0.35210955
1142243F_GAGAGCGCAGTCCCTG-1,0,0.64231884,0.11662233,0.24105875
1142243F_CCAGCTTCCGCCCGCA-1,0,0.64432025,0.20354427,0.15213548
1142243F_GATATGGATTACGCGG-1,0,0.6127157,0.20743923,0.17984506
1142243F_TCACATCTTATCTGAT-1,0,0.50856274,0.30918363,0.18225358
1142243F_GTGGGCTTAGACACAC-1,1,0.22212411,0.69075763,0.08711832
1142243F_CGTGTCCCATTCGCGA-1,1,0.18844324,0.69193166,0.11962506
1142243F_AACAACTGGTAGTTGC-1,1,0.3901524,0.5377177,0.07212993
1142243F_ACTTGGGACCCGGTGG-1,1,0.10511147,0.86019,0.034698546
1142243F_GTCCGGCTGAATTGCG-1,1,0.33746302,0.5888386,0.07369842
1142243F_CTGGAAATGGATGCTT-1,0,0.60259783,0.1640574,0.23334473
1142243F_GAGACTGATGGGTAGA-1,0,0.46165174,0.28837806,0.24997026
1142243F_TCGCTGGGCGGATTGT-1,0,0.5238183,0.3604097,0.11577194
1142243F_TAAAGCGTTAGGAGAA-1,0,0.40482685,0.3975541,0.19761911
1142243F_GCGCATCCAGTCAGCA-1,1,0.27747244,0.658403,0.06412458
1142243F_CTGGTAACGAGCTCTT-1,0,0.5488039,0.2915122,0.15968391
1142243F_TCCGGCCTAGCGTACA-1,0,0.7371938,0.12627529,0.13653088
1142243F_ATCTGCACCTCTGCGA-1,0,0.569245,0.14427015,0.28648487
1142243F_AGTGAGCCTCGCCGCC-1,0,0.5975678,0.25370276,0.14872944
1142243F_GCATTCAAGGCAACGC-1,0,0.75438434,0.098806955,0.14680879
1142243F_AACTTTACGGGAGCTT-1,0,0.4395327,0.30968654,0.2507807
1142243F_TTCTTGTGTCCATCAG-1,0,0.50144154,0.259802,0.23875652
1142243F_GCGTTATATTTGGAAC-1,0,0.65172625,0.2085921,0.1396817
1142243F_CGTCAAGGCTATAAAT-1,0,0.607727,0.17584611,0.21642686
1142243F_TTAGCTCTGTAATCCG-1,0,0.5641294,0.109860696,0.32600984
1142243F_TCCTCTCCAGTTGTCC-1,0,0.61872756,0.17095089,0.21032158
1142243F_GCTGGCATATTCACCT-1,0,0.60423505,0.18183728,0.21392763
1142243F_GTCAGAATAGTCTATG-1,1,0.4215587,0.43071496,0.14772634
1142243F_TCAGGTTCTTTGAGAA-1,1,0.18252201,0.75143373,0.06604426
1142243F_GAAATGGCGGTGTTAG-1,1,0.16689453,0.8054115,0.027693909
1142243F_TGCAAGAATGACGTAA-1,0,0.5654938,0.17108631,0.2634199
1142243F_GCGAAGCCATACCCGT-1,0,0.7268198,0.13733914,0.13584112
1142243F_TCCTTTCTTACGCTTA-1,0,0.6850614,0.15323253,0.1617061
1142243F_TGCGCAAAGCATTTGG-1,0,0.6696216,0.1362089,0.19416945
1142243F_GGCAATAGTCAATGAG-1,1,0.20462295,0.70689785,0.08847908
1142243F_ACACGAGACTCCTTCT-1,0,0.5180996,0.19266841,0.2892319
1142243F_GACGGTCAATAGAAGC-1,0,0.5577603,0.15734796,0.28489175
1142243F_TCCGAATGGTCCTGAG-1,0,0.6187461,0.22407006,0.1571839
1142243F_TGATGGCTGTTTCTGA-1,0,0.7368031,0.16853397,0.09466294
1142243F_GTCGTCTGGTTGGCTA-1,0,0.5478762,0.24130337,0.21082047
1142243F_CAAGACTCAGAAGCGC-1,1,0.44302687,0.47651482,0.08045827
1142243F_ACGATACCTATCCTGA-1,0,0.57822144,0.20365833,0.21812023
1142243F_GGGCCCTTATCTATAC-1,0,0.6178858,0.158479,0.2236352
1142243F_GGACAAGTTGCAGTGA-1,0,0.49117294,0.11775925,0.39106777
1142243F_ATGGCAGCCGAGAAAC-1,0,0.6174981,0.18786518,0.19463675
1142243F_ACGAAATGGGCGGCAC-1,0,0.40010637,0.24195525,0.35793838
1142243F_TCCCTGGCTCGCTGGA-1,0,0.61413366,0.21053524,0.17533107
1142243F_AAGTAGTGACGCGAGG-1,0,0.44054645,0.43747118,0.1219824
1142243F_CCTCCGACAATTCAAG-1,0,0.50296277,0.3800735,0.11696371
1142243F_GTCGGATATCTCAGAC-1,1,0.40563184,0.5197054,0.07466278
1142243F_GGCTATTAAGTTGTAT-1,1,0.4320878,0.4513067,0.11660553
1142243F_TGTTCTTCCATTGACT-1,0,0.68791074,0.14161731,0.17047189
1142243F_TGACCCACGTTAGACA-1,0,0.6144692,0.11927809,0.2662527
1142243F_TCACGCATTGTAGATC-1,1,0.3405971,0.5714834,0.08791956
1142243F_AAATGGTCAATGTGCC-1,0,0.41792512,0.3984179,0.18365698
1142243F_GGGAGAACTCACAGTA-1,0,0.7374281,0.13528393,0.12728798
1142243F_CCAAGCGTAACTCGTA-1,1,0.36642432,0.45849887,0.17507683
1142243F_TCGGAGTACATGAGTA-1,1,0.41612104,0.42294866,0.16093026
1142243F_GGAGGGCTTGGTTGGC-1,0,0.4640288,0.30264562,0.2333256
1142243F_GGAATGCGCTAGCGTG-1,0,0.44855243,0.115542084,0.43590546
1142243F_GCATTTCCAAGGCTCC-1,0,0.6149635,0.25780177,0.12723477
1142243F_TTGGTATGGCTTGTGT-1,0,0.6104448,0.08342647,0.30612868
1142243F_CATTCCCATTCCGTCG-1,2,0.4457317,0.05558296,0.49868536
1142243F_CCTGTGAAACCGTAAC-1,0,0.6548495,0.1894626,0.1556879
1142243F_ATCGGTTACCTAGTAA-1,0,0.6158413,0.13060844,0.25355026
1142243F_AGTACGGCCCGTATCG-1,0,0.697156,0.136209,0.16663493
1142243F_ATGTTCGTCGACCCAC-1,0,0.566642,0.28964517,0.14371276
1142243F_TTACTATCGGCTTCTC-1,1,0.37898457,0.5438158,0.077199675
1142243F_GAAGCGTGAGGAATTT-1,0,0.62185794,0.24727114,0.13087091
1142243F_ATATCTTAGGGCCTTC-1,0,0.6693353,0.17193139,0.1587333
1142243F_AGGGCTGCAGTTACAG-1,0,0.6478331,0.18684997,0.16531691
1142243F_ATGCGACAGTCCCATT-1,1,0.35412103,0.5511658,0.09471309
1142243F_AAGCTCGTGCCAAGTC-1,1,0.19325098,0.7798745,0.026874537
1142243F_CCCAAACATGCTGCTC-1,0,0.62045956,0.26790628,0.11163409
1142243F_ATATGTCTCCCTAGCC-1,0,0.47152844,0.41360646,0.11486503
1142243F_TCTTTAAGACTATGAA-1,1,0.4153387,0.44012195,0.14453939
1142243F_TGACATCGAGCGGACC-1,0,0.6415675,0.19759455,0.16083796
1142243F_TATTGACATTTCTGCC-1,0,0.70502955,0.13374268,0.1612278
1142243F_GGCCCGGAGCATGTCT-1,0,0.61809295,0.07848282,0.3034242
1142243F_CAGGACAGCTGCCCTT-1,0,0.4481633,0.16438927,0.38744742
1142243F_GTGCTGCAGATAAGGA-1,0,0.51650244,0.33875966,0.14473785
1142243F_GGCCTTTGCAACTGGC-1,0,0.6775989,0.18735062,0.1350505
1142243F_GTCGTACCTACGATTG-1,0,0.4934598,0.285474,0.22106618
1142243F_GTCTACTCAATTACAA-1,0,0.6878135,0.21638301,0.09580345
1142243F_AACCAAGACTTCTCTG-1,0,0.54271513,0.38022223,0.077062696
1142243F_TTGCCCTGATCACGGG-1,1,0.31524816,0.577317,0.10743493
1142243F_TCGAGACCAACACCGT-1,1,0.07065504,0.9093344,0.0200105
1142243F_GCATAGAGCACTCAGG-1,1,0.27455926,0.62467223,0.10076848
1142243F_GCAGATTAGGGATATC-1,0,0.6459497,0.15733021,0.19672014
1142243F_GTACACTTACCTGAAG-1,0,0.7105163,0.09187655,0.19760723
1142243F_CTAGTCACGTCTTAAG-1,1,0.31398812,0.6080073,0.078004636
1142243F_CACGTTCGTGCTCTAG-1,0,0.41760904,0.26753727,0.31485373
1142243F_TATATCCCTGGGAGGA-1,0,0.706753,0.20139457,0.09185238
1142243F_ATATCAACCTACAGAG-1,0,0.7167848,0.14431341,0.1389018
1142243F_AAATAGCTTAGACTTT-1,0,0.73173946,0.15034792,0.11791256
1142243F_GCTTACGTAGTTAGTA-1,0,0.65147126,0.15316817,0.1953605
1142243F_TCTGGCCGTTCAAGTT-1,0,0.69475985,0.22357067,0.08166955
1142243F_TGAGACGTACCTCTCA-1,0,0.5721773,0.2737889,0.15403384
1142243F_ATAAATATTAGCAGCT-1,0,0.43775678,0.32934734,0.23289587
1142243F_CAGGCCGTTTGGGTGT-1,0,0.75289786,0.15100056,0.0961016
1142243F_CGAGGGACTGCGGTCG-1,0,0.6026817,0.1941574,0.20316091
1142243F_CGCACATGTCCACTAC-1,0,0.47048476,0.43975756,0.08975772
1142243F_GTATGTGGGTCTAGTT-1,1,0.3099772,0.59049714,0.09952566
1142243F_TTAGCTGATTTGCCGT-1,0,0.58521634,0.1972856,0.21749806
1142243F_GCTGTTGCTACCGAAC-1,0,0.46027976,0.45618197,0.08353827
1142243F_TATTACCATCCTGCTT-1,0,0.6406881,0.21553257,0.14377926
1142243F_TTGAATTCACGTGAGG-1,0,0.64058435,0.18771873,0.17169698
1142243F_GGTTCTACTCGTCTGA-1,0,0.6037252,0.27643815,0.11983664
1142243F_AGCTCTTCGTAACCTT-1,0,0.60014516,0.1908227,0.20903213
1142243F_ATATCGGTAGGGAGAT-1,0,0.6196981,0.2554968,0.12480509
1142243F_TTGGTTCGCTCAAAGG-1,0,0.722786,0.13551368,0.1417003
1142243F_GTCGGGAACATGGTAG-1,0,0.66058105,0.19079459,0.14862436
1142243F_TCTATTACTAGAGGAT-1,0,0.50907993,0.17389266,0.31702733
1142243F_CCGTTCCGAATCTCGG-1,0,0.48121727,0.34494177,0.17384097
1142243F_CCTGTACTCACGCCCA-1,0,0.6272559,0.2095862,0.1631578
1142243F_CGCCTGGCCTACGTAA-1,0,0.5653494,0.145597,0.2890536
1142243F_CCCGTAAGTCTAGGCC-1,0,0.6654947,0.081952654,0.25255275
1142243F_CGAAACGCAATTCATG-1,0,0.58093697,0.23498853,0.1840745
1142243F_GTCTATCTGAGTTTCT-1,0,0.6339599,0.24211612,0.12392394
1142243F_ATAGTGAAGCGTTCTC-1,0,0.6108295,0.18021622,0.20895427
1142243F_GCCGGGTTAGGGTCGC-1,0,0.52956533,0.18013152,0.29030317
1142243F_GCTGAGGCGTGAGTAT-1,0,0.7305971,0.0947686,0.17463437
1142243F_CAAGGATCGCATGTTC-1,0,0.44021553,0.37003723,0.1897473
1142243F_CGTGCAGACTGGGACA-1,0,0.46599805,0.41066244,0.12333952
1142243F_GTGAGGACACTTAAGG-1,0,0.40814745,0.22362609,0.3682264
1142243F_TCTGCCAGAAACTGCA-1,0,0.52519137,0.17657445,0.2982341
1142243F_AGTGCTTGCACGAATA-1,0,0.5016729,0.20107338,0.29725376
1142243F_AGCAACATATCTTATT-1,1,0.3806507,0.5711261,0.04822313
1142243F_GCTCGCTCATGTCCAA-1,0,0.6436211,0.19016078,0.16621812
1142243F_TATAGATGGTCGCAGT-1,0,0.77811664,0.1346893,0.08719401
1142243F_TTCTTGCTAGCATCTC-1,0,0.593607,0.1749616,0.23143137
1142243F_ACACCTTACTACTTGC-1,0,0.66571236,0.17267373,0.16161394
1142243F_TGCCACACTAGAGGAA-1,1,0.28485563,0.6250529,0.09009144
1142243F_TGCAGATCGTCCTAGG-1,0,0.6972211,0.08605312,0.21672581
1142243F_AGCCCATACATGTAAG-1,0,0.6616057,0.21058418,0.12781008
1142243F_ACCCGGTTACACTTCC-1,0,0.5998014,0.12207633,0.27812222
1142243F_TAACTCATCCGCGCGG-1,0,0.6796453,0.18638869,0.133966
1142243F_TCAACGAGGAGACAAA-1,1,0.43519244,0.44978654,0.11502106
1142243F_AGTTCCTATTTATGTT-1,0,0.64138377,0.10822375,0.25039253
1142243F_GGGATTTACCGCACCT-1,0,0.44178572,0.18855964,0.36965457
1142243F_ATGCCATTTGCGACCA-1,1,0.25789222,0.67809206,0.06401569
1142243F_GCCGCACTCCGTTTCA-1,0,0.667919,0.21791157,0.11416948
1142243F_GAGCACGGCGCCTCTT-1,0,0.6522528,0.18645619,0.16129103
1142243F_GACGGTCCTAGGGTGT-1,0,0.61270887,0.18185358,0.20543763
1142243F_GCTATGCCAGCTTATG-1,1,0.2001129,0.74139076,0.058496367
1142243F_ACGTCTCGTTCCGGGA-1,1,0.07225128,0.87357426,0.054174457
1142243F_CGAGAGCGCGTAGATA-1,1,0.22675937,0.7453245,0.02791613
1142243F_TCAACATCGACCGAGA-1,0,0.6385843,0.20599094,0.15542474
1142243F_AACACGAGACGCGGCC-1,1,0.20619345,0.65588385,0.13792275
1142243F_CATAGTCCACAAGAAC-1,0,0.5823875,0.22530907,0.1923034
1142243F_TCGCCGAAGTTGCGTC-1,0,0.48457524,0.3028332,0.21259154
1142243F_TTGAGAGTACTGCTAA-1,0,0.5095609,0.3368576,0.15358159
1142243F_ATATTCAGTTAAACCT-1,0,0.6285288,0.20936124,0.16211002
1142243F_ATGATGCAATGGTACA-1,0,0.65151143,0.2086097,0.13987882
1142243F_TCACCCTCTTAAGATT-1,0,0.5946047,0.29685828,0.10853697
1142243F_CCGCTATCAGCACCAG-1,0,0.588861,0.3372414,0.07389762
1142243F_CGGGAATTTATGTAAA-1,0,0.69046086,0.12151639,0.18802266
1142243F_TACGACTGCCTCTTAG-1,0,0.59006715,0.19720246,0.21273029
1142243F_AAACTGCTGGCTCCAA-1,0,0.7092373,0.12446623,0.16629645
1142243F_GTACGTTTGCCCGTCA-1,0,0.67685896,0.19108532,0.13205576
1142243F_ACAAATGGTAGTGTTT-1,0,0.48587012,0.39163956,0.12249024
1142243F_GAGTGTGCGGTACCCA-1,0,0.5738694,0.26511443,0.16101612
1142243F_TCTAGTGATATCGTGG-1,0,0.745706,0.122784995,0.13150896
1142243F_AAGTCAATTGTCGTCA-1,0,0.6731096,0.19276051,0.13412994
1142243F_CCGCACACGAACGTGT-1,0,0.6636694,0.16034836,0.17598225
1142243F_ATCATGGACTACCGAC-1,0,0.5930954,0.25962415,0.14728041
1142243F_GCAACACACTAGAACT-1,0,0.5470796,0.31174093,0.14117952
1142243F_CTTCTATGTTGAAGTA-1,0,0.5104905,0.22728513,0.26222438
1142243F_AGTTTGGCCAGACCTA-1,1,0.40339324,0.41558513,0.18102163
1142243F_AACGGCCATCTCCGGT-1,0,0.6141878,0.26148322,0.124329
1142243F_AGTGCGTAGCTCGTAA-1,0,0.595363,0.14603862,0.2585984
1142243F_CGGAACGTAAACATAG-1,0,0.627649,0.16754255,0.20480843
1142243F_TGCGACACCCTAGTGC-1,1,0.1583687,0.8129366,0.02869474
1142243F_ATAAGTTACCGCGACG-1,1,0.3399433,0.611313,0.048743706
1142243F_ATAATAGCTGTTGAAT-1,0,0.6086413,0.1731125,0.21824606
1142243F_CACATATTAGCAGGAT-1,0,0.61811465,0.2635972,0.118288204
1142243F_TCACAGGGAATCGCAA-1,0,0.51853174,0.13281448,0.34865382
1142243F_GTGCTTACATCAGCGC-1,0,0.6617804,0.26138598,0.07683359
1142243F_TCCTATCATAGGTAAC-1,0,0.6849963,0.18459684,0.1304068
1142243F_GTGAAGTCACGACTCG-1,0,0.5839403,0.21580389,0.20025569
1142243F_TGATTCAGGTCCCGCG-1,0,0.6735877,0.20245194,0.12396049
1142243F_TGGCCAATTTGGTACT-1,0,0.61804956,0.19959362,0.18235685
1142243F_AGAAGTGATTCGTGAT-1,1,0.36906183,0.5063388,0.12459936
1142243F_AATGACAGCAATGTCT-1,2,0.291487,0.29421815,0.41429484
1142243F_TTGGATATCGTCTACG-1,1,0.14812367,0.7987903,0.053086102
1142243F_GGTCAGTGGGTCCCAC-1,0,0.5661206,0.25888816,0.17499119
1142243F_TTCTGCCGCGCCTAGA-1,0,0.4485587,0.38858613,0.16285525
1142243F_CCGAACCTTCCCGGCC-1,0,0.6340406,0.17425853,0.19170088
1142243F_GGCTGAAATAGCAAAG-1,0,0.56691176,0.29215696,0.1409313
1142243F_GTTAAAGTAGGACTGG-1,0,0.5484783,0.20107074,0.25045094
1142243F_ACCCTCCCTTGCTATT-1,1,0.23755482,0.4650884,0.2973568
1142243F_CCACAGTACCCATCCT-1,0,0.71199936,0.15101884,0.1369818
1142243F_TAGTCGATCACGGGTT-1,0,0.63391745,0.19351348,0.17256911
1142243F_AGACGAAGTGCCGGTC-1,0,0.67344064,0.21830846,0.10825096
1142243F_AACAGGTAGTATGGAT-1,0,0.81078196,0.0867476,0.1024705
1142243F_ATCTCGTGAGCGAAAC-1,0,0.5939054,0.15877017,0.24732442
1142243F_CGTGGAAGCCTCGTAC-1,0,0.6248478,0.2332604,0.1418918
1142243F_GGTGTTGGGCGTCTTA-1,0,0.4442808,0.21647312,0.33924615
1142243F_ATCCTTCTGAAAGAAC-1,0,0.56927806,0.3465928,0.08412908
1142243F_CTTAAGCAGCGAGCCG-1,1,0.2385639,0.5906148,0.17082131
1142243F_GGCGAGCGAAACGGCA-1,1,0.123917185,0.79951006,0.076572776
1142243F_CTCCCTCCTTTCGATC-1,0,0.53190935,0.29068014,0.17741059
1142243F_CTCATGGTAATTTGCG-1,0,0.5824717,0.18988024,0.2276481
1142243F_AGCGACAGGAACGGTC-1,1,0.17394227,0.75840974,0.06764804
1142243F_ACAGGTGGAGGTGAGG-1,1,0.34850776,0.5672373,0.084254995
1142243F_AATTAGCGCTGCAGCG-1,0,0.6124953,0.26413152,0.12337314
1142243F_CTTGTCAACATTCGAG-1,0,0.78401256,0.11096308,0.10502437
1142243F_ATAAGGTGGAGAACAT-1,0,0.69849175,0.1735715,0.1279367
1142243F_ACCGCAATAACTGCCT-1,0,0.6724558,0.19140379,0.13614045
1142243F_TCGCACCAGGAGGCAG-1,0,0.6855897,0.1794374,0.13497292
1142243F_TTATCCGGGATCTATA-1,0,0.5974742,0.291772,0.11075377
1142243F_AGACCGCTCCGCGGTT-1,0,0.5516389,0.35557768,0.092783384
1142243F_CTGACATAGAAATAGA-1,0,0.676984,0.19994752,0.12306842
1142243F_CAGAATATTCGTTATC-1,0,0.754066,0.10754446,0.1383896
1142243F_CAGATGTTTGTCCCAA-1,1,0.15600017,0.78161055,0.062389307
1142243F_ACGTGACAAAGTAAGT-1,1,0.09120146,0.89384705,0.014951456
1142243F_GATCTAACCGTATTCA-1,1,0.17104289,0.70129085,0.12766631
1142243F_CCCAGTAAACTTGGGA-1,1,0.3808762,0.5245323,0.094591476
1142243F_CGCGAGTCTGCCGGGT-1,0,0.39361212,0.24121317,0.3651747
1142243F_ACAGAACTGAGAACAA-1,0,0.5307838,0.23569639,0.23351975
1142243F_ATTTGCGCGAGTAGCT-1,0,0.45110598,0.3015284,0.24736562
1142243F_GGTCTCTGAATGGACT-1,1,0.42067638,0.43442026,0.14490335
1142243F_GCTCAATCCGTTTATT-1,0,0.56061596,0.19252858,0.24685545
1142243F_AAACCGTTCGTCCAGG-1,0,0.48084673,0.27221498,0.24693832
1142243F_GCCATCGAGCTGCGTG-1,0,0.70542806,0.13148212,0.16308972
1142243F_GTGAGTGGTACAACGC-1,0,0.6231843,0.2646243,0.11219144
1142243F_GAGACTTCGCGACCGA-1,0,0.73623025,0.16261756,0.10115219
1142243F_GTTTGGTAGGGTCAAC-1,0,0.5533932,0.23796019,0.20864661
1142243F_AGGATAAAGTCGGGAT-1,0,0.6085256,0.14418158,0.24729285
1142243F_TGGTCCCACGCTACGG-1,0,0.6305131,0.28404507,0.08544185
1142243F_TTCTGACCGGGCTCAA-1,0,0.6584381,0.2516351,0.0899268
1142243F_TAAGTTGCGACGTAGG-1,1,0.29801238,0.63052815,0.071459405
1142243F_TCCGCGGCCCAATGAA-1,0,0.7642344,0.08331731,0.15244827
1142243F_CCATATGGAAACTATA-1,0,0.6507483,0.13223456,0.2170171
1142243F_TCTCGAGGAGGTTCGC-1,0,0.6347487,0.20217595,0.16307527
1142243F_GTGCAGCGTAGAGTAG-1,0,0.53178316,0.2863065,0.18191037
1142243F_CCACATGGCTCTTTAT-1,0,0.6657658,0.16523452,0.16899966
1142243F_GTCCTACTCTACGGGC-1,0,0.5387268,0.30117592,0.16009733
1142243F_CTCGAGACATACGATA-1,1,0.018628292,0.9726977,0.008674
1142243F_CTTCAGTGGTCGCCTA-1,0,0.52924025,0.2949402,0.1758196
1142243F_GGGCAACCGCACGTGC-1,0,0.7046354,0.14973398,0.1456306
1142243F_GAAGCTCGGACCCGTC-1,0,0.47603744,0.366124,0.1578386
1142243F_GAGGCCCGACTCCGCA-1,1,0.077699594,0.9046931,0.017607246
1142243F_AGCTGTAACCTCAATC-1,2,0.32806048,0.14975949,0.52218
1142243F_TGGCGACTGCTCCAAA-1,0,0.6036624,0.19962594,0.19671172
1142243F_TGCCAATGGGTACTCT-1,0,0.5974988,0.21936561,0.18313561
1142243F_CTGCACTCCAGTACAG-1,0,0.6824036,0.21017243,0.107424006
1142243F_CCATTTCTACCTATTA-1,0,0.68829864,0.18455185,0.12714954
1142243F_TATTCCGAGCTGTTAT-1,0,0.76964533,0.12147388,0.10888079
1142243F_TTGAGAAGTTTAGCAT-1,0,0.65051645,0.16614795,0.18333565
1142243F_GGGACAGAGTTACTCC-1,1,0.08827174,0.8954995,0.016228752
1142243F_ATACGGAACGTCGTTT-1,1,0.01590355,0.97912335,0.0049731093
1142243F_AAGCGTCCCTCATCGA-1,1,0.116718195,0.86162865,0.02165313
1142243F_TCGTCAAGTACGCGCA-1,1,0.2886732,0.46128064,0.2500461
1142243F_CCCGTAGCTGGGAAGA-1,1,0.14309733,0.70102054,0.15588209
1142243F_GAGTCAGACCAGAATC-1,1,0.4112967,0.5377019,0.051001374
1142243F_GGGACCCGTATATCTT-1,1,0.17362969,0.6219941,0.20437622
1142243F_AGCAGCCAGATGAATA-1,0,0.58718944,0.33169028,0.081120275
1142243F_TGCCGTGGATCGTCCT-1,0,0.6368233,0.28121364,0.0819631
1142243F_TCCGCCTGTCTACAAG-1,0,0.5667232,0.2602215,0.17305532
1142243F_CGTCGTCCTTCGCGAA-1,0,0.56105644,0.19566298,0.24328056
1142243F_ATCAGCCTCATGCTGC-1,0,0.47537005,0.2750411,0.24958882
1142243F_AGTACTCTTATGCCCA-1,0,0.67357785,0.16044447,0.16597769
1142243F_CTACACTCGCAGATGG-1,0,0.5884195,0.14447989,0.2671006
1142243F_GGAGCAACATTTCAAG-1,0,0.77427477,0.12253481,0.103190444
1142243F_TCTACCCAATAGAGAG-1,0,0.57474065,0.3661659,0.05909347
1142243F_CCGACAATAGGCCGCC-1,0,0.6185926,0.17343843,0.2079689
1142243F_GCAGTTCGATCCGAGC-1,0,0.6517959,0.08035601,0.26784816
1142243F_ATTTGGAGATTGCGGT-1,0,0.38111869,0.35490122,0.26398012
1142243F_AAGGGTTTGATTTCAG-1,2,0.35293454,0.25523698,0.39182845
1142243F_CCGGCCGCGAGCATAT-1,1,0.28806308,0.5748009,0.13713595
1142243F_AAACGAAGATGGAGTA-1,0,0.51984805,0.23801638,0.24213552
1142243F_CCTTTGAATTATGGCT-1,0,0.67333627,0.2311302,0.09553345
1142243F_CATGGTATTAGTTTGT-1,0,0.5891002,0.13989659,0.27100325
1142243F_AACGAAAGTCGTCCCA-1,0,0.51687443,0.12481196,0.35831362
1142243F_TCCCTGGCGTATTAAC-1,1,0.27582785,0.6704951,0.053677138
1142243F_GCTGAATCTTCCAATC-1,0,0.4988063,0.17093956,0.33025414
1142243F_GCGCAAATATATTCAA-1,0,0.46111774,0.19505487,0.34382734
1142243F_GAAGAAACGATATTGT-1,2,0.33840877,0.2634425,0.39814872
1142243F_CTACAAGAAATAACCC-1,1,0.27057388,0.38869277,0.34073332
1142243F_CGCTGTGTGGATGTTG-1,1,0.3407228,0.5884475,0.07082966
1142243F_GGCCGTTTGGGTTTCA-1,0,0.5038126,0.25858095,0.23760653
1142243F_CGGAAAGAATCAAACG-1,0,0.5228089,0.2954095,0.18178159
1142243F_TGAGGAGTGCCAGCTT-1,0,0.5005102,0.3850171,0.11447272
1142243F_CCAGTCTTGTCATAGA-1,0,0.64146,0.2759019,0.08263803
1142243F_TACCTACTCCCAGTAT-1,0,0.5492318,0.3554,0.09536816
1142243F_AAGCACCCTGCGTATC-1,0,0.60303825,0.31370854,0.08325315
1142243F_CGTTAATGTCCCGACG-1,0,0.5701238,0.25452366,0.17535245
1142243F_CGGCGCCATCAATCCC-1,0,0.64300764,0.16334507,0.19364733
1142243F_TCGGCTTGTATCGACG-1,0,0.53388596,0.35441104,0.11170299
1142243F_ACAGCGACATTCTCAT-1,0,0.6200664,0.16631816,0.21361546
1142243F_AAGAGGCCCTTTGGAA-1,1,0.3952594,0.47770098,0.12703964
1142243F_TACTCTTACTTTACTG-1,0,0.6144675,0.15212423,0.23340826
1142243F_CGGTCAGTCCATATTT-1,0,0.5667446,0.16467021,0.26858512
1142243F_AGAACCCTCAATTGGG-1,2,0.40988445,0.1530761,0.43703946
1142243F_CCTATATCGTGTCACG-1,0,0.44051808,0.16731542,0.3921665
1142243F_ACGGCTGGATGTAGAA-1,0,0.44886297,0.30689394,0.24424303
1142243F_CTCGTCGAGGGCTCAT-1,0,0.55123675,0.30132377,0.1474394
1142243F_TAATAGGTCACCAGAA-1,0,0.66251266,0.12621996,0.21126737
1142243F_GATCGCTATATCTCAG-1,1,0.40750882,0.40777957,0.18471159
1142243F_TTGTTTCATTAGTCTA-1,2,0.43562108,0.1201573,0.44422162
1142243F_ATGGGACCTGCTGAAC-1,0,0.37616825,0.29183766,0.33199406
1142243F_CTACTCAAGGTATAGT-1,0,0.59958357,0.19271143,0.20770496
1142243F_CCTTCAGTTAAAGTGA-1,0,0.70511407,0.06971214,0.22517383
1142243F_GACGGGTTGGCCCGTA-1,0,0.7284042,0.10608935,0.16550647
1142243F_CTTGGCCAAGCTGGGA-1,0,0.5878231,0.19109036,0.22108653
1142243F_TTACCCTAGGGATTGG-1,0,0.5915146,0.22281215,0.18567322
1142243F_TAGGTGTTCCACAGAT-1,0,0.5819646,0.2019582,0.2160772
1142243F_TCCAGGGTATATACGA-1,2,0.3829317,0.115208775,0.5018595
1142243F_AGGAAGCTGTCCGCCG-1,1,0.20648979,0.62800384,0.16550632
1142243F_ACCGACACATCTCCCA-1,1,0.11129325,0.84053254,0.04817423
1142243F_GGGCGTGGTTTCCCAG-1,0,0.60341233,0.23585431,0.16073336
1142243F_AACTCCAGAGCGTGTT-1,0,0.5897361,0.21500202,0.19526193
1142243F_TCTCCACAAGTTGAAT-1,0,0.6068562,0.056053296,0.3370905
1142243F_TAACCTAGGGAGTCCA-1,0,0.70751,0.19790016,0.094589785
1142243F_TCAGCTTGAGCTTTCG-1,1,0.18355735,0.6145634,0.20187926
1142243F_TTGAAGGATGGGCGCC-1,1,0.23068014,0.5614455,0.20787437
1142243F_TAGTACCACAACTTTC-1,2,0.23675868,0.33399925,0.4292421
1142243F_CCTATGGCTCCTAGTG-1,1,0.21700247,0.7248978,0.058099713
1142243F_CGTCGCTTGGTTATAC-1,2,0.23312752,0.25160718,0.5152652
1142243F_ATCTGACATGGAAGGA-1,0,0.48139542,0.34156796,0.17703658
1142243F_CTTTGGGATTGTTGCA-1,0,0.68625647,0.15682727,0.15691625
1142243F_GATCTGCTATCTAAGG-1,0,0.55994785,0.25720865,0.18284358
1142243F_CGAATGACGCATAATG-1,0,0.59838694,0.2778716,0.12374144
1142243F_AGGCCTGAGAATCTCG-1,0,0.6548589,0.22417334,0.12096784
1142243F_TTAGTAAACCTGCTCT-1,0,0.69041485,0.07274995,0.23683523
1142243F_TTGTGGTGGTACTAAG-1,0,0.56336665,0.18793175,0.24870162
1142243F_ACAAAGCATGACCTAG-1,0,0.69659245,0.1907319,0.11267559
1142243F_TAATTACGTCAGTAGA-1,0,0.7376615,0.13532764,0.12701085
1142243F_GAGGCCTGTTGATACA-1,0,0.79423934,0.11475138,0.09100929
1142243F_ATATACGCTCGTGACG-1,0,0.63132584,0.21301119,0.15566291
1142243F_TCGCATAAAGGGCGCA-1,0,0.60788673,0.2074905,0.18462282
1142243F_GGGTCTATCGCTTTCC-1,1,0.38583425,0.39745602,0.21670976
1142243F_TATCTGAGCCGATATT-1,1,0.18325442,0.6612864,0.15545917
1142243F_TAGGCGGCTGCAAAGA-1,0,0.53199655,0.13233383,0.33566958
1142243F_ACACCGGTCTGACCGC-1,0,0.4226737,0.27699962,0.3003267
1142243F_CTGGTGAATGGGCCTA-1,2,0.3574336,0.16164894,0.48091748
1142243F_AGCCCGGCATTAGAGG-1,2,0.13755536,0.42417046,0.43827412
1142243F_GTAGCTCCGGGAGGCT-1,1,0.38247958,0.48566303,0.13185732
1142243F_GAGGGAGTCAGATCGC-1,0,0.55495405,0.26960012,0.17544585
1142243F_AGCCAAGCTTTGTGTC-1,0,0.5703438,0.27128235,0.15837383
1142243F_CGTTCAGACCCGCGAA-1,0,0.5560199,0.11964348,0.32433668
1142243F_TCATATGAGCTTTGTT-1,0,0.47495404,0.27424937,0.25079662
1142243F_ATAATTAGCTAAGTAG-1,0,0.44084793,0.21215716,0.34699494
1142243F_CGTTGTCGGCAATTGA-1,0,0.46801484,0.44910577,0.0828794
1142243F_TCTTGCTCCCGATACT-1,0,0.5050991,0.38551444,0.1093865
1142243F_GACATCCGTCGAACTG-1,0,0.7052966,0.121619634,0.17308377
1142243F_GTGACAGCTTCCCACT-1,1,0.29809058,0.64979255,0.052116904
1142243F_AGAAGGTTGTAGGTCG-1,0,0.61649215,0.27995223,0.10355559
1142243F_CAGGCAGTCTTACCAG-1,0,0.5814561,0.12143529,0.29710868
1142243F_CGAGAGCTTTCACTAC-1,0,0.7238279,0.13633698,0.13983504
1142243F_GTTCGGAGCACTCAAC-1,0,0.71030945,0.19481537,0.09487523
1142243F_TCCCTCTTCTCAAGGG-1,0,0.7321395,0.11867417,0.14918628
1142243F_TTACGTATCTATGACA-1,0,0.7030035,0.10820835,0.18878813
1142243F_AGGTGTTGCCGACCAC-1,0,0.64911634,0.20898065,0.14190306
1142243F_TACCCTCGGTAACCCT-1,0,0.6925725,0.16284202,0.1445855
1142243F_GTCACTCATGAGCGAT-1,0,0.45317852,0.25634134,0.2904801
1142243F_GAGATCGATCTTACTC-1,2,0.37398657,0.13185728,0.4941562
1142243F_CGATAGCGATACAGTG-1,0,0.67184865,0.117090404,0.21106097
1142243F_CACCGGTAGAGACATT-1,1,0.30416694,0.6134422,0.08239084
1142243F_AGCCCTCCCTGGTGGC-1,1,0.23116851,0.69783044,0.07100104
1142243F_AACCCGACAACCCGTG-1,0,0.4864392,0.158284,0.35527682
1142243F_TGACCAAATCTTAAAC-1,0,0.5535615,0.16147827,0.28496024
1142243F_AAACTCGGTTCGCAAT-1,0,0.61902696,0.2711935,0.1097796
1142243F_TCGCCGACATATTCGC-1,0,0.7143641,0.10280699,0.18282887
1142243F_CGTAGAGAGTAATTAT-1,0,0.61913675,0.17179711,0.20906614
1142243F_CGATAGTCGTACTGCA-1,0,0.4357409,0.1893272,0.37493187
1142243F_AGCATTACGAGGCAAG-1,0,0.59150267,0.23773609,0.17076127
1142243F_TTGCTCATAGTACGTG-1,0,0.5746752,0.23439215,0.1909327
1142243F_TAGGCCTATATAGTCT-1,0,0.7773529,0.12597756,0.09666958
1142243F_TATTGCCGGGCTTGTA-1,1,0.18376969,0.4224716,0.39375865
1142243F_TGACTCTAACTGGTAA-1,0,0.6373512,0.18201365,0.18063515
1142243F_GAGTTGTCACCAGTCT-1,0,0.46003276,0.12735033,0.41261694
1142243F_AGCGAGACGTGAAGGC-1,2,0.29518682,0.22976713,0.4750461
1142243F_TACGCTGCTGTGTTAA-1,0,0.5577457,0.16652247,0.27573177
1142243F_ACTGCCCGCCATTCTC-1,0,0.6217957,0.12411311,0.2540912
1142243F_GTGAGATAACCTTATA-1,0,0.56843895,0.28755376,0.14400724
1142243F_CAGTTCGAGGACCCGA-1,1,0.30292398,0.6338364,0.06323956
1142243F_CGTAACTTCGACACTT-1,1,0.38770443,0.5280615,0.08423408
1142243F_ATTATCGGAATGTACG-1,0,0.43865228,0.4032775,0.15807024
1142243F_TCAAATTGTTGTGCCG-1,0,0.5288632,0.21193257,0.25920424
1142243F_TCGCTGCCAATGCTGT-1,0,0.6110154,0.1726445,0.21634011
1142243F_TACGTGGGCCCAGGGC-1,0,0.6283712,0.20848389,0.163145
1142243F_CTTCGATTGCGCAAGC-1,0,0.6422663,0.1524005,0.20533326
1142243F_ACAGGCACGGATCCTT-1,1,0.3348388,0.38108975,0.28407142
1142243F_GGATGGCTTGAAGTAT-1,0,0.45590454,0.111353084,0.43274242
1142243F_TTAAAGTAAGTCGCCA-1,0,0.6360346,0.2886326,0.07533279
1142243F_AGGGTCTGGACGCAGT-1,0,0.7094053,0.09890419,0.19169046
1142243F_TAAGTCGGTGAGCTAG-1,0,0.67281246,0.08576561,0.24142197
1142243F_AAATCTGCCCGCGTCC-1,0,0.6094223,0.12202583,0.2685518
1142243F_TAACTGAAATACGCCT-1,2,0.27804232,0.090847835,0.63110983
1142243F_AGTTGCGGTCCTCAAC-1,0,0.51915437,0.090907656,0.38993803
1142243F_CAGTGTTAATCTCTCA-1,0,0.6305946,0.21276897,0.15663639
1142243F_CTCTGCAGGCATTCTT-1,0,0.5285382,0.23766163,0.23380014
1142243F_GTGGGAACAAACCGGG-1,0,0.63712287,0.1472134,0.21566378
1142243F_ACTACAAAGAGAGGTG-1,0,0.5969866,0.071356066,0.33165732
1142243F_ATTGTCTGTTTCATGT-1,0,0.6255457,0.1677461,0.20670813
1142243F_TTGCAAGAAGACTCCT-1,0,0.49524224,0.11300231,0.3917555
1142243F_ACGTAGGAGAGTCGCT-1,0,0.6593856,0.12151714,0.2190973
1142243F_TGTAGCCAATTCCGTT-1,0,0.5060094,0.10859828,0.38539228
1142243F_GCAGCTGTCAACGCAT-1,0,0.72769785,0.109535225,0.16276692
1142243F_ATCTACCATCTGCTCC-1,0,0.6972922,0.042526945,0.26018086
1142243F_TCTCAAATCAATCGGG-1,0,0.7392636,0.053553086,0.20718333
1142243F_AGGATATCCGACTGCA-1,0,0.40609887,0.2610531,0.33284804
1142243F_GACACTTCCAATTACC-1,0,0.46226066,0.15166058,0.3860788
1142243F_AGTAACTATAGCAGCC-1,0,0.6943217,0.13678016,0.16889815
1142243F_GGGAAAGAATGCCAAC-1,0,0.61329406,0.15844564,0.22826031
1142243F_CTTAACTTACAGTATA-1,0,0.48423114,0.26456857,0.25120032
1142243F_TGTTAACAAAGTGACT-1,0,0.6785659,0.15104653,0.17038758
1142243F_TGTTCTCATACTATAG-1,0,0.7798762,0.13539962,0.08472409
1142243F_ACGGGTTGTGACCTGT-1,2,0.37707046,0.20426004,0.41866946
1142243F_AGCTTGATCAGGGTAG-1,0,0.47333214,0.13634434,0.39032355
1142243F_TATAGTTAGGTGTACT-1,2,0.3729389,0.05950765,0.5675534
1142243F_GGTCCACGTCTATTTG-1,0,0.43493342,0.30337808,0.26168844
1142243F_GCTGGGAGCGCGTCAA-1,2,0.3835209,0.1832059,0.43327317
1142243F_CAGCTCTGGGCTCACT-1,0,0.3960156,0.24704164,0.3569427
1142243F_TAGTCTGCGGCACATT-1,0,0.6080307,0.20531374,0.18665548
1142243F_TGGTCGATATACCTCT-1,0,0.4754496,0.15991326,0.3646372
1142243F_GAGAGTCTCGGGAGAG-1,1,0.35730097,0.41068885,0.23201017
1142243F_CGCCGCGTTCTGAACG-1,0,0.39159954,0.2278403,0.38056013
1142243F_TACGCTCCTAGAACTG-1,0,0.67369145,0.09488414,0.23142438
1142243F_GGGCATGCATGTCGAG-1,0,0.6459646,0.16392559,0.19010974
1142243F_CAATGACCCTTAATTT-1,0,0.6390869,0.14857121,0.21234186
1142243F_CTGCGATTTCGAGATT-1,0,0.53607136,0.24427533,0.21965323
1142243F_ATGGTATTGGGAACCG-1,0,0.6704566,0.18852058,0.14102286
1142243F_GAGCTCAACATGAGCG-1,0,0.4375133,0.2184133,0.34407336
1142243F_GTCTGCCGACTCGACG-1,0,0.6860031,0.113623865,0.20037292
1142243F_TACGGGTAATAACATA-1,0,0.6931246,0.11624951,0.19062594
1142243F_AGTGGCCCGCAAATGG-1,0,0.60428,0.26100922,0.13471083
1142243F_CTCGCTAGGTAAGCGA-1,0,0.55420434,0.16271742,0.2830782
1142243F_CGAGACTACTGCTGCT-1,0,0.7687348,0.079655305,0.1516099
1142243F_TCCACCAAGACATAGG-1,0,0.5584171,0.14811297,0.29346997
1142243F_AACGTCGCTGCACTTC-1,0,0.74356943,0.0895723,0.16685821
1142243F_GTTAATAGCGTCATTA-1,0,0.5833658,0.21127097,0.2053632
1142243F_ATACAGCGTCCACTGA-1,0,0.6523463,0.12905043,0.21860325
1142243F_GACCGGTGATACTCTC-1,2,0.31737483,0.08501443,0.5976107
1142243F_CTCCCTTGTATCAAGG-1,2,0.30918962,0.15826835,0.532542
1142243F_ACTTTATACACCACTT-1,0,0.4388892,0.12591833,0.43519244
1142243F_CCGCTCCGGATAAGCT-1,0,0.53625786,0.06570973,0.39803237
1142243F_ACATGCTTACGGCAGC-1,0,0.6117407,0.19543236,0.19282696
1142243F_TCTTGGTCAATGATAC-1,0,0.5282284,0.17273529,0.29903626
1142243F_ACTACCATCCGAGGGC-1,0,0.5270063,0.22876768,0.24422607
1142243F_ACGTTGTCGTTGAAAG-1,0,0.60976666,0.15522026,0.2350131
1142243F_ACCGCTAGTCATTGGT-1,0,0.5316371,0.39232564,0.07603722
1142243F_GACACCCAAAGACGCG-1,0,0.6167037,0.24148744,0.14180887
1142243F_TTGTCTCGGCAAGATG-1,0,0.5795372,0.1768352,0.24362756
1142243F_TCGAATCGCAGGGTAG-1,0,0.5554127,0.24290237,0.20168497
1142243F_GACTCTAGAGTTCCAA-1,0,0.46919742,0.24276528,0.28803736
1142243F_ACTTGTTACCGGATCA-1,0,0.5772116,0.20599313,0.21679524
1142243F_TAACAGGTTCCCTTAG-1,0,0.5423613,0.17638145,0.2812573
1142243F_TGTCGTGGGTATAGGC-1,0,0.57045245,0.23708871,0.19245882
1142243F_CTTAGATGTTTCATCC-1,1,0.38070342,0.5119641,0.107332475
1142243F_CTATCACAACGCTGGA-1,0,0.608456,0.18196861,0.20957534
1142243F_AGCAGTCGAAGCATGC-1,0,0.6020192,0.28585264,0.11212823
1142243F_AGTAATCTAAGGGTGG-1,0,0.46222895,0.13652311,0.4012479
1142243F_AATTATACCCAGCAAG-1,0,0.677923,0.14462484,0.17745213
1142243F_CCTGATTCGCGAAGAA-1,0,0.5597706,0.13216695,0.30806243
1142243F_TCTAACCTAGCCTGCG-1,0,0.5791456,0.2283126,0.19254181
1142243F_ATTCGTCCCGAGGTTA-1,0,0.51575476,0.32335243,0.16089277
1142243F_TATAGCTATTATCTCT-1,0,0.46878088,0.2806639,0.2505552
1142243F_CCGAAACACGACCTCT-1,0,0.56380874,0.09100865,0.3451826
1142243F_GCCACCTTATTCGCGA-1,2,0.2679518,0.20325027,0.5287979
1142243F_CCAGGCGAGATGGTCT-1,0,0.50226754,0.29666263,0.20106979
1142243F_CCCTCATCACAGAGTA-1,1,0.20776206,0.56401443,0.22822349
1142243F_AGCGACTTTGAAGACA-1,0,0.49394286,0.41628963,0.0897675
1142243F_TGGATGGCATCTTGGA-1,0,0.46851942,0.26600593,0.26547468
1142243F_TACTGCATGATTAAAT-1,0,0.46446756,0.10103834,0.43449417
1142243F_AATCCCGCTCAGAGCC-1,0,0.7854871,0.093895756,0.120617144
1142243F_ATCAAAGAGCCGTGGT-1,0,0.60070807,0.25550613,0.14378585
1142243F_ATGTCATAATAAACGA-1,0,0.45351347,0.19628255,0.3502039
1142243F_TCGATTTACGAAACGA-1,0,0.587702,0.14673981,0.26555824
1142243F_CATGATACGGTGAAAC-1,0,0.50145173,0.39269567,0.10585263
1142243F_TGTACTATCGCTCGTT-1,0,0.6989117,0.14004982,0.16103846
1142243F_TTAGCGAATAGATAGG-1,0,0.53089374,0.27461335,0.1944929
1142243F_ACATACAATCAAGCGG-1,0,0.68496215,0.20536333,0.10967448
1142243F_TCCGGGCCACTAACGG-1,0,0.49689594,0.14987572,0.35322833
1142243F_AGTAAGGGACAGAATC-1,0,0.6532413,0.15545861,0.19130014
1142243F_CGCAGTTCTATCTTTC-1,0,0.6275933,0.1962193,0.17618749
