"","Endothelial","CAFs","PVL","Plasmablasts","T-cells","Myeloid","Cancer Epithelial","Normal Epithelial","B-cells","sid"
"10x3",0.00936860176402859,0.104176380332326,0.0664993136143734,0.362233988514013,0.042797389184278,0.180803529128196,0.139627940902842,0.0440030185829115,0.0504898379770327,"BC23268_C1"
"9x3",0.00354692285393307,0.0685861381262982,0.0076698991206401,0.0156426632631909,0.0118921267170674,0.883454962161717,0.00522665288926382,0.000745880877797942,0.00323475399009164,"BC23268_C1"
"9x4",0.00971062886707873,0.137357878666009,0.00518569155266058,0.0188420449507442,0.0373847051543969,0.729830993840335,0.00310322120472653,0.00257142159154601,0.0560134141725028,"BC23268_C1"
"10x4",0.0131641442664114,0.18282210336293,0.0514507568077017,0.241554775060623,0.0157859846572123,0.28222256539939,0.126118969910705,0.0175193067418304,0.0693613937931953,"BC23268_C1"
"10x5",0.04836835567838,0.406981980718305,0.0391623192513133,0.0794001442358086,0.0101278157780103,0.185731454531767,0.20187666966407,0.0129218223659962,0.0154294377763494,"BC23268_C1"
"9x5",0.0263826978644416,0.210750864717514,0.0241385134412781,0.378660826375956,0.0161966230087362,0.204481785319191,0.0585297793245113,0.0176951680869868,0.0631637418613852,"BC23268_C1"
"8x5",0.0412091259176531,0.262553700655294,0.0389976791821414,0.129208038608168,0.0337096591906954,0.353365422228523,0.118705557438126,0.0135221259520306,0.00872869082736843,"BC23268_C1"
"7x5",0.00269610293561094,0.209651912731113,0.00253714726349062,0.302171240621162,0.00133521567025031,0.320456896598544,0.152130427563787,0.00420623895411324,0.00481481766192821,"BC23268_C1"
"30x6",0.0339017875464147,0.270764554822176,0.314436285328722,0.101246344380561,0.0091126270008629,0.038530343400355,0.147425906487754,0.0610007187964462,0.0235814322367083,"BC23268_C1"
"28x6",0.0433668958522678,0.414550609453366,0.0433341318057497,0.0212936134768166,0.00998655700244692,0.0755469280223841,0.158819515251272,0.226877514208292,0.00622423492740595,"BC23268_C1"
"8x6",0.00791021577660241,0.260349169908418,0.00623754975665206,0.141143458375984,0.0189982036074309,0.276437877093111,0.234856839354844,0.0294258743046574,0.0246408118222999,"BC23268_C1"
"11x6",0.00409144213066685,0.267102681778346,0.186890968099592,0.0119802927598289,0.00597825164086504,0.237680002183176,0.263065848834526,0.017708556964868,0.00550195560813082,"BC23268_C1"
"7x6",0.0175961223791251,0.198803981293513,0.0130237257912426,0.132770335224593,0.000434112213882745,0.24636769108176,0.377728158127204,0.00960696525932709,0.00366890862935329,"BC23268_C1"
"6x6",0.00477737710782182,0.32916115493387,0.0145397198834617,0.113101736558628,0.00135689552395074,0.225874834945036,0.266905118275593,0.0412090481325046,0.00307411463913433,"BC23268_C1"
"9x6",0.00981364200877276,0.301219863741676,0.0148134160682566,0.132525624514887,0.00316709201438408,0.343445310828364,0.172463511017879,0.0157282249392014,0.00682331486657842,"BC23268_C1"
"10x6",0.00102054607200704,0.529097510851063,0.0565006076584719,0.0082008037508703,8.63771610873155e-05,0.246212662199875,0.149953929488341,0.00890058428277449,2.69785355093916e-05,"BC23268_C1"
"22x7",0.00642817246708455,0.217262227860791,0.0777072723603129,0.537109758657757,0.00149441836482857,0.0176512423884056,0.0322276041226856,0.0589807188958237,0.0511385848823109,"BC23268_C1"
"11x7",0.0079634282486174,0.465551769325596,0.00315369285097326,0.0286583457725456,0.00388888932195426,0.37707975248515,0.0978319036047011,0.00711614579823825,0.00875607259222375,"BC23268_C1"
"10x7",0.00537187297708536,0.243013236487234,0.0360186261921812,0.0654722384150735,0.00668826473289827,0.309510153223301,0.289842467540366,0.0350740682305614,0.00900907220129928,"BC23268_C1"
"21x7",0.0598894018525969,0.314181870592685,0.0490823753369833,0.0421119284783724,0.0533875973819423,0.0893334409641088,0.247439467862153,0.0675813584138725,0.0769925591172849,"BC23268_C1"
"31x7",0.0171109458270853,0.246820804271151,0.0163951921590273,0.565828161491154,0.00111936452945817,0.00713181253396967,0.0406385661428682,0.10371659007205,0.00123856297323669,"BC23268_C1"
"18x7",0.00673297175791361,0.343657479404413,0.131308114362288,0.146582060454506,0.0196078791938704,0.11176376652158,0.188719849867254,0.0328230188999842,0.0188048595381911,"BC23268_C1"
"29x7",0.0292625873770226,0.341061267727896,0.0378399437021269,0.0109480736776335,0.0832720569324609,0.0734660861894365,0.15592934652922,0.0808336652821339,0.18738697258207,"BC23268_C1"
"15x7",0.00743927308497689,0.202025889221131,0.048622610174414,0.120587375391818,0.00164818543771533,0.221602760042226,0.362544911656824,0.0286839032730995,0.0068450917177958,"BC23268_C1"
"5x7",0.00405725151269595,0.23987732751871,0.0189311702878571,0.17515418121866,0.00299592851863171,0.274373870657308,0.259138810770603,0.0152629872857448,0.0102084722297902,"BC23268_C1"
"9x7",0.0103393493159104,0.397895680284585,0.0363105676591066,0.0733966193583065,0.00205170356498383,0.403730714769361,0.062641428502808,0.00271637826090588,0.0109175582840322,"BC23268_C1"
"13x7",0.158869174322895,0.222407417391015,0.339389552449942,0.0372478797991282,0.00380825851955104,0.114580811073045,0.0507808353843752,0.0230235841435285,0.0498924869165204,"BC23268_C1"
"7x7",0.00308474486457395,0.147869679007272,0.0177804977998352,0.0385382787286821,0.000780005786703631,0.0471567485236259,0.727887057726243,0.0151648364272675,0.00173815113579671,"BC23268_C1"
"14x7",0.00256929007322835,0.193862940733837,0.0235320791380967,0.344888454752934,0.00273429021085072,0.00224457925418046,0.302630856189781,0.123075897545742,0.0044616121013499,"BC23268_C1"
"8x7",0.00572901167281379,0.254339479484589,0.0145255485864326,0.0601840597191477,0.000292070477951418,0.436210231860029,0.221649938849098,0.00624044416349511,0.000829215186443402,"BC23268_C1"
"12x7",0.0180217638607641,0.582775621193986,0.0939689813579422,0.022341096205439,0.00383052701084293,0.134316929190564,0.117927838063841,0.0154753601717906,0.0113418829448298,"BC23268_C1"
"6x7",0.0641442029982153,0.208075361245725,0.0547621384191314,0.38079923018401,0.0194136641115485,0.076351200499105,0.130734872813829,0.0415034565647439,0.0242158731636919,"BC23268_C1"
"11x8",0.012933062209109,0.219474619529936,0.0103147098568942,0.0710484192617434,0.00180597054244638,0.176458651695625,0.45434036884519,0.0503403417258656,0.00328385633319026,"BC23268_C1"
"21x8",0.0247313748750776,0.258309126995341,0.0173027179932793,0.434208645215778,0.000223881325606333,0.100605488448181,0.160705447077314,0.00372311195477045,0.000190206114652177,"BC23268_C1"
"10x8",0.0017476801009768,0.418975704972518,0.0069896124037935,0.154167245800719,0.00246734479623708,0.142354188876724,0.247304012073109,0.0210056297797464,0.00498858119617615,"BC23268_C1"
"5x8",0.00191827539547408,0.433680206198814,0.0192164296252644,0.129633872067745,0.0106947246881254,0.311633694060653,0.092373111841386,0.000284637064891476,0.000565049057646057,"BC23268_C1"
"20x8",0.00167378335257631,0.368457861245883,0.0051809150050632,0.349116340311915,0.000928789450807886,0.0290542096412666,0.205605964228518,0.039362998484449,0.000619138279522056,"BC23268_C1"
"19x8",0.080179887409082,0.206414167944187,0.215101513860967,0.120276128822408,0.0043253195620492,0.102049611653185,0.210153612476602,0.0404033931362015,0.0210963651353181,"BC23268_C1"
"16x8",0.0137934491345825,0.418921423204759,0.0053789771993496,0.0916694636552932,0.0056869391572786,0.124938805900796,0.274592734348642,0.0510737546997513,0.0139444526995475,"BC23268_C1"
"17x8",0.198017978730178,0.405584293887131,0.0785374925661939,0.0533925242965809,0.00669331313012649,0.119724070711889,0.080782978552018,0.0407757031833933,0.016491644942489,"BC23268_C1"
"23x8",0.00636669633381603,0.328655217413413,0.00704961997366743,0.0171627547553053,0.0109031724400272,0.0635234987663766,0.408668457307606,0.113374939127753,0.0442956438820353,"BC23268_C1"
"9x8",0.0220045419166331,0.305948151080166,0.0940218159620008,0.0868913837805041,0.0012626220583824,0.256333779296145,0.223295619635083,0.00799238092421463,0.0022497053468711,"BC23268_C1"
"7x8",0.0113429234490041,0.312550236529121,0.0203384130404858,0.207172168847541,0.00483971892170614,0.151453585535424,0.256378641607601,0.0271520533499176,0.00877225871920058,"BC23268_C1"
"8x8",0.00425665840369695,0.460846091573981,0.0529215740850654,0.231058779938889,0.00155761507803511,0.11370122881783,0.125565223715384,0.00829763033329332,0.00179519805382513,"BC23268_C1"
"6x8",0.0208916015120005,0.25807594908215,0.0312514076027941,0.348189512884426,0.00715298328200783,0.157227289348596,0.136326154487242,0.0300263924641094,0.0108587093366728,"BC23268_C1"
"13x8",0.0164717565289224,0.30329751502215,0.0274871678921633,0.0869759101015634,0.0104697730347672,0.299317173251756,0.197221516256226,0.0425435704294307,0.0162156174830207,"BC23268_C1"
"14x8",0.00727329738396745,0.361133824292261,0.00193138585404915,0.0657318196384307,0.00331671350298018,0.472869054555941,0.0623917063881434,0.00706846553307404,0.0182837328511527,"BC23268_C1"
"18x8",0.150614575294755,0.23642548003025,0.242628053494954,0.166886990495141,0.00170548208909811,0.10907715047053,0.0521023338437147,0.0142485857980732,0.0263113484834848,"BC23268_C1"
"12x8",0.0146006999587216,0.258281610712243,0.0368952436733863,0.0210508727329753,0.00238749287086544,0.236994447289845,0.411408566729112,0.0152133772853645,0.00316768874748745,"BC23268_C1"
"31x9",0.0844813837450925,0.585269372764976,0.0336710947829034,0.27555979117025,2.17317375538498e-05,0.000235748689825605,0.0143593827431125,0.0063836988661125,1.77955001732443e-05,"BC23268_C1"
"28x9",0.0243199319276923,0.315954429855248,0.0549635901176148,0.13673591901304,0.0106079354724078,0.0232930679525336,0.362194087727668,0.0554372868897718,0.0164937510440232,"BC23268_C1"
"21x9",0.035978372238738,0.284156587789623,0.0400081138377247,0.131926979969089,0.0133903862749768,0.144299700133907,0.287628708691127,0.0521607437392852,0.0104504073255294,"BC23268_C1"
"17x9",0.0261146545057994,0.535973354231943,0.0271567443110705,0.0319938027491341,0.000393802501646484,0.050824280080425,0.312025124451416,0.0149657217656781,0.000552515402886674,"BC23268_C1"
"19x9",0.00709810532553264,0.254239105980143,0.00464606077198832,0.0251508994205182,0.00132049060143815,0.102384283214091,0.597715989274678,0.00641794549364816,0.00102711991796289,"BC23268_C1"
"16x9",0.0317830486895234,0.300867438424087,0.217798293371411,0.0527747035862153,0.010740953797797,0.127695084692017,0.198835209655695,0.04913502458176,0.0103702432014947,"BC23268_C1"
"9x9",0.0198923859861168,0.375857032534676,0.0313692853390511,0.0560925203817864,0.0122893486161642,0.184671282743871,0.278101143446319,0.030047051346385,0.0116799496056307,"BC23268_C1"
"10x9",0.0196247697122014,0.314095117661639,0.0050255393786491,0.301044728533887,0.00114151905061456,0.0642177153565695,0.268649842573533,0.0236331330578467,0.0025676346750602,"BC23268_C1"
"18x9",0.0823099793878475,0.339704967958322,0.103627200742881,0.0639711684548484,0.00311249133796911,0.0868909974432587,0.28258545396238,0.0287053446180099,0.009092396094483,"BC23268_C1"
"20x9",0.024498384080366,0.430495418755667,0.0087581088356464,0.0244963873927413,0.000390151261615323,0.217637167972003,0.278174642569656,0.0147476589830702,0.000802080149235826,"BC23268_C1"
"23x9",0.0216624342316084,0.33448284140207,0.00973489603205046,0.152640106955975,0.00460726649263514,0.0918639346016284,0.345827795763768,0.0272402112022884,0.0119405133179767,"BC23268_C1"
"11x9",0.00850909255455242,0.226604965077182,0.0122020769247399,0.19276524838113,0.00238691810486952,0.257176647421227,0.267803436696527,0.0283724548803325,0.00417915995943996,"BC23268_C1"
"8x9",0.0319044314347553,0.329356091968017,0.0150753580492836,0.0966085562293631,0.00476828152335413,0.229264228727082,0.181783699720071,0.0332911955358523,0.0779481568122214,"BC23268_C1"
"5x9",0.110522385769545,0.254458031535824,0.0638109169047036,0.169799666679051,0.0259665510697045,0.257840385469825,0.0244367131641452,0.0249952242347383,0.0681701251724636,"BC23268_C1"
"13x9",0.0278472487470675,0.245491757989457,0.0231948481438183,0.0618991601058056,0.00337522189023646,0.134488768128365,0.433454639416151,0.0563098930030265,0.0139384625760731,"BC23268_C1"
"15x9",0.0158056799814633,0.391374661302119,0.0254737748534654,0.238933668570653,0.00631396584914403,0.206723553580201,0.0768302996818787,0.0177479211952016,0.0207964749858739,"BC23268_C1"
"12x9",0.0101263825494981,0.320679405980419,0.0218613962719519,0.169786479200507,0.00394655328409386,0.122523882541633,0.327003734041862,0.0186448986835868,0.00542726744644769,"BC23268_C1"
"14x9",0.0346066681631,0.177332128472705,0.0893853458725432,0.424036658238269,0.0123627331478874,0.0589330954194592,0.171387475470753,0.0153344861503678,0.0166214090649149,"BC23268_C1"
"7x9",0.00678438102972223,0.261414294058685,0.0762876539725963,0.396173865643262,0.0063248717715392,0.0616878673343289,0.152847143740739,0.0289553729036811,0.00952454954544631,"BC23268_C1"
"6x9",0.0126934827065421,0.329301956448019,0.0318432640512219,0.326960800848848,0.0104697387320146,0.12795579600132,0.114584473230044,0.023659666843909,0.0225308211380812,"BC23268_C1"
"22x10",0.00778082232748846,0.552966882246911,0.00620992454218343,0.0539145714244748,0.00299883789009663,0.162542387118382,0.195739161148683,0.00930216607265526,0.00854524722912524,"BC23268_C1"
"32x10",0.00221977932141445,0.345683154562561,0.00171868967748698,0.383595109616685,0.00243070639537972,0.05298698203903,0.198225040932784,0.0125282654747737,0.000612271979885151,"BC23268_C1"
"17x10",0.00973380557440386,0.411731334079073,0.00957366191224892,0.0033550630100977,0.000242735185281842,0.0265917789060515,0.502342355377876,0.0357092930778129,0.000719972877154787,"BC23268_C1"
"24x10",0.0165844956203972,0.358671405335116,0.00895092948020092,0.241769867767681,0.00476410616683861,0.146812713363123,0.21020100611467,0.00862035281494532,0.00362512333702918,"BC23268_C1"
"19x10",0.00407765548478744,0.371206152348148,0.00406425014444982,0.10588315739574,0.00025912018585853,0.0585176499450833,0.448787458488729,0.00600781725715983,0.00119673875004486,"BC23268_C1"
"10x10",0.0130293691598663,0.371564259774058,0.0396627223535556,0.0388562760099195,0.00557220014230131,0.130621281348974,0.364145182249316,0.0284369529187238,0.00811175604328596,"BC23268_C1"
"11x10",0.0159003803648998,0.321311356112429,0.0158014066040141,0.0808915746931147,0.0034058334085595,0.33241623070379,0.206321073329043,0.0218859135866152,0.00206623119753398,"BC23268_C1"
"21x10",0.0103982459925548,0.202831849294202,0.0290969016699518,0.0970433413809738,0.00118268454929764,0.153138542740898,0.484110336301259,0.0201650506714681,0.00203304739939442,"BC23268_C1"
"18x10",0.00941372075872151,0.255147902870595,0.0101579317560467,0.146639990797417,0.00134572365618085,0.0384605786286105,0.509149262058874,0.0286919732047579,0.00099291626879767,"BC23268_C1"
"20x10",0.0106415991508018,0.439863565092846,0.00451506221797962,0.153587963650382,0.000976495391345689,0.154508573098217,0.217947627818604,0.0167767469380441,0.00118236664177964,"BC23268_C1"
"28x10",0.0722165899887907,0.230028576244525,0.0102507844681126,0.30348589995208,0.0202185811322356,0.130645365848475,0.00931524925278454,0.0203554769226465,0.203483476190349,"BC23268_C1"
"16x10",0.0035671823744608,0.401823211644917,0.00525167965080018,0.119414586310444,0.00683704501961583,0.201508718483753,0.222162777656741,0.0313339653654975,0.0081008334937709,"BC23268_C1"
"9x10",0.0130726898648231,0.275091998700712,0.00962177823619887,0.0933262908673037,0.00302443841337871,0.116685383337082,0.449005229811576,0.039142803069999,0.00102938769892613,"BC23268_C1"
"23x10",0.0154499390163512,0.358102217544258,0.0923377762200061,0.137597825773745,0.0987693246278509,0.0816276860165467,0.0736997054149783,0.0156847324482932,0.126730792937971,"BC23268_C1"
"5x10",0.03442883391072,0.239221309973783,0.0417775965614851,0.19747971080631,0.0320164952444228,0.211645397133168,0.156566655532964,0.0215188925171591,0.0653451083199878,"BC23268_C1"
"29x10",0.012831620979129,0.0459060955813336,0.0741665430832606,0.0614146843191656,0.291368731277418,0.019938262531196,0.125241538313506,0.0424823686808944,0.326650155234098,"BC23268_C1"
"13x10",0.00304351976227704,0.159956644242704,0.0092311547733324,0.0525197433613948,0.000711853548343138,0.0855303222208695,0.683744174017556,0.00460970689506071,0.000652881178462626,"BC23268_C1"
"15x10",0.0161153094759649,0.149654262866257,0.0138176474224983,0.140168432184791,0.00252819272344667,0.0627047212045896,0.574395147627355,0.033184876947023,0.00743140954807535,"BC23268_C1"
"8x10",0.00143894017926165,0.298914117628837,0.0406087009812088,0.00601097273554956,0.000299099469294562,0.22628958899815,0.407495746874156,0.0185264722094728,0.00041636092406937,"BC23268_C1"
"12x10",0.0184692512688861,0.141669560064193,0.0564681179919804,0.33353348486516,0.00264517424427002,0.183384487779251,0.193706400610026,0.0455619972040677,0.0245615259721662,"BC23268_C1"
"14x10",0.0108725566388693,0.412534875973816,0.00659780389349601,0.0237622610757503,0.00217500572322585,0.0273697543763116,0.43211304702207,0.0782074544575526,0.00636724083890774,"BC23268_C1"
"7x10",0.0266859710382182,0.198387579362347,0.0500241226262747,0.18310089378551,0.0184154769262568,0.129761843907114,0.302799033925153,0.0696875355325929,0.0211375428965341,"BC23268_C1"
"6x10",0.0101054231790481,0.28488961856292,0.0677474544161484,0.0742736582902031,0.00185430926731519,0.154536886277645,0.37757992512268,0.0248187138669103,0.0041940110171295,"BC23268_C1"
"25x11",0.00608589291663873,0.281143429752514,0.00995841917123948,0.220132695039896,0.00170439153049725,0.102961638925096,0.338349764869307,0.0338939894955687,0.00576977829924272,"BC23268_C1"
"32x11",0.00872301040714057,0.261232282153576,0.072272100039213,0.0243494418474141,0.0123908150559002,0.102216616564888,0.510404686880818,0.0038273830127942,0.00458366403825653,"BC23268_C1"
"22x11",0.00647829221894136,0.339757189461365,0.0231086274592133,0.127105288641277,0.00130861477465587,0.122372064493233,0.367862214352523,0.011063058417692,0.000944650181099115,"BC23268_C1"
"5x11",0.00298290187094524,0.230594656901488,0.101001965718078,0.289972539078515,0.00375899900275615,0.0993446994068981,0.243883542733712,0.0226178903383494,0.00584280494925895,"BC23268_C1"
"10x11",0.003048838232005,0.277022296689022,0.0673272729248847,0.242430086290919,0.00193310986597911,0.0838981784831618,0.294732647853283,0.0248606259711198,0.00474694368962632,"BC23268_C1"
"28x11",0.0959150149640168,0.256880750666713,0.0113716996423737,0.324907937140622,0.0458191962029798,0.0253852897176013,0.204423293988904,0.00469924136345196,0.0305975763133369,"BC23268_C1"
"26x11",0.00254905214052771,0.225680879172663,0.0598320959538655,0.0891085943804642,0.00116761757818898,0.079793044264416,0.538151849864271,0.00311589812902202,0.000600968516581024,"BC23268_C1"
"19x11",0.0145125394624931,0.266601838451461,0.126240167010416,0.204506624524596,0.000683389019390616,0.144371004445687,0.231041289457769,0.0102085818388362,0.00183456578935189,"BC23268_C1"
"23x11",0.0128528529121324,0.240827072747317,0.0590700153513983,0.277067054914793,0.00319865222725549,0.0542889131675346,0.321067053091203,0.0285372915382345,0.00309109405013085,"BC23268_C1"
"24x11",0.0257120335938925,0.299404782165189,0.0739510117247302,0.124159516572298,0.00192374466410619,0.0985210531757142,0.323432785617319,0.0450666566809471,0.00782841580580423,"BC23268_C1"
"7x11",0.0114567412185327,0.108287972164717,0.0995430220276067,0.113701348572595,0.00569844583607558,0.0922788366521495,0.480089939105598,0.0743978024207561,0.0145458920019689,"BC23268_C1"
"20x11",0.0104679869967593,0.28289269831148,0.0116529915175533,0.108899200258375,0.00154324640167251,0.207921621410721,0.361271521326739,0.0122020449314733,0.00314868884522695,"BC23268_C1"
"21x11",0.0143484844269589,0.334730721533715,0.038342193087687,0.0663004360857662,0.0111707271784414,0.0900316567915139,0.391520266510637,0.0432867867026458,0.0102687276826357,"BC23268_C1"
"8x11",0.0198746171321433,0.310730385195917,0.0794611127351859,0.115749023937513,0.00202005140625039,0.0946990620624016,0.351345167122034,0.0233037874631352,0.0028167929454192,"BC23268_C1"
"16x11",0.00305299527751613,0.113037984912991,0.0137985939401143,0.0570692299751717,0.00337091283800664,0.105097466440232,0.646507930859314,0.0550763158899004,0.00298856986675406,"BC23268_C1"
"18x11",0.0169767174166293,0.184800263556728,0.0150452242600266,0.266845474956852,0.00428591162315033,0.04443429673185,0.418201661456391,0.046308829184785,0.00310162081358789,"BC23268_C1"
"17x11",0.00541065556636613,0.35580080809675,0.0275259759046862,0.208338350442524,0.00743225526253477,0.0600490093528234,0.301658226325491,0.0200208986587606,0.0137638203900642,"BC23268_C1"
"9x11",0.00487571589707604,0.170553977423995,0.0092569513120035,0.199412297422946,0.00239158749725369,0.147629062727475,0.423355917575383,0.0377942136019245,0.00473027654194384,"BC23268_C1"
"6x11",0.00298625310790987,0.259332791957498,0.0967289740082714,0.0380419322049381,0.000264830161865688,0.232717885124742,0.361732175590727,0.00735068462674296,0.000844473217304947,"BC23268_C1"
"15x11",0.0049802411581117,0.152100088885669,0.0172597137950762,0.101597295308513,0.00345633221626716,0.0936273820980571,0.600742601170311,0.0185229539878394,0.00771339138015448,"BC23268_C1"
"13x11",0.0142185196916647,0.172847542591262,0.0151107997037409,0.269963286798161,0.0109145858158843,0.0437809695299388,0.40175210782811,0.0559866417872774,0.0154255462539607,"BC23268_C1"
"14x11",0.00742168147553052,0.171740396502593,0.0202198665586198,0.195838495733922,0.00171703391878605,0.0521176307142874,0.467510381479104,0.0771518619289957,0.00628265168816076,"BC23268_C1"
"12x11",0.00786945204222404,0.289008216111241,0.0333363011236844,0.218484828121322,0.00212112683857049,0.0619611847660507,0.35525354373056,0.0278761079918786,0.00408923927446939,"BC23268_C1"
"21x12",0.0193313930362469,0.346987002103611,0.0255369826033308,0.0524333695463088,0.00306504429848249,0.054522936200738,0.4612791885829,0.0288258352242154,0.00801824840416642,"BC23268_C1"
"22x12",0.00681041759915236,0.360092551269088,0.0128865380365877,0.117883919860202,0.00172687303623383,0.0398675170760442,0.395562380231127,0.0558276405023366,0.00934216238922911,"BC23268_C1"
"26x12",0.00459402853991356,0.372902926247749,0.00805974087294808,0.046873126425879,0.000838957870165234,0.20998144862676,0.338575979897809,0.0147762048478672,0.00339758667090865,"BC23268_C1"
"10x12",0.00223127890514798,0.100869986602204,0.0196834071330937,0.586753416521601,7.2286946271516e-05,0.10030273507932,0.182834662142976,0.00599094263788114,0.00126128403150299,"BC23268_C1"
"20x12",0.0119492192370475,0.368058645206921,0.0162528978962958,0.0258041477479557,0.000910514818726372,0.064414967842837,0.499253280397209,0.0124373516171087,0.000918975235899226,"BC23268_C1"
"19x12",0.0157292435858447,0.239961709447674,0.0326856236975407,0.382121969596584,0.00065807811220593,0.111805716514661,0.210853310158641,0.00515449951727722,0.00102984936957104,"BC23268_C1"
"28x12",0.000829999073411153,0.370271945326226,0.00112621282985218,0.0165906449189394,3.40401236874894e-05,0.388840228448535,0.221268031262388,0.000894537526299455,0.00014436049066101,"BC23268_C1"
"29x12",0.00014200163253328,0.429765388207085,0.0217139463862884,0.00238824791682357,0.000179642741490366,0.131126618257513,0.412467628303824,0.00193033446824617,0.000286192086196214,"BC23268_C1"
"9x12",0.0142640514010151,0.166195123515915,0.0100137208013427,0.223535398803487,0.001750252535318,0.109303357716462,0.409377191066092,0.0607147494591776,0.00484615470119082,"BC23268_C1"
"24x12",0.0120707823198884,0.308130880925809,0.0219851013561706,0.193708726131345,0.00302926287559364,0.136267344598836,0.292461593818227,0.0249510675216444,0.00739524045248531,"BC23268_C1"
"25x12",0.0169702624900473,0.304693481081179,0.012189793058722,0.0613946914175705,0.00278984798651815,0.115813752687732,0.435376717875068,0.0492565790759293,0.0015148743272343,"BC23268_C1"
"18x12",0.00219048244526515,0.201796641659975,0.0343435934040984,0.171063309871074,0.000381124008304205,0.0816742037396118,0.474685739979407,0.0322769996797595,0.00158790521250562,"BC23268_C1"
"17x12",0.0070420801719691,0.187240391786344,0.0187907671463273,0.279946701471534,0.00662763495711218,0.0932801485614237,0.339179999347932,0.05539550389708,0.012496772660278,"BC23268_C1"
"8x12",0.00506560485693211,0.14406765504975,0.0156549113516424,0.0673461251660584,0.00109943516465015,0.131719920942185,0.570202901811198,0.0586667970758613,0.00617664858172275,"BC23268_C1"
"11x12",0.00378239111938492,0.36949369722957,0.074670073895054,0.173225448160321,0.00121962220007133,0.13121806966858,0.228543729356057,0.0147711208483258,0.0030758475226363,"BC23268_C1"
"15x12",0.00734219676976862,0.231488590127913,0.0408802422434693,0.206716931442229,0.00380626219018243,0.0873907044831861,0.337611749770779,0.0705799414841976,0.0141833814882751,"BC23268_C1"
"16x12",0.00619903082470244,0.18027975290058,0.162449165768833,0.257442898255256,0.00428778116237639,0.117235693263001,0.212588877413803,0.030420543157384,0.0290962572540637,"BC23268_C1"
"4x12",0.039588282735135,0.176461208210873,0.0995577932371128,0.118374387442535,0.00453823866765232,0.14337231595612,0.373338516575979,0.0199429702590491,0.0248262869155439,"BC23268_C1"
"5x12",0.00104006627235408,0.232678763100036,0.004574215279464,0.297762010650229,0.00084343991167459,0.190879374256138,0.266762766387238,0.0042571508175051,0.00120221332536102,"BC23268_C1"
"12x12",0.00429491673830308,0.195690664361757,0.00944746480385746,0.248200733390746,0.00104690577763402,0.113173616310285,0.388087812015328,0.0387251549179477,0.00133273168414168,"BC23268_C1"
"23x12",0.00811286229972476,0.191317350491313,0.0167655842728986,0.417342745874682,0.00704498362805472,0.0757886212131693,0.229682440847901,0.0297253650591283,0.0242200463131283,"BC23268_C1"
"13x12",0.0602272863504351,0.341240326904285,0.0650905415600205,0.126318839163519,0.00853844494636051,0.089808487598262,0.261282051976959,0.032854077729997,0.014639943770162,"BC23268_C1"
"14x12",0.00731107721115633,0.151115784095146,0.0207371535949669,0.0566547529518502,0.00426881753760899,0.119728887305315,0.603172905917927,0.0323359838063474,0.00467463757968247,"BC23268_C1"
"7x12",0.00180534908104755,0.18605616894238,0.0985277835642427,0.171988459635042,0.00154949013841991,0.115357383844034,0.399250685202951,0.0229106210833794,0.00255405850850282,"BC23268_C1"
"6x12",0.00478236354104302,0.217531485877827,0.0394795915988275,0.197031941866936,0.0104938361081238,0.0611501083826299,0.404188140519567,0.0511236228854584,0.0142189092195875,"BC23268_C1"
"24x13",0.00919154191642951,0.371479844703363,0.0923300550946595,0.171361002390891,0.00174016182899812,0.0538068534183347,0.235018132280921,0.0501895542822892,0.0148828540841145,"BC23268_C1"
"11x13",0.00460842632120255,0.30558603936728,0.020955782113914,0.264673558835233,0.000228292144856741,0.0972177396960472,0.291718760920538,0.0148490536188293,0.0001623469820993,"BC23268_C1"
"21x13",0.00754956462617997,0.306420472607402,0.0134589694661851,0.289000990815338,0.00121679763926765,0.0345246001177903,0.321797100536442,0.0241163485176401,0.00191515567375396,"BC23268_C1"
"27x13",0.0182005796944492,0.358928861665821,0.0401633802029294,0.201077435835876,0.000442151936188291,0.158543254588155,0.217361609260961,0.00437443470993409,0.000908292105685128,"BC23268_C1"
"22x13",0.00443686596628223,0.267329645105079,0.0123754028358942,0.29299481048477,0.00190171112479358,0.0543557811158461,0.318020745399281,0.0451073897531586,0.00347764821489554,"BC23268_C1"
"20x13",0.00520526674087955,0.273921041189107,0.0385220960436104,0.311238706688083,0.00238514772322827,0.0691482229404001,0.263148941431256,0.0245751704424647,0.011855406800971,"BC23268_C1"
"10x13",0.00334634474012183,0.17221239685612,0.0122404967714361,0.391672075008295,0.00124186704159081,0.0159032698782208,0.373835808977577,0.0275570274549893,0.00199071327164935,"BC23268_C1"
"25x13",0.00930747311501494,0.469204837522847,0.0162335076210282,0.171802640644987,0.00806519026934519,0.100249193634308,0.173459320840399,0.0232549909172623,0.0284228454348094,"BC23268_C1"
"26x13",0.0214969392728128,0.351325605788154,0.0454938312567514,0.133110711305549,0.00103129255082621,0.127282316791884,0.287721175785129,0.0298079371122199,0.00273019013667315,"BC23268_C1"
"19x13",0.0108292824911366,0.51195908851453,0.0228059494661498,0.0144954643489125,0.000873690861752295,0.0284637455542598,0.385369808804252,0.023620990684134,0.00158197927487223,"BC23268_C1"
"18x13",0.030858139942728,0.385837180508288,0.0236731585619873,0.0251029140935879,0.000432788581782378,0.22630973137254,0.275781888338131,0.0310101515331427,0.000994047067813468,"BC23268_C1"
"23x13",0.0223100029465821,0.231393108290529,0.0317005224384654,0.404005147931163,0.00706893151892466,0.0338580780310986,0.206392451871603,0.0443407412692235,0.0189310157024105,"BC23268_C1"
"9x13",0.00217844921890919,0.146033825115934,0.0444822790588123,0.170159314114738,0.00133061287257059,0.0506449371592835,0.531865604145461,0.0484691509859661,0.0048358273283248,"BC23268_C1"
"16x13",0.00473723485020412,0.213320512191312,0.00768110540112873,0.579129797666845,0.000644048544629395,0.0102013986525418,0.171975071573968,0.0115137480210685,0.000797083098302744,"BC23268_C1"
"15x13",0.00173894972928806,0.243964202233451,0.0556147372556347,0.201547802518654,0.000651502506600165,0.0800585116743946,0.364837649356792,0.0506120817815494,0.000974562943635938,"BC23268_C1"
"8x13",0.00127258925834449,0.148814634043679,0.11955372014407,0.38685693904478,0.000432544333323686,0.0885531364959605,0.239734644923851,0.0140576382011549,0.000724153554836085,"BC23268_C1"
"13x13",0.0043840957212146,0.129601577287459,0.0213525695137346,0.678729164766984,0.00175857756801048,0.0336149962427003,0.114613637743176,0.00800478399708065,0.00794059715964006,"BC23268_C1"
"14x13",0.0111648097425318,0.308134003206064,0.0326184530183933,0.0750407183342242,0.00236376395365445,0.0584583636172375,0.460291777892952,0.0456323265606328,0.00629578367430961,"BC23268_C1"
"4x13",0.00567706892114088,0.0746370881115885,0.0498871430254239,0.573387976102209,0.00249395033994342,0.0762613992497374,0.194626450169424,0.00803176963496673,0.0149971544455665,"BC23268_C1"
"5x13",0.00821427705013279,0.262227500643824,0.00616455172363758,0.236535161512832,0.000580815066000759,0.0960327069127314,0.35619571194275,0.0327191956921148,0.00133007945597611,"BC23268_C1"
"17x13",0.0127803629356307,0.265981993166258,0.0244790912314076,0.158471071999924,0.0049237613183812,0.13294224037411,0.346756760223913,0.0436756104906846,0.00998910825969047,"BC23268_C1"
"7x13",0.0015129239030553,0.195342893617852,0.0257565389022952,0.427078018955604,0.000562607822989914,0.0871304236988048,0.243505405005329,0.0169810440523759,0.00213014404169451,"BC23268_C1"
"12x13",0.0123177463078835,0.182749751134667,0.0294555406339695,0.449125953178483,0.0024780735032623,0.0989756437752857,0.203488758396168,0.016290848922168,0.00511768414811308,"BC23268_C1"
"6x13",0.00932792174456331,0.220624683741958,0.00319398127439722,0.14295082155522,0.00243008716340732,0.115911230374047,0.422920509045641,0.0778816805888526,0.00475908451191451,"BC23268_C1"
"32x14",0.00377926104026754,0.329837687455415,0.133921037368258,0.0444746024592427,0.00655058629444252,0.0769010795528022,0.327307687345907,0.0603788199796501,0.0168492385040156,"BC23268_C1"
"19x14",0.0024642766675401,0.533115018019737,0.0152875742515825,0.0764369411557967,0.0367042919786759,0.0214922497857009,0.187652096361779,0.0345067025338655,0.0923408492453231,"BC23268_C1"
"31x14",6.15869089014359e-06,0.542358543880403,0.00142976892722338,0.00668767851214594,4.12210718785901e-09,0.183628600836643,0.265001191218203,0.000888053453560746,3.58823090377542e-10,"BC23268_C1"
"27x14",0.0215348950689579,0.210138777747569,0.12717638516227,0.259671371625525,0.00298054534673955,0.107825663801457,0.228017764988407,0.0392909003800747,0.00336369587899894,"BC23268_C1"
"22x14",0.00213243540176186,0.30105240001225,0.0144189656750671,0.259488360640287,0.00127767460047099,0.0372850907686102,0.358880802354119,0.0244260349099468,0.00103823563748715,"BC23268_C1"
"28x14",0.0136203190673057,0.430531897040097,0.118147425237573,0.12083683453627,0.00355466648555266,0.186276402703271,0.107754162026258,0.0158095526484431,0.00346874025522912,"BC23268_C1"
"30x14",0.00962204833928635,0.374412723333626,0.186986079849813,0.0570636119643325,6.22844144233338e-05,0.297976184057487,0.053153056062613,0.0205671184295679,0.000156893548851124,"BC23268_C1"
"11x14",0.00157186042412725,0.236351997200895,0.00583344518883497,0.4768124139569,0.000213951406030932,0.0250866883099037,0.24758589456718,0.0059928500312278,0.000550898914901442,"BC23268_C1"
"26x14",0.0133056989050925,0.414177586894516,0.0204342927947648,0.0708593723966624,0.000690954047228381,0.0242154080694813,0.43448492086791,0.0193429829086412,0.00248878311570314,"BC23268_C1"
"20x14",0.00842889111508194,0.344512613670022,0.00816805375300385,0.189062479043634,0.00804404913994276,0.0903546258498554,0.313463472017066,0.0181732012248213,0.0197926141865725,"BC23268_C1"
"21x14",0.00501926945628255,0.200575257736231,0.00730839795852829,0.294265990015437,0.000441398222727685,0.0422524152029788,0.441847364401988,0.00555145449301226,0.00273845251281442,"BC23268_C1"
"16x14",0.032495162174419,0.155948123739478,0.0462510243951034,0.0843474400543577,0.0164191918598384,0.0794657411643283,0.470270458216405,0.0767130434195427,0.0380898149765277,"BC23268_C1"
"23x14",0.0149868561365383,0.296682084384816,0.0432495616365168,0.142410284908884,0.00137853475089148,0.130461304868132,0.347327132521148,0.0216007123229905,0.00190352847008299,"BC23268_C1"
"12x14",0.0044969669208383,0.15927896833444,0.00700923260284111,0.731283952926546,0.00017174517048945,0.0332711576693564,0.048381747274914,0.0153036638363367,0.000802565264238091,"BC23268_C1"
"18x14",0.0115707811570535,0.409089068717786,0.0480968534572064,0.0353902789804278,0.00236786203308982,0.0685295232311742,0.38953158213582,0.0315862858253882,0.00383776446205372,"BC23268_C1"
"10x14",0.00279171897562623,0.106445022250246,0.0135253505949394,0.440375594834761,0.00235283042697039,0.0452398887586762,0.36300934533961,0.0207810658740744,0.00547918294509547,"BC23268_C1"
"17x14",0.0156241808011333,0.16184167752178,0.0330990472693815,0.193856601500926,0.0118975869590754,0.0880243964293257,0.421582745162193,0.061268007729179,0.0128057566270065,"BC23268_C1"
"24x14",0.00874153030903362,0.351511589764408,0.0218432892930364,0.0947790315070834,0.00536905049862229,0.0867189605150722,0.392758294140992,0.0326334278595046,0.00564482611224825,"BC23268_C1"
"25x14",0.00949770546177132,0.306494498343829,0.0260646778869106,0.0752864387532189,0.000686385560404015,0.203085467219415,0.367369947539336,0.0101249130364292,0.00138996619868627,"BC23268_C1"
"9x14",0.00140829539232161,0.258431213990584,0.0552481686799038,0.261010967409467,0.000830715115109371,0.0615008448351281,0.339920243958148,0.019468257085848,0.00218129353348942,"BC23268_C1"
"4x14",0.0216448971718452,0.151333146503958,0.0461778361394191,0.185131928757542,0.00564444481986157,0.141770142533072,0.346646123433578,0.0905215138588032,0.0111299667819197,"BC23268_C1"
"8x14",0.00423312431473698,0.242281243873926,0.00808442646153209,0.256290625427604,0.00577762325348372,0.0534204602594068,0.405219079707452,0.0172372088658801,0.00745620783597814,"BC23268_C1"
"13x14",0.0123692415572856,0.150399427816792,0.0208210903952689,0.530759927458596,0.00249893107598556,0.032148122222704,0.227193231055113,0.0163566848280186,0.00745334359023627,"BC23268_C1"
"15x14",0.0132035668202878,0.336678702009516,0.0390463226313834,0.0647957046308549,0.00849317291999931,0.060754006793968,0.45415348773925,0.0167182605801491,0.00615677587459205,"BC23268_C1"
"5x14",0.00375863888096359,0.1860341830279,0.0119555560134593,0.10772276293794,0.00307458918201145,0.142535325847251,0.503704289721098,0.0390063357385395,0.00220831865083734,"BC23268_C1"
"14x14",0.0354539729201709,0.589182595351635,0.0199697426837111,0.0815127508152128,0.0105045149904286,0.0447985716690205,0.150058234948705,0.0256065071206549,0.0429131095004607,"BC23268_C1"
"6x14",0.00946317285051358,0.27494178447337,0.0355279120977039,0.256318714664208,0.0095446624544533,0.118164691509371,0.261504057857599,0.0262045578921368,0.00833044620064442,"BC23268_C1"
"7x14",0.000889105844382444,0.373430878683814,0.00106878954891604,0.216608660863654,0.000313446264601663,0.100354381280224,0.29117224044869,0.015234144863181,0.000928352202537942,"BC23268_C1"
"32x15",0.0139184621920364,0.461055665348201,0.1267456065461,0.0171302176058146,0.0104515141321924,0.0506483649832522,0.274896966516972,0.0291011577432381,0.0160520449321932,"BC23268_C1"
"31x15",0.0199388450375459,0.233746187013593,0.0460067010318548,0.254383027836044,0.00337785080089879,0.190922168573988,0.15814125305022,0.0754219560974,0.0180620105584556,"BC23268_C1"
"22x15",0.00938735141122155,0.483510727601916,0.0308190193992398,0.098735982345693,0.00151948656300809,0.0388608780823556,0.299969000553926,0.0328020795514895,0.00439547449114979,"BC23268_C1"
"11x15",0.00115715428832727,0.141548855795709,0.00450862379590586,0.262117994712703,0.000152326340877551,0.0681015638240857,0.515389210667283,0.00689725080016976,0.000127019774939349,"BC23268_C1"
"20x15",0.0171935483644867,0.421550037681536,0.0242764033737027,0.0336809873039908,0.000817227399792694,0.0525706893647704,0.384612776905263,0.0596712976104858,0.00562703199597262,"BC23268_C1"
"27x15",0.0855288612132604,0.43018974571332,0.0299757052208496,0.0441900822007926,0.0140030303210604,0.121573002790052,0.21902413170505,0.0217272504641726,0.0337881903714424,"BC23268_C1"
"19x15",0.0125061480499137,0.263435409952585,0.0507859324226964,0.148769950027196,0.00554444562248601,0.062289159383229,0.344658317631176,0.0737010892079838,0.0383095477027341,"BC23268_C1"
"21x15",0.017755214280433,0.305852412564968,0.0566838658848454,0.227253807864308,0.00493742880324846,0.146087345750594,0.166429831258584,0.0572224917811929,0.0177776018118256,"BC23268_C1"
"30x15",0.00671961194180443,0.247163501693921,0.0429583532292963,0.481091683276983,0.000986855603458299,0.0102619235725411,0.204644467608416,0.00364760223214115,0.00252600084143971,"BC23268_C1"
"10x15",0.00490310902242073,0.239086174939447,0.0287009710379586,0.400357658297731,0.00174258075167123,0.0744004003769508,0.213464170544659,0.0356554625885848,0.00168947244057749,"BC23268_C1"
"29x15",0.00871628823833356,0.408454573551848,0.098420070991892,0.140361469040346,0.000595871258853747,0.157065001768776,0.153904398024761,0.0290372958736587,0.00344503125153076,"BC23268_C1"
"23x15",0.00605979351988226,0.300490703601427,0.0400832672235335,0.0599154812032213,0.00203136852743041,0.0449268004437376,0.49276945112904,0.0517807730258021,0.00194236132592495,"BC23268_C1"
"28x15",0.0215572820748993,0.419581387930513,0.0303132763048021,0.0845570475781241,0.0116260479292908,0.124718168568864,0.235008659565952,0.0281493369125954,0.04448879313496,"BC23268_C1"
"24x15",0.0250728102244242,0.249031964845225,0.0112361902137383,0.238931912240989,0.00395947805227015,0.0426955902716915,0.374395826542044,0.048709922818119,0.00596630479149858,"BC23268_C1"
"26x15",0.00986773220959545,0.401136487187348,0.01148447556693,0.0708888843149073,0.0208190974759755,0.103871261232633,0.281309819146395,0.0420908870151527,0.0585313558510632,"BC23268_C1"
"16x15",0.00811738439076519,0.200068889966944,0.0635181684037238,0.315834726020087,0.00732309732527669,0.0597918103814857,0.237351323459793,0.0915254685424931,0.0164691315094321,"BC23268_C1"
"17x15",0.0160385972872914,0.229954408604979,0.0252925352896804,0.0672256280246318,0.00479807819491682,0.147814285885931,0.403706222988457,0.0870801297985381,0.0180901139255749,"BC23268_C1"
"25x15",0.00562097956050833,0.280881547346806,0.0274508900054688,0.171826946969261,0.00353599513839461,0.033126265814679,0.446501238777869,0.020977082226071,0.010079054160942,"BC23268_C1"
"18x15",0.013872026604841,0.382000985334513,0.0215797736327003,0.142197944166814,0.00822283218064626,0.153929363226926,0.208149611157302,0.035103419215507,0.034944044480751,"BC23268_C1"
"15x15",0.00860543803538223,0.267536252780729,0.0274304170618228,0.296297092985586,0.00219890021461975,0.171915188463113,0.187882237448636,0.0285460156493565,0.00958845736075426,"BC23268_C1"
"14x15",0.00956559799226552,0.233342467002114,0.00600854653297253,0.0886024379937334,0.00859393991727758,0.0481200311619972,0.526058405032892,0.0579103045537092,0.0217982698130381,"BC23268_C1"
"5x15",0.0517865416101217,0.209125304997585,0.0530002745330429,0.398050820523084,0.000406974552422149,0.0166417948734786,0.236773621345661,0.0332945558310076,0.000920111733597009,"BC23268_C1"
"9x15",0.00961272517789709,0.249611322114478,0.0164847234717139,0.282717620135927,0.000776635334239441,0.0353749788589018,0.39227691983276,0.0127403829033363,0.0004046921707465,"BC23268_C1"
"12x15",0.00272949245077848,0.199964415110563,0.00809584978378381,0.595042696220609,0.000543303506502356,0.0256859631881655,0.156912248467848,0.0089632694335137,0.00206276183823638,"BC23268_C1"
"13x15",0.00471583673201765,0.200444597642831,0.0168951886953807,0.421668059422957,0.00581276941317516,0.112191226131473,0.16788386677376,0.0510611015068637,0.0193273536815418,"BC23268_C1"
"8x15",0.00478661237786118,0.190127046638942,0.00368754298768834,0.23828426729063,0.00500128402574054,0.0874373834728499,0.393477029980089,0.0661557283640289,0.0110431048621703,"BC23268_C1"
"7x15",0.00525929545987954,0.159948149281825,0.057499931434717,0.18409002915671,0.00106359250126885,0.16897869289198,0.383617865228752,0.037523683931456,0.00201876011341278,"BC23268_C1"
"6x15",0.00966080538084478,0.276467574183184,0.0170667403765913,0.266693679801824,0.00514288972931566,0.108343025920776,0.251760910387575,0.0605873253004748,0.00427704891941477,"BC23268_C1"
"32x16",0.00874407551332745,0.538085945955185,0.0107793523316576,0.000501758281678925,6.70029248466815e-05,0.154262132747019,0.282894622854796,0.0046475825405376,1.75268509516424e-05,"BC23268_C1"
"13x16",0.0191532633738281,0.184153532068816,0.114517873366495,0.407221429335533,0.00275610394111632,0.0683163682662684,0.178753560704181,0.01477558330017,0.0103522856435925,"BC23268_C1"
"21x16",0.0131686206846163,0.315323914814572,0.0162430391697536,0.147424973120138,0.0031248958290743,0.139526115556611,0.321623403225031,0.0341540629369421,0.00941097466326147,"BC23268_C1"
"22x16",0.0283197612373285,0.318961911953143,0.0382456855565126,0.452163021777167,0.000673760980393856,0.0488793694310411,0.102984742256256,0.00808560621967592,0.00168614058848208,"BC23268_C1"
"31x16",0.0361148297510223,0.201746768377945,0.174646857327644,0.313405786150129,0.0352766113889946,0.0693700052713052,0.0545451843219375,0.0641082416495518,0.0507857157614713,"BC23268_C1"
"11x16",0.0264032793127962,0.157167917730401,0.0183056788686147,0.371307866685118,0.00649196073605464,0.0755300098169427,0.291387547002954,0.0391168321015761,0.0142889077455428,"BC23268_C1"
"10x16",0.00720493417198127,0.236087403822733,0.0221668878623461,0.155216256196922,0.00366615130647583,0.08419953929578,0.412156548250596,0.0668654566457064,0.0124368224474586,"BC23268_C1"
"30x16",0.000758688830514951,0.320189639310653,0.119911210442909,0.0392451384804871,0.000357511238399477,0.312744646954311,0.204990127408596,0.000982664201246791,0.00082037313288256,"BC23268_C1"
"16x16",0.0156874339978036,0.237925562342148,0.0595942178124765,0.191085145291313,0.0718854666755092,0.0441725892711859,0.187905129271779,0.034556099049778,0.157188356288007,"BC23268_C1"
"28x16",0.00560042159504805,0.229969408839213,0.0248422250790047,0.0443132326516302,0.000842542966590146,0.0381297894777716,0.610270764298957,0.0449219450018933,0.00110967008989253,"BC23268_C1"
"24x16",0.0157016615494256,0.341948462269838,0.0956973455392809,0.161676285787296,0.00919505423621494,0.0524589610144028,0.274552758121673,0.0381534737578756,0.0106159977239924,"BC23268_C1"
"27x16",0.0107299652446484,0.444904232697367,0.031278474827032,0.0244813315134218,0.00863556116797426,0.0309035702812185,0.381962802418759,0.0528522804455912,0.0142517814039872,"BC23268_C1"
"29x16",0.0215148477811541,0.617534636277939,0.00431722895293484,0.0153167863746475,0.009346971885088,0.147297639872158,0.0939953968591306,0.0545658445605774,0.0361106474363702,"BC23268_C1"
"8x16",0.000663649260422633,0.101373133864054,0.00215015057617935,0.600039977724632,0.000504786883812801,0.0226445830211448,0.265371022503209,0.00448818775642322,0.00276450841012146,"BC23268_C1"
"19x16",0.0231664390191487,0.288863974999612,0.0977122618060558,0.0673332185777972,0.0709583021594036,0.064330007200223,0.219825653100233,0.074618899134428,0.093191244003099,"BC23268_C1"
"20x16",0.02399878336059,0.437466978696888,0.0873230370209442,0.0569422633003257,0.0184422840886352,0.0815733927335196,0.212879614077095,0.0495473226100338,0.0318263241119687,"BC23268_C1"
"17x16",0.00856959723570376,0.404510147549449,0.0183934415991327,0.130251045951875,0.00803564044735988,0.0826464469241843,0.188806447278939,0.110112056696775,0.0486751763165815,"BC23268_C1"
"9x16",0.00584092103633203,0.0876376730839238,0.0283049545785177,0.529724566783727,0.0047055688728339,0.0874323487957052,0.215136116502883,0.0287386549680015,0.0124791953780759,"BC23268_C1"
"18x16",0.0359866790457768,0.258736449418455,0.0400459092130766,0.18832182946237,0.00327045164202405,0.0339347047961945,0.34713493725259,0.076753203315787,0.0158158358537266,"BC23268_C1"
"23x16",0.00666822036270184,0.256415449351193,0.0422198389189072,0.178875923578676,0.00350062498927081,0.0446630341369838,0.434308622965094,0.0277877150733529,0.00556057062381979,"BC23268_C1"
"7x16",0.00213446934336519,0.281330494169528,0.00839166064307286,0.122530115809552,0.00457576594652685,0.0575804550457695,0.444661660327264,0.0707357497709568,0.0080596289439641,"BC23268_C1"
"12x16",0.00862395768119532,0.221871993429938,0.0155770954659559,0.507924120250471,0.00119224054256946,0.0342869984093981,0.192575992789841,0.0162091939304331,0.00173840750019802,"BC23268_C1"
"15x16",0.011619447593889,0.190794030345621,0.0382155006883463,0.274950708804679,0.0145936534076573,0.112871574218625,0.293078068347936,0.0468289442122188,0.017048072381028,"BC23268_C1"
"25x16",0.00490264728772591,0.292020414721688,0.0402979556438235,0.305831394360135,0.00147848249220934,0.0330181724829909,0.271939403906403,0.0482940094064752,0.00221751969854797,"BC23268_C1"
"14x16",0.01127669090568,0.186736042755765,0.183115412636249,0.235883776357294,0.00757357615001804,0.0788532854031809,0.204952980849906,0.0626936880062258,0.028914546935682,"BC23268_C1"
"6x16",0.0270178011090767,0.232718527949795,0.155123580545867,0.0994765755955436,0.00137245212299942,0.0782545832091659,0.334114365964763,0.0700896503064369,0.00183246319635228,"BC23268_C1"
"26x16",0.0196417260691678,0.369804994597553,0.0448133492316922,0.258291386000757,0.00741588964573493,0.0947921900723652,0.155578894790366,0.0133730463413368,0.0362885232510276,"BC23268_C1"
"27x17",0.00512651110093532,0.198650965347382,0.0346158565497786,0.273355295154758,0.0128707730964092,0.0335650842037547,0.343086861320144,0.0689234696632694,0.0298051835635683,"BC23268_C1"
"30x17",0.0450377723039221,0.535619165859417,0.0628882556842879,0.0910487241616368,0.00276821547786141,0.0431917165331288,0.1993191770751,0.0162684398606186,0.00385853304402732,"BC23268_C1"
"11x17",0.00761653115948669,0.273103840254859,0.014561940121002,0.300551975953994,0.00414564115826407,0.0688059719278967,0.302806723096786,0.024165627704062,0.00424174862364907,"BC23268_C1"
"29x17",0.023870434053738,0.25399248260548,0.0422603074856524,0.185648112878331,0.00140670205471059,0.062947272091518,0.373850824708352,0.0507752041890968,0.00524865993312183,"BC23268_C1"
"28x17",0.0231215943332088,0.270691434024508,0.02804616036803,0.0417405923381692,0.00309591933219521,0.194769865220492,0.375192554953126,0.0545411789324466,0.00880070049782526,"BC23268_C1"
"16x17",0.0110302852908265,0.288736361783462,0.130113389259654,0.298541492964366,0.00651185154458246,0.0616389088083466,0.135806104764938,0.0324882836784197,0.0351333219054056,"BC23268_C1"
"22x17",0.00876288222156052,0.109756859382556,0.0148822033114589,0.543591477601495,0.00639572356544351,0.0527988674791634,0.237187578438409,0.0106982277159178,0.0159261802839956,"BC23268_C1"
"9x17",0.00993489251154923,0.128455145049842,0.0247312980225916,0.752537734845884,0.000323854720097087,0.0279669821047345,0.0537768907545293,0.0012346084615094,0.00103859352926376,"BC23268_C1"
"10x17",0.000684013973325883,0.292578355528336,0.00856561695701182,0.137286020923585,0.00033389415142989,0.123452137640192,0.421945056188747,0.0145985701703109,0.000556334467060268,"BC23268_C1"
"20x17",0.00844129335963514,0.292606545492627,0.0668898706949416,0.170574309076194,0.00666572048156183,0.181098449298296,0.210177184559507,0.0466106709045012,0.0169359561327351,"BC23268_C1"
"21x17",0.0195903184498288,0.31284858411591,0.0261589752422132,0.312654642352765,0.00267328672665554,0.124572384754838,0.149070473069255,0.0474890282480761,0.00494230704045925,"BC23268_C1"
"24x17",0.0233691468517052,0.3612174089818,0.0345234577748391,0.03915064447809,0.00525339282353735,0.180032577035084,0.273453668231412,0.0665281725662881,0.0164715312572442,"BC23268_C1"
"26x17",0.000887042593558578,0.259586839821293,0.17265962042387,0.0463003053102177,0.000469618469561052,0.165049139945143,0.345739462628829,0.00742453946047634,0.00188343134705036,"BC23268_C1"
"19x17",0.0149761148932555,0.228312408177936,0.076339255749304,0.231502675281637,0.0585694620895524,0.0778857563659669,0.153171935887081,0.0617066000109164,0.0975357915443493,"BC23268_C1"
"23x17",0.0120932675837622,0.230207679022169,0.00704585475042142,0.28938663483964,0.00967958452197356,0.0916464954776917,0.304390630961945,0.033784008880823,0.0217658439615752,"BC23268_C1"
"18x17",0.0123624473406678,0.383645480152336,0.0326287515355299,0.0290381243479402,0.0060308927272439,0.140472512301264,0.318667749524178,0.0633361088926842,0.0138179331781562,"BC23268_C1"
"25x17",0.00276826617876916,0.298761331677201,0.0698866703989605,0.0303708311016668,0.00144518085814611,0.00852677293953647,0.510885294692255,0.0690609631232735,0.00829468903019215,"BC23268_C1"
"17x17",0.0125840857019534,0.211968121895018,0.0281356892932484,0.354890873651903,0.00543377507727063,0.105320156706878,0.253974081913746,0.0120553160072145,0.0156378997527683,"BC23268_C1"
"12x17",0.00491697995976647,0.228558600563615,0.0535634327895346,0.335947438502623,0.00334247277978927,0.0965319707100216,0.239604418961073,0.0322095020758524,0.00532518365772446,"BC23268_C1"
"13x17",0.0116041805955914,0.259230993771957,0.0590662359784068,0.0955298291056109,0.000988764721963725,0.104121989468327,0.449581267316498,0.0172918085183846,0.00258493052326149,"BC23268_C1"
"15x17",0.00334191748270313,0.172607514526814,0.0859040687628366,0.256641842275605,0.00117259633486296,0.101850650303133,0.338316279708318,0.0384660299029001,0.00169910070282785,"BC23268_C1"
"8x17",0.00297690837504304,0.148140829214296,0.0315113970674428,0.363045843944534,0.00189661832189456,0.0904596261590746,0.338415422349335,0.0177223520288309,0.00583100253954927,"BC23268_C1"
"14x17",0.00164560210409919,0.148088581488311,0.00290763525019408,0.399912263120875,0.000239263204842005,0.0456889060459581,0.369446452420417,0.0316402696447191,0.000431026720584074,"BC23268_C1"
"7x17",0.00607767045328954,0.269795496297431,0.0584009682635389,0.0639146475997809,0.00476898426693327,0.146647108696533,0.409366999716423,0.0348508565510046,0.00617726815506509,"BC23268_C1"
"22x18",0.00676864922628709,0.22742193801424,0.0619023634803124,0.257645926934213,0.00195483552268294,0.0717325010895569,0.346695309704633,0.0201957568250725,0.00568271920300313,"BC23268_C1"
"21x18",0.0576786893958711,0.180598893374581,0.018180094425833,0.34418722223596,0.0043599783516037,0.10259783965116,0.240601335485039,0.0451947412591569,0.00660120582079483,"BC23268_C1"
"30x18",0.00805092594181696,0.826871746840842,0.0351397805110934,0.0182490006934146,6.92977544154122e-05,0.0603886294974972,0.0499632505271172,0.00115719393657527,0.00011017429722754,"BC23268_C1"
"10x18",0.015274424512957,0.194582828212953,0.214933801790437,0.117066897739375,0.00280972944748553,0.116884506613039,0.258785258664215,0.0746984496577092,0.00496410336182989,"BC23268_C1"
"11x18",0.00610815332081157,0.180659514184593,0.00914984080778675,0.701061229865938,0.000356969036497351,0.073949210798342,0.0230099175727191,0.00409707462984023,0.00160808978347146,"BC23268_C1"
"20x18",0.00965471872683224,0.230992354652655,0.0157077884247926,0.396083736353861,0.0104039389287374,0.0405161246518501,0.232819915067369,0.0448916140991601,0.0189298090947424,"BC23268_C1"
"29x18",0.0241542737412716,0.448237164487483,0.130051989962368,0.0424419066845104,0.00181041393151083,0.104285098748087,0.234322991968192,0.0113097729346263,0.0033863875419509,"BC23268_C1"
"27x18",0.00629476533386852,0.360021950515265,0.00590880234800516,0.174696214793505,0.00179422004526523,0.0173540506740847,0.414759669002037,0.0161372972092449,0.00303303007872377,"BC23268_C1"
"16x18",0.00562323748204713,0.277794786129515,0.11171960466755,0.174456100390223,0.0192518634579896,0.0678005298569854,0.229290581814111,0.0705819454237533,0.0434813507778263,"BC23268_C1"
"23x18",0.0176541459204608,0.275584250946804,0.031727179415073,0.260080528612267,0.00583045092181479,0.0724876435838454,0.292330760918884,0.0299591491907866,0.0143458904900644,"BC23268_C1"
"28x18",0.00507800749773636,0.220145576454814,0.433942002683877,0.0487156821932392,0.0154625227928687,0.0275282299226885,0.0980013003378417,0.0277513592670361,0.123375318849898,"BC23268_C1"
"15x18",0.00765851485596036,0.254743952497955,0.161341069838287,0.148539469220139,0.0359198735365603,0.107393105923727,0.157474402861589,0.0424667314654898,0.0844628798002925,"BC23268_C1"
"25x18",0.0230450451581506,0.257143237636707,0.0278888770763721,0.188603592719584,0.0317489271472653,0.0781318161347896,0.283158839147233,0.0355603398502283,0.07471932512967,"BC23268_C1"
"26x18",0.00882029895928737,0.207548616334083,0.0168262027493294,0.0904742604694974,0.000740658920684307,0.0413034140883001,0.561669632630302,0.0710025205024926,0.00161439534602391,"BC23268_C1"
"14x18",0.0441272309630409,0.270860229855825,0.0994349554959128,0.0600638077419943,0.024702341658362,0.12246243169869,0.289888834959985,0.0185017751530248,0.0699583924731656,"BC23268_C1"
"19x18",0.0176315659933626,0.448655586608714,0.0914589106273685,0.0491014943721626,0.00445084539146046,0.141434092591455,0.167089288615471,0.0723546900287962,0.00782352577121016,"BC23268_C1"
"24x18",0.00380350368154843,0.186679154355989,0.0348422444796523,0.356079884021243,0.000899477360504598,0.0508736844693548,0.334859457933555,0.0282810166773509,0.00368157702080191,"BC23268_C1"
"7x18",0.00420716301268956,0.280752591812756,0.00658403455184547,0.295902555620706,0.00145396900543741,0.126081479480444,0.267071053324806,0.0153000476296151,0.00264710556169981,"BC23268_C1"
"17x18",0.0178046581676252,0.265120041179731,0.0197883897856491,0.164125031808585,0.00422588777939906,0.0909420629327406,0.382060708883629,0.041399555956141,0.0145336635064999,"BC23268_C1"
"8x18",0.00898831987069632,0.242765106495517,0.033498821651824,0.0433862542010362,0.0099966128979583,0.176622831076628,0.396530313608273,0.0705425860333622,0.0176691541647037,"BC23268_C1"
"9x18",0.00749122752576846,0.280272653441149,0.0152640610379895,0.440953486021175,0.000417836532645013,0.129732519385966,0.118993345053422,0.00665308483570474,0.000221786166178718,"BC23268_C1"
"12x18",0.0135040141551268,0.241256488479988,0.0304433249497959,0.255394856281588,0.00646322922117718,0.0971960047922485,0.288517290541904,0.0553564558699667,0.0118683357082054,"BC23268_C1"
"13x18",0.000981028607517802,0.279173773025123,0.0400321507609083,0.2792909936466,0.00100496119356305,0.0935791740146099,0.262202230629318,0.0397355971716025,0.00400009095075733,"BC23268_C1"
"22x19",0.0284634691565715,0.268358304450026,0.0476846621153623,0.220178953025358,0.0245095310226219,0.0859842605021203,0.189521038302907,0.0740157924328993,0.061283988992134,"BC23268_C1"
"21x19",0.0186885176827284,0.385510116357687,0.0738277190438609,0.183671841206558,0.00529747529760063,0.0458769796616674,0.219257769427722,0.0562013109998936,0.0116682703222818,"BC23268_C1"
"11x19",0.00438491092873958,0.174014683316063,0.00347747926197602,0.627373324536173,0.00105865274200065,0.0297788611673902,0.147065119841889,0.00872536092948809,0.00412160727628127,"BC23268_C1"
"27x19",0.00593938516508762,0.275098036928116,0.0574776454674387,0.0202286435651786,0.000712087444338055,0.158259813619324,0.439562344560957,0.0415363587384843,0.0011856845110751,"BC23268_C1"
"16x19",0.00952406993772846,0.229083757843077,0.0242482911320353,0.327513953346307,0.00680665341158673,0.0724338246265946,0.258997643574141,0.0573490187994263,0.0140427873291039,"BC23268_C1"
"28x19",0.0254807221772289,0.277244886459787,0.0310314179438545,0.0344181628049901,0.000983557180099728,0.0983963003166327,0.503529011464685,0.0275719530788557,0.00134398857386631,"BC23268_C1"
"23x19",0.0117444495477465,0.326693164400166,0.0351919057115872,0.367026402334801,0.0011893952697645,0.0494732051820065,0.17296954686012,0.0327505944984908,0.00296133619531764,"BC23268_C1"
"9x19",0.00786429022978161,0.198438078137686,0.0149631373346131,0.307577433429918,0.00763978583084653,0.0385580342067367,0.36790256510352,0.0463967150921507,0.010659960634747,"BC23268_C1"
"13x19",0.0314640220809498,0.298932007259311,0.0706743058019738,0.169492835380759,0.0124593254818499,0.114359332959102,0.220252417314581,0.0570230260630453,0.0253427276584284,"BC23268_C1"
"17x19",0.0201716033633515,0.309576046065316,0.0628347387386445,0.148824467724366,0.00159419231771847,0.159060096725309,0.2199602025774,0.0692159817282926,0.0087626707596024,"BC23268_C1"
"18x19",0.00913802378371318,0.317700631999944,0.0286863919019109,0.200132683198404,0.0033721325022222,0.207041790071157,0.214055538804896,0.0134470623241506,0.00642574541360331,"BC23268_C1"
"10x19",0.00599846369236783,0.20494155940613,0.0414043719515406,0.240827581894492,0.00561635752419406,0.162781639061977,0.287050332327265,0.0420258518858313,0.00935384225620207,"BC23268_C1"
"24x19",0.00975315684784715,0.194021262617963,0.0429354103020447,0.570644376421494,0.00352227341445242,0.0168384110823902,0.123144351300526,0.019421860602834,0.0197188974104482,"BC23268_C1"
"20x19",0.00308107241187965,0.287680178284494,0.0608315936591852,0.480025396330302,0.00191481611664979,0.0330310208903198,0.118422587613338,0.00949767051176663,0.00551566418206557,"BC23268_C1"
"26x19",0.0200735676171961,0.295493034963222,0.0227120561021319,0.335303217538393,0.0180391161139017,0.0544790623269513,0.212361116042302,0.0101063185026026,0.0314325107932987,"BC23268_C1"
"8x19",0.00312115298893861,0.293120708119316,0.0345260903053216,0.241020503283759,0.00151227520489854,0.0548544450874778,0.325616523877423,0.0402354984446359,0.00599280268823041,"BC23268_C1"
"15x19",0.0481880301500685,0.349930285517049,0.041200768587718,0.0932830328304192,0.00604922029926941,0.145744594515031,0.189597363449898,0.0350753236700947,0.0909313809804526,"BC23268_C1"
"19x19",0.00394876187736876,0.194902610155983,0.0278220102244798,0.391759138407821,0.00158440585425095,0.247242974739593,0.120552494008334,0.00644996134298169,0.00573764338918878,"BC23268_C1"
"25x19",0.0149730890508998,0.207715080211555,0.0357267595021607,0.343892630842195,0.027663870018477,0.045410319872151,0.181392149891739,0.0486229647740577,0.0946031358367645,"BC23268_C1"
"14x19",0.032751956737495,0.303841144180517,0.0276631241553545,0.0703413613753307,0.00845608827136441,0.227518996665783,0.249841681019778,0.0655390148591014,0.0140466327352765,"BC23268_C1"
"7x19",0.0117861957164226,0.169007103894731,0.0282385912278749,0.24763543582813,0.00559392679689698,0.090474856132401,0.339502529998874,0.0919473124238641,0.0158140479808056,"BC23268_C1"
"12x19",0.00452041568471835,0.268922723688585,0.00828473938584322,0.577202151107223,0.00106556705465423,0.0485619066546632,0.0803185398418277,0.00805348015923402,0.00307047642325101,"BC23268_C1"
"19x20",0.012911096586272,0.309587167970022,0.112121463771571,0.0502030302938512,0.0198554408476657,0.0796781185940515,0.297824058891364,0.0689303295772702,0.048889293467932,"BC23268_C1"
"21x20",0.0218881756890143,0.249250091011563,0.087017006043051,0.0808017807807277,0.0125229810295196,0.11194320833418,0.346117027991571,0.0515980115533354,0.0388617175670375,"BC23268_C1"
"20x20",0.013409046884925,0.158075380409303,0.0459481511058765,0.363089740338928,0.00267107570896656,0.0438164323100346,0.322970314780034,0.040869666889153,0.00915019157277932,"BC23268_C1"
"22x20",0.0110495271011869,0.282915909354112,0.0431181593990447,0.302215958552976,0.0122112118764253,0.0846987771531713,0.181318452859963,0.0518880412184894,0.0305839624846309,"BC23268_C1"
"24x20",0.0158353949749932,0.289932108971176,0.0388642783901771,0.148442674820819,0.00270352845716473,0.104823522548013,0.327064627232784,0.0633273227316913,0.00900654187318141,"BC23268_C1"
"23x20",0.00841078320689333,0.329723401018876,0.0284913366940583,0.231971895147261,0.00525493464863351,0.0752678106148508,0.240998111036065,0.0597248781355177,0.0201568494978443,"BC23268_C1"
"25x20",0.0134594477659016,0.309498848419971,0.0521731683306913,0.175056023569535,0.0072588823225121,0.110281613580021,0.249919172131768,0.0251718934777373,0.0571809504018634,"BC23268_C1"
"18x20",0.013723337585009,0.269959058116076,0.122310631080353,0.268043247062895,0.0125346077311338,0.157119584289282,0.075922494429854,0.0202811868630304,0.0601058528423669,"BC23268_C1"
"26x20",0.00671456058745081,0.22899610256964,0.0366265134779586,0.139121917010118,0.00353457072096736,0.0563879253640387,0.483637485711483,0.0393730054301459,0.00560791912819827,"BC23268_C1"
"11x20",0.00199075439163202,0.23171732972902,0.0117009614696655,0.532996818872045,0.00973179733088158,0.0452065671580442,0.0989485632178893,0.0466852909745132,0.0210219168563097,"BC23268_C1"
"10x20",0.00318372908131501,0.176081796920749,0.036419986757978,0.389249084309588,0.00157960494150786,0.0189165998368905,0.328410765150121,0.0392561901425159,0.00690224285933482,"BC23268_C1"
"16x20",0.0207800586483033,0.146700318500766,0.487805597431749,0.031726639080509,0.00164583981973947,0.0412296162099191,0.20765862779284,0.0547265089022815,0.00772679361389287,"BC23268_C1"
"8x20",0.0147856675308457,0.215076941080668,0.0364611959591895,0.0456482749387779,0.00235306700786306,0.0814660131641171,0.555487999046714,0.0450411477234742,0.00367969354835073,"BC23268_C1"
"13x20",0.0304759828106207,0.411482102097804,0.0206233804295429,0.0888548897707972,0.0148198918767763,0.0705001956678257,0.27286870177963,0.0407527617665146,0.0496220938004889,"BC23268_C1"
"17x20",0.0526731892537661,0.385377921712857,0.131380273163711,0.110776738283157,0.0184438470420394,0.0813392888752725,0.168109891629244,0.0209201213250158,0.0309787287149368,"BC23268_C1"
"9x20",0.0126570473468281,0.325705861116816,0.0458941651304356,0.170990033939013,0.00320622472821167,0.0657937366437733,0.333670941842951,0.0376105885840479,0.00447140066792425,"BC23268_C1"
"6x20",0.00931449062096256,0.178073621210234,0.110501471041993,0.173109822807794,0.00473592927218377,0.0154705745109754,0.469709627239949,0.0300947150682633,0.00898974822764516,"BC23268_C1"
"12x20",0.0107583453657673,0.328751148908138,0.261565439779317,0.151542539205601,0.00338417509128469,0.0259099314034922,0.161035518276863,0.0367049493047396,0.0203479526647972,"BC23268_C1"
"15x20",0.0127781709910566,0.210780540063569,0.0941881321215428,0.215575740211906,0.018539804914615,0.131537259500805,0.221005641546911,0.0437483228332517,0.0518463878163434,"BC23268_C1"
"7x20",0.0046242196737373,0.30544833142764,0.00414105334968694,0.0108834638535155,3.24045214118582e-05,0.110790761409148,0.560926962176256,0.00311777889654851,3.50246920560054e-05,"BC23268_C1"
"14x20",0.0362357878493728,0.447076065939255,0.0757222740818673,0.0696369727675895,0.00658941213673816,0.102272970686483,0.176250413001067,0.0688683859372609,0.0173477176003671,"BC23268_C1"
"22x21",0.00483790774743171,0.330523298747124,0.0478737415171038,0.0382306397851759,0.0187430544767685,0.087632686970007,0.282051175320081,0.0838270623290163,0.106280433107292,"BC23268_C1"
"11x21",0.00348700253151691,0.236175355347846,0.181433256175277,0.406255003945543,0.00069692786936127,0.00413588812591208,0.155040314147701,0.00897112834128958,0.00380512351555409,"BC23268_C1"
"21x21",0.00368559381838237,0.305639506975636,0.0470577532296803,0.431393951994012,0.00251640932722101,0.066169651985566,0.104025480434078,0.0339125909906043,0.00559906124481989,"BC23268_C1"
"15x21",0.0013692010292573,0.169609187819117,0.093261429106978,0.146986190498857,0.0013355634198468,0.0622320543552772,0.502358282763936,0.0216841863247057,0.00116390468202495,"BC23268_C1"
"16x21",0.0111394097934405,0.384121209108508,0.0723112642163126,0.0425254906668729,0.00190594109851882,0.120984976141793,0.281919557001776,0.0693234082586018,0.015768743714177,"BC23268_C1"
"10x21",0.0138665905077989,0.267773717586543,0.0704432496595188,0.164822768336253,0.000657116046774386,0.131437823213947,0.335474100669219,0.0148923277220581,0.000632306257886462,"BC23268_C1"
"20x21",0.00710095409750733,0.289527682720384,0.0267178224211552,0.295725378968888,0.00335889807513534,0.0901289539978656,0.239036176085703,0.0402832828577706,0.00812085077559141,"BC23268_C1"
"23x21",0.0187785061442794,0.305584257898561,0.131486409302741,0.151576052161257,0.005644784266568,0.1057355951761,0.220010412238529,0.0370981906608789,0.0240857921510853,"BC23268_C1"
"19x21",0.0118002254024148,0.294386994160148,0.0759668529697303,0.172879497579288,0.00357243250590553,0.169315004265799,0.227926098085344,0.0359269229909933,0.0082259720403776,"BC23268_C1"
"25x21",0.0151552185919201,0.268445289299542,0.0735317024523607,0.311185845700924,0.0104858500233737,0.0699459851051747,0.16692264167743,0.0653728581003661,0.0189546090489088,"BC23268_C1"
"18x21",0.00333843108914942,0.294976765750133,0.0678429151769708,0.183367391890992,0.0211971583227018,0.0533323681694761,0.187034858139114,0.145447281142195,0.043462830319269,"BC23268_C1"
"17x21",0.0158371012542925,0.270266254741989,0.140203520954439,0.140621648487556,0.00563356478169134,0.175860638585029,0.196236635069572,0.0408566595486011,0.0144839765768302,"BC23268_C1"
"24x21",0.00883452182388584,0.290397530124692,0.102593817107592,0.0211098598786796,0.00258915268724487,0.147848860037436,0.39654332758715,0.0244371054201275,0.00564582533319237,"BC23268_C1"
"8x21",0.0287828863570628,0.30703771890144,0.0483585722228964,0.0997982697278569,0.000740386893148563,0.108157784189182,0.393486547026099,0.0126409312483778,0.000996903433935964,"BC23268_C1"
"14x21",0.0239785241845684,0.285848511104185,0.0681146998166908,0.0963674150368839,0.00973875932884102,0.129643198536609,0.314548640677598,0.0306319107204,0.0411283405942235,"BC23268_C1"
"6x21",0.0402427187577658,0.233265663835504,0.100115995866788,0.113105786868016,0.0118141124446856,0.0349640650025564,0.433483928805523,0.022963660383116,0.0100440680360448,"BC23268_C1"
"7x21",0.0146489834953802,0.287929926749468,0.058570201286668,0.20244369546624,0.00693534751651015,0.105350497681002,0.242657360771111,0.05310570950771,0.0283582775259102,"BC23268_C1"
"9x21",0.0125208539658717,0.295106193801444,0.0931701058149247,0.168138901448437,0.00721600213014775,0.105315828603905,0.279564424740037,0.0218277212323636,0.0171399682628695,"BC23268_C1"
"13x21",0.0113770218775352,0.460789396291465,0.0118448652819438,0.10216022818589,0.015622067832243,0.118118986605187,0.223000010367393,0.0443039292431711,0.0127834943151719,"BC23268_C1"
"12x21",0.0153684143304005,0.297127694912827,0.0402072397488304,0.153176170496654,0.011798195789573,0.0781054323137486,0.235468381119785,0.118850196882043,0.0498982744061383,"BC23268_C1"
"22x22",0.00628445929342234,0.330193502766202,0.0484605701961245,0.215852211653683,0.00567882742830899,0.135258117511043,0.220970361859376,0.0188842499914967,0.0184176993003427,"BC23268_C1"
"11x22",0.00229081943661116,0.207980953137178,0.0618173292357294,0.288100795077091,0.000768093321230319,0.0611443382586059,0.35144714247689,0.0243859878262027,0.00206454123046099,"BC23268_C1"
"21x22",0.0235528525339446,0.356616170896692,0.0888154278977487,0.17294703599545,0.01475109240694,0.119901317108171,0.114737344496925,0.0683367638133726,0.0403419948507552,"BC23268_C1"
"10x22",0.0310020998112552,0.204003221270447,0.142922037890018,0.256838058849958,0.00138328042697017,0.106691981958045,0.242228473225195,0.00949629065730085,0.00543455591081012,"BC23268_C1"
"20x22",0.00911151018544295,0.265721143165664,0.0182984108175865,0.187150152500524,0.0113862520791615,0.0422427034891033,0.369714316051928,0.0596255593590371,0.0367499523515536,"BC23268_C1"
"19x22",0.00301621871240521,0.224033805370711,0.050877312617951,0.384608442937766,0.000764213449349885,0.0546465104910644,0.260931252178764,0.0182779085562449,0.00284433568574304,"BC23268_C1"
"16x22",0.0187267659551745,0.248890891899453,0.045493743837392,0.196038802546601,0.0278344878383311,0.076344491936384,0.246842636008694,0.078368439714448,0.0614597402635228,"BC23268_C1"
"18x22",0.0113192226843723,0.262926285076749,0.0835190983717879,0.0473506596331563,0.0111416992981771,0.163601623770369,0.307144138756148,0.0496435412146196,0.0633537311946213,"BC23268_C1"
"15x22",0.0704141289862507,0.287427688108097,0.101998119222374,0.135010977704224,0.0020608994287985,0.0866976709707498,0.24859924563048,0.06124498234839,0.00654628760063604,"BC23268_C1"
"9x22",0.0031469755273743,0.168592853255263,0.0891786830110141,0.490931428855627,0.0034612406166175,0.0922738150018179,0.133763129827427,0.00883058473649467,0.0098212891683642,"BC23268_C1"
"12x22",0.0086331927505736,0.175393687912269,0.0482771286740657,0.116159377178488,0.00064860377591751,0.0917272136944461,0.4283222278544,0.127369103356376,0.003469464803464,"BC23268_C1"
"17x22",0.0267066078454635,0.17653693427444,0.0395091359712815,0.249752433042624,0.0166756702953416,0.0757603515468043,0.268153425970598,0.0651829216363223,0.0817225194171252,"BC23268_C1"
"8x22",0.00797330427536509,0.213219239594564,0.198558043733804,0.355626226893316,0.00158073402164582,0.0349384137721334,0.170153742890802,0.00881922554372015,0.00913106927465002,"BC23268_C1"
"13x22",0.00583389575603978,0.298193881049982,0.0115824767537521,0.293299733500737,0.00122309907186606,0.183595576591878,0.16026120449217,0.0448507841449309,0.00115934863864504,"BC23268_C1"
"6x22",0.0439713038024416,0.327002616362388,0.09764866392944,0.15513580116464,0.00724191053322438,0.0798285587090847,0.223831090576326,0.0438780607639898,0.0214619941584643,"BC23268_C1"
"7x22",0.00330066702518501,0.150410045890085,0.424013688624804,0.0814477780318099,0.00022771415183797,0.0881864058527322,0.236835873707131,0.0147384673070723,0.000839359409343105,"BC23268_C1"
"14x22",0.0107494994968614,0.459587941214372,0.0230608565633143,0.113284260568333,0.0104233204926398,0.02596231785713,0.258977299145139,0.0654772126735797,0.0324772919886303,"BC23268_C1"
"20x23",0.0127515905032093,0.439466198048805,0.0699392704328009,0.163342886681767,0.00566533144268308,0.106351319886845,0.165725846612062,0.0236890754608508,0.0130684809309772,"BC23268_C1"
"16x23",0.0124445433322605,0.274502018396965,0.0129105233439413,0.0638154525568645,0.00347316459413169,0.0782807058964822,0.457856544374637,0.0763263077934103,0.0203907397113073,"BC23268_C1"
"19x23",0.0160791868869737,0.391393701731595,0.421793731957303,0.0176555919931718,0.000809495911913279,0.0216968613734743,0.122883225312776,0.00628108676693068,0.0014071180658616,"BC23268_C1"
"10x23",0.0048553800548065,0.290086600421067,0.0637270143744675,0.164996311373507,0.00215225946257461,0.0790209533959905,0.317201460350829,0.0703891563031844,0.00757086426357272,"BC23268_C1"
"21x23",0.0139172677756284,0.325937855556144,0.136325903453768,0.0972367409678501,0.0018059989487825,0.0721834759773597,0.281189085959293,0.0655637667378716,0.00583990462330265,"BC23268_C1"
"11x23",0.0126403503776254,0.281853013398693,0.211767345455489,0.0300758919221344,0.0090760431241664,0.0537491243952564,0.372024722618859,0.0232177489888403,0.00559575971893581,"BC23268_C1"
"18x23",0.00620348504688596,0.369050043444925,0.0148396287274903,0.134476290513605,0.0230372766762613,0.0764381579275425,0.26790119334325,0.0734748714977023,0.0345790528223373,"BC23268_C1"
"15x23",0.00880289070679997,0.227981521923767,0.0144822206147579,0.376931480930711,0.00255917711455251,0.157332907439025,0.162532219702441,0.0405472696504472,0.00883031191749896,"BC23268_C1"
"9x23",0.0107931927191151,0.209234130544219,0.0525673617995552,0.46819840034503,0.000482222528239248,0.040796785570713,0.202876059967374,0.0137917333951119,0.00126011313064266,"BC23268_C1"
"8x23",0.00358015778329722,0.0635305309084876,0.0226646587030281,0.264485356568676,0.0251619358065835,0.0199210155611531,0.466507004775284,0.0721352484573678,0.0620140914361224,"BC23268_C1"
"14x23",0.0032976291414576,0.364363764573144,0.0223159419198162,0.090374992377515,0.000708845773965944,0.160780853003392,0.299901624396564,0.0567811224539243,0.00147522636022073,"BC23268_C1"
"17x23",0.0719519567267562,0.224112782087288,0.064463763187206,0.31977037147927,0.00241085035776538,0.0809604992949823,0.170504095056606,0.0469561094920554,0.0188695723180707,"BC23268_C1"
"7x23",0.00665592709668534,0.164796177380826,0.0147894171993135,0.323863250785684,0.000470938443432066,0.0443376711099439,0.39876806882069,0.0446418704458471,0.00167667871757914,"BC23268_C1"
"13x23",0.00685927583968037,0.251499812171975,0.0197534614465635,0.244329567491982,0.00876272249497187,0.00869089902906408,0.365092179373027,0.0852306478710976,0.00978143428163913,"BC23268_C1"
"6x23",0.00836701179777715,0.174004039684899,0.0356165338449365,0.191834122226449,0.000202413806555542,0.209393326651313,0.33278590804477,0.0474313905936191,0.000365253349679396,"BC23268_C1"
"12x23",0.0135554983039289,0.190685430132115,0.0699085954698436,0.33180643927193,0.00668696175619072,0.0410267500386328,0.301419911084445,0.0299817121133065,0.0149287018296075,"BC23268_C1"
"19x24",0.0178764988389798,0.490397876628356,0.0178307847913851,0.115837444510983,0.00849296564716172,0.124704333868661,0.140495276468262,0.0473616143505056,0.0370032048957065,"BC23268_C1"
"10x24",0.0026459304989151,0.241289648610548,0.0628247656559526,0.257940145656585,0.0238108406853921,0.132873566083177,0.182786906870758,0.0161180158492719,0.0797101800893996,"BC23268_C1"
"16x24",0.0342320510372254,0.318813879893316,0.0486718541002541,0.121991668268778,0.00543413472261595,0.012784121178103,0.375499849482211,0.0769616823381,0.00561075897939582,"BC23268_C1"
"11x24",0.018870025337029,0.29206605328283,0.0805134424321105,0.158563759971755,0.00678067590042407,0.102506181904812,0.308781441829695,0.0258987702255933,0.00601964911575075,"BC23268_C1"
"15x24",0.0213762500374938,0.322902513072506,0.0341115825145873,0.128870612708679,0.00157621270195962,0.115731911732787,0.327820566221727,0.0423562632371387,0.0052540877731226,"BC23268_C1"
"18x24",0.0189183855502354,0.283166302861173,0.0274778888726722,0.154740985806348,0.00625652404139784,0.102685699459494,0.286150533160096,0.0919179611489209,0.0286857190996622,"BC23268_C1"
"9x24",0.0416914654592484,0.323172349465609,0.0551500665035583,0.0904684324671195,0.00846720391655696,0.148227244236489,0.281334470424928,0.0304229733242038,0.0210657942022876,"BC23268_C1"
"17x24",0.0120316114629002,0.254462774905424,0.0255046221391275,0.247566392935693,0.013318487352602,0.0667695346712961,0.326465861119029,0.0415525278608674,0.0123281875530604,"BC23268_C1"
"13x24",0.00592969220843095,0.316606576086425,0.013097211302326,0.0342022860573218,9.94015745993148e-05,0.0288899581304055,0.590059063984353,0.0110744428873343,4.13677688038407e-05,"BC23268_C1"
"7x24",0.00663703200737992,0.456092396376254,0.00897728441748688,0.0786106645774336,0.00615200769671648,0.126819626396582,0.2774273054852,0.0259137260629022,0.0133699569800447,"BC23268_C1"
"12x24",0.0097527612428442,0.273797526937223,0.0307280854780425,0.147876194446133,0.00290838492785988,0.0830556614175702,0.404679029750354,0.0424903984422378,0.00471195735773527,"BC23268_C1"
"14x24",0.00860693038391556,0.389063854294896,0.0106511893690507,0.313204434853863,0.000420089915332856,0.024372158798546,0.233318891048607,0.0180390657270152,0.00232338560877322,"BC23268_C1"
"8x24",0.00565896681235179,0.229851962383513,0.0191958664346178,0.0737143806089631,0.0017454802099728,0.213787479784101,0.386329731430469,0.0669812683082999,0.00273486402771209,"BC23268_C1"
"7x25",0.00264348070331084,0.277165004284651,0.0707684905598578,0.0928820262854404,0.00341814852947033,0.0172563568987922,0.496249088155873,0.0350991745356875,0.00451823004691629,"BC23268_C1"
"16x25",0.0346486946584992,0.179854079231701,0.0489774784665895,0.237341020297793,0.0122396022896174,0.0675595619561008,0.259468481672029,0.100307413709753,0.0596036677179174,"BC23268_C1"
"8x25",0.0131424112628702,0.245750742563829,0.0928172641119338,0.136354481389219,0.0153995824972047,0.0796486689662393,0.286001925240188,0.113564687372987,0.0173202365955289,"BC23268_C1"
"10x25",0.0590375954365537,0.293008057974446,0.0611837567333491,0.139184064522484,0.0183055798041109,0.12060372433303,0.231666647074274,0.0456160586617727,0.0313945154599796,"BC23268_C1"
"11x25",0.00726942877019356,0.335580481258539,0.0937388744067439,0.191454957231899,0.00122145759021951,0.0524162047660796,0.299147592164106,0.0135392455539721,0.00563175825824798,"BC23268_C1"
"9x25",0.00510303949951228,0.231332007333257,0.00726508508117043,0.158829216802596,0.000395409920230772,0.121033422937832,0.455991703619803,0.0198910216871717,0.00015909311842633,"BC23268_C1"
"17x25",0.0722011714061432,0.257871478873227,0.0358608832515354,0.0423539886982607,0.0225396855541507,0.0886573682380951,0.293729080340398,0.0767615672103727,0.110024776427817,"BC23268_C1"
"15x25",0.0123112689992134,0.278610385406375,0.0544135739282698,0.248196523323338,0.00377816634470706,0.0767634883842788,0.271836842350345,0.0376659434681167,0.0164238077953568,"BC23268_C1"
"12x25",0.00241379721944719,0.361303961193226,0.0331725840412349,0.219718711368186,0.000185860146216332,0.0830466911128932,0.291439813565686,0.00817973757617837,0.000538843776931659,"BC23268_C1"
"13x25",0.0153034162929787,0.225699201440471,0.0275755131040094,0.0922783174512565,0.00135512849457991,0.0494512499341108,0.576713968729844,0.00984159557993547,0.00178160897281385,"BC23268_C1"
"14x25",0.0383066497582541,0.353485357650935,0.0563008754285012,0.158198044803076,0.0020040868981114,0.0324151704581214,0.325742559623222,0.0256236457378329,0.00792360964194568,"BC23268_C1"
"11x26",0.0216371286604942,0.367134286443865,0.0621635052103321,0.126250314253327,0.000564353407218984,0.0911752181182645,0.252200813220845,0.0784402605461424,0.000434120139510954,"BC23268_C1"
"10x26",0.00780408952511298,0.206680304597123,0.0294414535156986,0.0633251108182955,0.00114277875387793,0.035909411219752,0.57558570334146,0.0770197525009501,0.00309139572772948,"BC23268_C1"
"15x26",0.0113271611774963,0.293489096297657,0.0397198236906723,0.0152902235524107,0.000489776353326103,0.191115371194461,0.445132421626032,0.00322987511655337,0.000206250991390756,"BC23268_C1"
"8x26",0.00509589185508795,0.187602939957623,0.133533042705894,0.312265388424213,0.00344537548666227,0.0151599814327431,0.26489344730536,0.0548309154266677,0.0231730174057483,"BC23268_C1"
"13x26",0.00857576449831196,0.334266463297789,0.0130744540242459,0.376152284300074,0.00190402106494881,0.0551846136905863,0.188108571496568,0.0155344900582538,0.0071993375692223,"BC23268_C1"
"12x26",0.00416908212194141,0.3688963097121,0.0343748377180196,0.0426610718274232,0.00192421783853148,0.0657394880282786,0.463901449365349,0.0159664677496224,0.002367075638734,"BC23268_C1"
"9x26",0.0311490565221208,0.242598332614553,0.0125539614484352,0.391581629049182,0.00285304001547183,0.0474954701754461,0.231594946491543,0.0284295452224406,0.0117440184608078,"BC23268_C1"
"14x26",0.00428812750694298,0.152892168993889,0.0265828584454142,0.411055501511513,0.00189893454312365,0.00845165518543346,0.355201870305968,0.0350926473901498,0.0045362361175659,"BC23268_C1"
"11x27",0.00236184152637997,0.295976467916464,0.106505954080187,0.142180056757364,2.44995518274272e-05,0.0431140771340163,0.395185718663764,0.0145218874981532,0.000129496871844021,"BC23268_C1"
"8x27",0.0784839133575596,0.0394109363223413,0.0104425454113613,0.0764516203908329,0.00409185680729853,0.312893909415069,0.417750387155606,0.0432735789907232,0.0172012521492085,"BC23268_C1"
"9x27",0.00540178115354375,0.170274859813122,0.26478694144093,0.0471236760710413,0.0143526341160018,0.0325067004931193,0.405457788015102,0.0334397998668124,0.0266558190303271,"BC23268_C1"
"10x27",0.0011533254258367,0.171255359805658,0.170286303490284,0.0419926431504918,0.00144541873018425,0.0136355932568218,0.531207855569063,0.068029985749107,0.000993514822553394,"BC23268_C1"
"12x27",0.0144731191270067,0.248897200358606,0.0203205669334938,0.0462145303702523,0.00130468466320074,0.118881465910292,0.523236103356113,0.0251084058430759,0.00156392343795952,"BC23268_C1"
"14x27",0.000350801110583872,0.161913574565007,0.0658439079556079,0.419287648712402,0.000317059965028679,0.0263265698338756,0.304102494888261,0.0214168154239337,0.00044112754529932,"BC23268_C1"
"13x27",0.00570274545526596,0.301276117872478,0.267072007708689,0.20576688491222,0.00107107320112248,0.0342200478067166,0.174262037335131,0.00787364106840319,0.00275544463997329,"BC23268_C1"
"11x28",0.00195180060705051,0.28096784102758,0.0979648627393653,0.173189204248172,0.000514406188133505,0.0240989667054124,0.413029352000473,0.00697986214312479,0.00130370434068904,"BC23268_C1"
"10x28",0.0175565030757552,0.196836349019962,0.08288342597599,0.124521939324376,0.0127067554845017,0.100027475006703,0.361636161705594,0.08187806299134,0.0219533274157775,"BC23268_C1"
"9x28",0.0370667261505736,0.188780908745806,0.0798231282334438,0.0429041765308036,0.0104971909116386,0.120417022778658,0.414887988444,0.094191608785278,0.0114312494197984,"BC23268_C1"
"11x29",0.0714471501119991,0.462977881301849,0.0521610899102688,0.132995309061137,0.00138936884922207,0.0584730707472761,0.196162111520579,0.0166339545830818,0.00776006391458659,"BC23268_C1"
"10x29",0.038199493434908,0.228565226442909,0.0305122185830156,0.10541750878548,0.00215572531355622,0.101259503472107,0.421502807756951,0.0671672799648195,0.00522023624625458,"BC23268_C1"
"9x29",0.00598505529163217,0.632922073403584,0.000251174741184229,0.15298965223753,0.000556572369468848,0.0487656932469569,0.148863120678712,0.00799142254055971,0.00167523549037143,"BC23268_C1"
