"","X","Endothelial","CAFs","PVL","B.cells","T.cells","Myeloid","Normal.Epithelial","Plasmablasts","Cancer.Epithelial","sid","X1","invasive.cancer","stroma","lymphocyte","others"
"1","BC23209_D1_23x8",0.0129383622719375,0.0498466254652297,0.0187472885557742,0.349452162032712,0.0114922146387744,0.0342767141819987,0.015613125059766,0.500288544878058,0.00734496291574901,"BC23209_D1","23x8",0.00734496291574901,0.0815322762929414,0.861232921549544,0.0498898392417647
"2","BC23209_D1_24x8",0.0131596269318777,0.0671035092296982,0.0186576535611901,0.433581067019877,0.0250012153482125,0.0599764669753422,0.019116664903788,0.327300114459877,0.0361036815701373,"BC23209_D1","24x8",0.0361036815701373,0.098920789722766,0.785882396827966,0.0790931318791302
"3","BC23209_D1_22x9",0.0286722494273207,0.0912648370341735,0.0444489518257184,0.437387629843242,0.0207479959165139,0.0412330512895162,0.0493860342276903,0.254533478756038,0.0323257716797871,"BC23209_D1","22x9",0.0323257716797871,0.164386038287213,0.712669104515794,0.0906190855172065
"4","BC23209_D1_21x9",0.108324941710197,0.185010656197686,0.0456800427639231,0.292903889959821,0.0386458750845341,0.169622907466194,0.0629732463343428,0.0315525226488704,0.0652859178344318,"BC23209_D1","21x9",0.0652859178344318,0.339015640671806,0.363102287693226,0.232596153800537
"5","BC23209_D1_23x9",0.00364596975509084,0.111767603880509,0.00209921084060239,0.029365914733668,0.000969933871632834,0.0339224337230733,0.00062350574120063,0.817137892970555,0.000467534483668006,"BC23209_D1","23x9",0.000467534483668006,0.117512784476202,0.847473741575856,0.0345459394642739
"6","BC23209_D1_24x9",0.0177301839463437,0.0538624088509816,0.0275304700195514,0.219673805388596,0.00584990310760317,0.0557586140429211,0.0343102189917138,0.570672677460261,0.0146117181920284,"BC23209_D1","24x9",0.0146117181920284,0.0991230628168767,0.79619638595646,0.0900688330346349
"7","BC23209_D1_24x10",0.00593889030349908,0.029065997770397,0.00727358181781971,0.0692147055119135,0.00139457146805248,0.0887885442488766,0.0056197727520215,0.791836336053586,0.000867600073834419,"BC23209_D1","24x10",0.000867600073834419,0.0422784698917158,0.862445613033552,0.0944083170008981
"8","BC23209_D1_22x10",0.0159820297263765,0.150319420266363,0.0155250875826555,0.229234215671302,0.00710162255413523,0.140703379559267,0.0254848150601468,0.405652551590676,0.0099968779890779,"BC23209_D1","22x10",0.0099968779890779,0.181826537575395,0.641988389816113,0.166188194619414
"9","BC23209_D1_17x10",0.0639837034069569,0.0409741723641636,0.0395993899701867,0.0894074574949537,0.0439481622593879,0.0625817920135398,0.407330402974569,0.0323096216611188,0.219865297855124,"BC23209_D1","17x10",0.219865297855124,0.144557265741307,0.16566524141546,0.469912194988109
"10","BC23209_D1_21x10",0.0860877792017797,0.125979092552808,0.0442757801056518,0.3309889406132,0.0414849853722052,0.132648331907511,0.0982982083555726,0.0761468760514301,0.0640900058398419,"BC23209_D1","21x10",0.0640900058398419,0.25634265186024,0.448620802036835,0.230946540263084
"11","BC23209_D1_19x10",0.070797870040851,0.0147009510831656,0.0104146468590466,0.180789827304871,0.0941162706913511,0.0588870521084756,0.206762327101317,0.0918507742576003,0.271680280553322,"BC23209_D1","19x10",0.271680280553322,0.0959134679830632,0.366756872253822,0.265649379209793
"12","BC23209_D1_20x10",0.0787077568620351,0.178548928100277,0.0510836706388505,0.189804354978896,0.0499842475091046,0.251307010263788,0.061087223241956,0.0838467132193176,0.0556300951857755,"BC23209_D1","20x10",0.0556300951857755,0.308340355601163,0.323635315707318,0.312394233505744
"13","BC23209_D1_23x10",0.0093391635532565,0.119317491540767,0.021000076313795,0.428751648846293,0.0041272678313772,0.0370744801862204,0.0116122612567541,0.356014896436244,0.012762714035293,"BC23209_D1","23x10",0.012762714035293,0.149656731407818,0.788893813113914,0.0486867414429745
"14","BC23209_D1_21x11",0.0234426445047626,0.196359417415662,0.0247894823309976,0.216749108757308,0.00662487696122364,0.264603209278831,0.0152572685767853,0.245674199295278,0.00649979287915255,"BC23209_D1","21x11",0.00649979287915255,0.244591544251422,0.46904818501381,0.279860477855616
"15","BC23209_D1_19x11",0.0604137909722995,0.0396309328715192,0.0192616740733346,0.0695776397400381,0.0270248386548992,0.0425913778072403,0.542650173016406,0.018589576757664,0.180259996106599,"BC23209_D1","19x11",0.180259996106599,0.119306397917153,0.115192055152601,0.585241550823646
"16","BC23209_D1_22x11",0.0102502700252473,0.225648448389973,0.0199301862906974,0.157490663702704,0.00505660179199969,0.152788758545001,0.0163825935555002,0.406311442657854,0.00614103504102387,"BC23209_D1","22x11",0.00614103504102387,0.255828904705918,0.568858708152558,0.169171352100501
"17","BC23209_D1_20x11",0.0470056490846986,0.120133859464467,0.0694024723193793,0.303464416499502,0.0297618912927855,0.281535128931802,0.0167949459763373,0.112035670934508,0.0198659654965201,"BC23209_D1","20x11",0.0198659654965201,0.236541980868545,0.445261978726796,0.298330074908139
"18","BC23209_D1_18x11",0.216603069283572,0.0622816071802264,0.069102850725596,0.215270906260696,0.0211548279890038,0.089231073278017,0.191262518004255,0.0104803415739182,0.124612805704715,"BC23209_D1","18x11",0.124612805704715,0.347987527189394,0.246906075823618,0.280493591282272
"19","BC23209_D1_24x11",0.00402027350371808,0.13644557384497,0.00545902427226886,0.11773035056142,0.00885550949297794,0.079006264250478,0.00812249462034475,0.637254303575669,0.00310620587815351,"BC23209_D1","24x11",0.00310620587815351,0.145924871620957,0.763840163630067,0.0871287588708228
"20","BC23209_D1_16x11",0.106742342166194,0.0472941591220313,0.0401649043444267,0.315819558768378,0.0712100281025914,0.0284390093509307,0.208233882444066,0.0523097342918858,0.129786381409496,"BC23209_D1","16x11",0.129786381409496,0.194201405632652,0.439339321162855,0.236672891794997
"21","BC23209_D1_15x11",0.122179161773788,0.0443311645077149,0.0350671223497632,0.131719122424362,0.0901897225158611,0.0136575044856177,0.267531976068972,0.00755168783540145,0.28777253803852,"BC23209_D1","15x11",0.28777253803852,0.201577448631266,0.229460532775625,0.28118948055459
"22","BC23209_D1_17x11",0.0623393236069836,0.0491445430466334,0.0474512862291596,0.235604503846596,0.110982336302174,0.0250202733451403,0.257864148175157,0.0395468819489225,0.172046703499234,"BC23209_D1","17x11",0.172046703499234,0.158935152882777,0.386133722097692,0.282884421520297
"23","BC23209_D1_23x11",0.00878491117422262,0.172605177457024,0.0233047779551179,0.273971633559419,0.0110401859714734,0.0376347118627976,0.00967505498281337,0.457561625461019,0.00542192157611372,"BC23209_D1","23x11",0.00542192157611372,0.204694866586365,0.742573444991911,0.047309766845611
"24","BC23209_D1_14x11",0.0420053427616425,0.0204933112340896,0.033173914561601,0.415716780920327,0.049031503885212,0.00730246515995183,0.293070536524676,0.00295835731414585,0.136247787638354,"BC23209_D1","14x11",0.136247787638354,0.0956725685573331,0.467706642119685,0.300373001684628
"25","BC23209_D1_22x12",0.0762275016026661,0.105096742604376,0.0907898655266848,0.232730063068134,0.00744257799210099,0.110368456820629,0.0153307125475932,0.353873436117862,0.00814064371995415,"BC23209_D1","22x12",0.00814064371995415,0.272114109733727,0.594046077178097,0.125699169368222
"26","BC23209_D1_21x12",0.0229380312751848,0.121254217419127,0.0161537035376653,0.319173079476792,0.0367543992429552,0.245319515853701,0.0272610329113972,0.199425880587046,0.0117201396961314,"BC23209_D1","21x12",0.0117201396961314,0.160345952231977,0.555353359306793,0.272580548765098
"27","BC23209_D1_19x12",0.0439011896357123,0.107037144244947,0.0211965743032387,0.385727214188353,0.0745096524437506,0.0199194185766821,0.260580099958843,0.0194935936923539,0.0676351129561192,"BC23209_D1","19x12",0.0676351129561192,0.172134908183898,0.479730460324458,0.280499518535525
"28","BC23209_D1_16x12",0.082717636309483,0.0438933281164771,0.0356591739208942,0.241883675712767,0.0344827961390778,0.0537588466334415,0.27261744473195,0.0535426372329036,0.181444461203006,"BC23209_D1","16x12",0.181444461203006,0.162270138346854,0.329909109084748,0.326376291365391
"29","BC23209_D1_18x12",0.102512711625047,0.0423047722106408,0.0430382380982853,0.246850760298469,0.0419212176694096,0.0807497700535646,0.341373317886571,0.0229013426894892,0.0783478694685232,"BC23209_D1","18x12",0.0783478694685232,0.187855721933973,0.311673320657368,0.422123087940136
"30","BC23209_D1_17x12",0.0939054116848138,0.0334778354038578,0.0448820045578137,0.309187516542925,0.0322679900385826,0.0219733656276753,0.209367151238795,0.127077416603203,0.127861308302333,"BC23209_D1","17x12",0.127861308302333,0.172265251646485,0.468532923184711,0.23134051686647
"31","BC23209_D1_24x12",0.00302584467127049,0.114618407640342,0.00874007283439764,0.431883031962708,0.00940395095854712,0.0327701810710626,0.00870051524379442,0.38772860738337,0.00312938823450851,"BC23209_D1","24x12",0.00312938823450851,0.12638432514601,0.829015590304625,0.041470696314857
"32","BC23209_D1_20x12",0.0689667467602382,0.0604985618004508,0.0575863214064288,0.501858632476503,0.0747866406224134,0.0254295960210402,0.073133112624896,0.0156464356652763,0.122093952622754,"BC23209_D1","20x12",0.122093952622754,0.187051629967118,0.592291708764193,0.0985627086459362
"33","BC23209_D1_15x12",0.0969234490802763,0.0778385252623885,0.060081255351554,0.284389227339206,0.0536661386134253,0.0575613094647271,0.172415405790189,0.0148471178782658,0.182277571219968,"BC23209_D1","15x12",0.182277571219968,0.234843229694219,0.352902483830897,0.229976715254916
"34","BC23209_D1_13x12",0.187519489395806,0.0682454418881848,0.0718111110061737,0.071908465942463,0.0354247358857021,0.0253585660169818,0.358336476802421,0.00389755005740583,0.177498163004862,"BC23209_D1","13x12",0.177498163004862,0.327576042290164,0.111230751885571,0.383695042819403
"35","BC23209_D1_14x12",0.0831927970380647,0.0240115854371617,0.0313696496318532,0.308815820312396,0.0530398748463664,0.00745927056282818,0.35368753532482,0.00661693654476772,0.131806530301742,"BC23209_D1","14x12",0.131806530301742,0.13857403210708,0.36847263170353,0.361146805887648
"36","BC23209_D1_23x12",0.00315409163060057,0.216882088782223,0.00999961609271285,0.129544531678907,0.00442981829855213,0.0838854713842962,0.0121833848640034,0.537111821539609,0.00280917572909609,"BC23209_D1","23x12",0.00280917572909609,0.230035796505536,0.671086171517068,0.0960688562482996
"37","BC23209_D1_12x12",0.108829928792871,0.0404540918513662,0.0485054520816037,0.316144249383492,0.0456626650186742,0.0166429026268166,0.25420539194622,0.0289009077247123,0.140654410574244,"BC23209_D1","12x12",0.140654410574244,0.197789472725841,0.390707822126879,0.270848294573037
"38","BC23209_D1_11x13",0.0496041409965632,0.0587649302486912,0.0312386149534893,0.436414889269632,0.0481387355436793,0.0224831869353021,0.197169434078136,0.0328934704145797,0.123292597559927,"BC23209_D1","11x13",0.123292597559927,0.139607686198744,0.517447095227891,0.219652621013438
"39","BC23209_D1_22x13",0.0755943551997098,0.234765230007692,0.0526870378247173,0.0990938444622677,0.0102515829314319,0.193648642778292,0.010575100462403,0.311118236259372,0.012265970074115,"BC23209_D1","22x13",0.012265970074115,0.363046623032119,0.420463663653072,0.204223743240695
"40","BC23209_D1_21x13",0.0393268068439843,0.119671954782181,0.0231804589899125,0.503352676111923,0.0253511314639677,0.124813274666465,0.00429308583105151,0.151674441955761,0.00833616935475394,"BC23209_D1","21x13",0.00833616935475394,0.182179220616078,0.680378249531652,0.129106360497517
"41","BC23209_D1_18x13",0.0629400792114188,0.0301304223375684,0.0503839447597283,0.471744950514151,0.0581744323834348,0.015225929530033,0.173721442840417,0.0382866544443118,0.0993921439789374,"BC23209_D1","18x13",0.0993921439789374,0.143454446308716,0.568206037341898,0.18894737237045
"42","BC23209_D1_8x13",0.0560402348580557,0.0390296358937646,0.0125219622915616,0.332615174494107,0.0499463849189992,0.0094641540552553,0.332257906087156,0.0526733185950543,0.115451228806047,"BC23209_D1","8x13",0.115451228806047,0.107591833043382,0.43523487800816,0.341722060142411
"43","BC23209_D1_17x13",0.0641533132902968,0.0643183027747094,0.0306884094058295,0.403962216365004,0.073644782607286,0.0196905476226865,0.225580158762356,0.0183566019465015,0.09960566722533,"BC23209_D1","17x13",0.09960566722533,0.159160025470836,0.495963600918792,0.245270706385042
"44","BC23209_D1_14x13",0.0999337579698593,0.0264463067046212,0.0686734584640345,0.220480826626452,0.0361952968114102,0.035543489924739,0.345349683906581,0.0155217607542882,0.151855418838014,"BC23209_D1","14x13",0.151855418838014,0.195053523138515,0.27219788419215,0.38089317383132
"45","BC23209_D1_19x13",0.0613485302877093,0.071822210685627,0.0280261654205313,0.397973944358431,0.0783888488632404,0.0778153212129034,0.106891227692442,0.0883354213259863,0.0893983301531295,"BC23209_D1","19x13",0.0893983301531295,0.161196906393868,0.564698214547658,0.184706548905345
"46","BC23209_D1_20x13",0.0490778707384343,0.203974724169569,0.0464962012290824,0.280555259314619,0.0178987164860981,0.204401133624166,0.0285325394134685,0.151333941685384,0.0177296133391791,"BC23209_D1","20x13",0.0177296133391791,0.299548796137086,0.449787917486101,0.232933673037635
"47","BC23209_D1_23x13",0.0310106888080125,0.225636283471255,0.032525179820307,0.176892072658182,0.00584793683641828,0.116195554736122,0.00917738556521298,0.395648146453108,0.00706675165138313,"BC23209_D1","23x13",0.00706675165138313,0.289172152099574,0.578388155947708,0.125372940301335
"48","BC23209_D1_24x13",0.136374083869895,0.124513263687827,0.100539451026723,0.17977558911575,0.0141656491184928,0.110365959210263,0.00881311371653404,0.32007633991048,0.00537655034403666,"BC23209_D1","24x13",0.00537655034403666,0.361426798584445,0.514017578144723,0.119179072926797
"49","BC23209_D1_16x13",0.0928606711617806,0.0582563720200066,0.0390827085657326,0.257788705422379,0.0527114587225656,0.0272080362167231,0.260907094049887,0.0207167706780543,0.19046818316287,"BC23209_D1","16x13",0.19046818316287,0.19019975174752,0.331216934822999,0.28811513026661
"50","BC23209_D1_15x13",0.0774457920547785,0.0503523650494309,0.0413567608566159,0.283767871601242,0.0519942152855086,0.028821000218457,0.304760281246823,0.0295105984043555,0.131991115282788,"BC23209_D1","15x13",0.131991115282788,0.169154917960825,0.365272685291106,0.33358128146528
"51","BC23209_D1_13x13",0.0784713387288266,0.0605904078862649,0.0524745601161401,0.293146588440528,0.0702849867389037,0.0345295039423988,0.190925554992849,0.0320309698199826,0.187546089334107,"BC23209_D1","13x13",0.187546089334107,0.191536306731232,0.395462544999414,0.225455058935248
"52","BC23209_D1_12x13",0.0499540738913606,0.0276270745427691,0.017338966447816,0.417623852385758,0.0678118007438127,0.00686846880475448,0.282730978978169,0.00418899687288403,0.125855787332676,"BC23209_D1","12x13",0.125855787332676,0.0949201148819457,0.489624650002455,0.289599447782924
"53","BC23209_D1_21x14",0.0346061000944404,0.214721117696243,0.0256511920251666,0.325440028453031,0.0236165881052006,0.170798524203851,0.0393951079662269,0.126823820441893,0.0389475210139479,"BC23209_D1","21x14",0.0389475210139479,0.27497840981585,0.475880437000125,0.210193632170078
"54","BC23209_D1_22x14",0.024070797981531,0.185650017721663,0.0185512771746315,0.240657581777454,0.0157180140460175,0.190814489859191,0.00754920618621886,0.30914238631645,0.0078462289368429,"BC23209_D1","22x14",0.0078462289368429,0.228272092877826,0.565517982139922,0.19836369604541
"55","BC23209_D1_11x14",0.0301713880944176,0.029971670587208,0.0352705669649855,0.583167236416051,0.0397397863781917,0.0178881307701912,0.161653458732885,0.00388891066735816,0.0982488513887111,"BC23209_D1","11x14",0.0982488513887111,0.0954136256466111,0.626795933461601,0.179541589503076
"56","BC23209_D1_18x14",0.102682334428321,0.119958020667759,0.0635528588216915,0.27631588127518,0.0839457002834497,0.0474435517385562,0.179543134215364,0.0194177865399859,0.107140732029692,"BC23209_D1","18x14",0.107140732029692,0.286193213917772,0.379679368098616,0.22698668595392
"57","BC23209_D1_19x14",0.0832272091191103,0.0860646343402107,0.0534446673862871,0.181910807845997,0.0568032263299401,0.0164887786661612,0.28041906364534,0.0345739994338435,0.20706761323311,"BC23209_D1","19x14",0.20706761323311,0.222736510845608,0.273288033609781,0.296907842311501
"58","BC23209_D1_20x14",0.130810197794338,0.214387189712183,0.0667765575773483,0.238326752360155,0.030377354035359,0.0495570052866724,0.103898243540971,0.0834670226940128,0.0823996769989599,"BC23209_D1","20x14",0.0823996769989599,0.411973945083869,0.352171129089527,0.153455248827643
"59","BC23209_D1_16x14",0.0639497173405203,0.0458912579356744,0.0628427677828776,0.334947973133291,0.0623617321630467,0.02948434599456,0.249989475184818,0.00806740126603441,0.142465329199177,"BC23209_D1","16x14",0.142465329199177,0.172683743059072,0.405377106562372,0.279473821179378
"60","BC23209_D1_9x14",0.0633393820666084,0.111991493680117,0.0498354365804327,0.345228168810392,0.0537640542691879,0.0487660025934262,0.122686069238216,0.140936445561525,0.0634529472000952,"BC23209_D1","9x14",0.0634529472000952,0.225166312327158,0.539928668641105,0.171452071831642
"61","BC23209_D1_10x14",0.0394537360766688,0.0528219310786065,0.0310687907945978,0.62912981728072,0.047231760431758,0.00443930238440779,0.0826746315465166,0.0438233351636988,0.0693566952430259,"BC23209_D1","10x14",0.0693566952430259,0.123344457949873,0.720184912876177,0.0871139339309244
"62","BC23209_D1_17x14",0.0353264147202507,0.0229096593981074,0.0224537185375065,0.608189726799851,0.0660685730901646,0.00301890480869522,0.154296267916787,0.00215210078859123,0.085584633940047,"BC23209_D1","17x14",0.085584633940047,0.0806897926558646,0.676410400678607,0.157315172725482
"63","BC23209_D1_25x14",0.0206195366248307,0.0926000383716854,0.0159404498709871,0.444513521547659,0.0538252259172496,0.18281376765715,0.0266359802803697,0.15582197701513,0.00722950271493891,"BC23209_D1","25x14",0.00722950271493891,0.129160024867503,0.654160724480039,0.20944974793752
"64","BC23209_D1_7x14",0.11954967720763,0.0882632941098613,0.140936313249392,0.290138755683545,0.0354221588016711,0.0472115292979662,0.0716237630360104,0.0755872216484314,0.131267286965492,"BC23209_D1","7x14",0.131267286965492,0.348749284566883,0.401148136133648,0.118835292333977
"65","BC23209_D1_8x14",0.0514345403084306,0.0554233146580079,0.0185285339009739,0.470562272056374,0.0463746131701577,0.0211496606663231,0.124285972709947,0.141117663339598,0.071123429190188,"BC23209_D1","8x14",0.071123429190188,0.125386388867412,0.65805454856613,0.14543563337627
"66","BC23209_D1_13x14",0.0600608408785169,0.0506351479228064,0.0624467483115724,0.236922878090898,0.0615974371536961,0.0137476039616261,0.321892117846812,0.0090035447433568,0.183693681090715,"BC23209_D1","13x14",0.183693681090715,0.173142737112896,0.307523859987951,0.335639721808438
"67","BC23209_D1_15x14",0.0415020557120092,0.0610053535826027,0.0315240901395706,0.477429911738322,0.04547086804204,0.00697340323141038,0.223858830339177,0.0185212975113457,0.0937141897035226,"BC23209_D1","15x14",0.0937141897035226,0.134031499434182,0.541422077291708,0.230832233570587
"68","BC23209_D1_23x14",0.0285598688580581,0.168930539576605,0.0296099670006576,0.164127630950403,0.0167271690082137,0.245901672832025,0.0451551636360777,0.289301617433619,0.0116863707043399,"BC23209_D1","23x14",0.0116863707043399,0.227100375435321,0.470156417392236,0.291056836468103
"69","BC23209_D1_24x14",0.0347421639482935,0.154001769013111,0.0513414978075844,0.290241097427018,0.0213906347305282,0.214220066579299,0.0130898559699187,0.197147550430692,0.0238253640935557,"BC23209_D1","24x14",0.0238253640935557,0.240085430768989,0.508779282588238,0.227309922549218
"70","BC23209_D1_12x14",0.0610936233661575,0.0308405855955439,0.0330237917533859,0.300554090394199,0.0320943741758101,0.029089115604006,0.406888340528895,0.00175198430143788,0.104664094280565,"BC23209_D1","12x14",0.104664094280565,0.124958000715087,0.334400448871447,0.435977456132901
"71","BC23209_D1_14x14",0.131459249666181,0.0649556500028877,0.0669740464820544,0.107638964203598,0.0666128739210253,0.0468861197708912,0.277053983314046,0.0115696404449818,0.226849472194334,"BC23209_D1","14x14",0.226849472194334,0.263388946151123,0.185821478569605,0.323940103084937
"72","BC23209_D1_6x14",0.0880052371211107,0.0825738328959487,0.0439618108097239,0.283138593936143,0.0697559578444528,0.101294741137039,0.136339232894721,0.0469908666337638,0.147939726727097,"BC23209_D1","6x14",0.147939726727097,0.214540880826783,0.39988541841436,0.23763397403176
"73","BC23209_D1_10x15",0.037315384197289,0.0446800432596674,0.0371001565933253,0.600740958105237,0.0641140708522292,0.00129463305172794,0.115143652526847,0.0277485476420747,0.0718625537716029,"BC23209_D1","10x15",0.0718625537716029,0.119095584050282,0.692603576599541,0.116438285578575
"74","BC23209_D1_22x15",0.0718802649376375,0.277243966629313,0.023071519787148,0.222338728217837,0.0065256413849963,0.257588237099833,0.00838516814362455,0.119599525542316,0.0133669482572953,"BC23209_D1","22x15",0.0133669482572953,0.372195751354098,0.348463895145149,0.265973405243458
"75","BC23209_D1_21x15",0.0663279833892109,0.222398768151554,0.0382112304957873,0.16077698258927,0.0470879032463588,0.319523871837429,0.0473973442364903,0.055252161959937,0.0430237540939633,"BC23209_D1","21x15",0.0430237540939633,0.326937982036552,0.263117047795566,0.366921216073919
"76","BC23209_D1_20x15",0.0979573157415947,0.0932192997563393,0.0672431444143739,0.306286048825211,0.0589341329567015,0.0424668863066045,0.208359665964617,0.00580423948838064,0.119729266546177,"BC23209_D1","20x15",0.119729266546177,0.258419759912308,0.371024421270293,0.250826552271222
"77","BC23209_D1_19x15",0.102449465430568,0.135649779058506,0.0696044789098229,0.353927611238025,0.0479784868686045,0.0389481375745868,0.056732373517282,0.0433374579104313,0.151372209492173,"BC23209_D1","19x15",0.151372209492173,0.307703723398897,0.445243556017061,0.0956805110918688
"78","BC23209_D1_8x15",0.0222750329123966,0.0940366729462199,0.0227841578066602,0.537965261233597,0.0357650825438634,0.00507866258895366,0.0451969010024673,0.197940224175994,0.0389580047898476,"BC23209_D1","8x15",0.0389580047898476,0.139095863665277,0.771670567953454,0.050275563591421
"79","BC23209_D1_23x15",0.0315274777189256,0.159115849343444,0.0211252133272798,0.366201583708941,0.0490318832800268,0.196341912797097,0.00825902166601227,0.157106031553906,0.0112910266043673,"BC23209_D1","23x15",0.0112910266043673,0.211768540389649,0.572339498542874,0.204600934463109
"80","BC23209_D1_9x15",0.0301744975085949,0.0925376652869692,0.0314950345140551,0.590771151172516,0.0349706087195591,0.00268972744419281,0.0546845772480634,0.124991599668784,0.0376851384372649,"BC23209_D1","9x15",0.0376851384372649,0.154207197309619,0.750733359560859,0.0573743046922562
"81","BC23209_D1_24x15",0.0921581477829141,0.202112496946567,0.0180725638923621,0.245050927819309,0.0375915791385431,0.260500680075226,0.0142293755793349,0.115117853636384,0.0151663751293588,"BC23209_D1","24x15",0.0151663751293588,0.312343208621843,0.397760360594236,0.274730055654561
"82","BC23209_D1_11x15",0.0474262952750429,0.0581895415302528,0.0350945935135764,0.539629270076767,0.0844498377153876,0.0035289512003605,0.143676774725144,0.00953966525718571,0.0784650707062833,"BC23209_D1","11x15",0.0784650707062833,0.140710430318872,0.63361877304934,0.147205725925505
"83","BC23209_D1_13x15",0.037481114201838,0.0370181217851521,0.0323868623018293,0.226459020008844,0.0927712636447667,0.0371827648132828,0.356506637292734,0.0263675581039313,0.153826657847622,"BC23209_D1","13x15",0.153826657847622,0.106886098288819,0.345597841757542,0.393689402106017
"84","BC23209_D1_16x15",0.0335711673529904,0.0201729001484021,0.0217856292384509,0.591579816353501,0.075529872215917,0.00457761011736524,0.124465316757841,0.00969474862471161,0.118622939190821,"BC23209_D1","16x15",0.118622939190821,0.0755296967398434,0.67680443719413,0.129042926875206
"85","BC23209_D1_25x15",0.0896996955754474,0.0950007117336515,0.0488420390282971,0.431580560174702,0.0775020022277384,0.125818846973329,0.0512059794466872,0.0640785434239314,0.0162716214162158,"BC23209_D1","25x15",0.0162716214162158,0.233542446337396,0.573161105826372,0.177024826420016
"86","BC23209_D1_14x15",0.0746767244086718,0.0259443211362801,0.0525520481924543,0.417988726877374,0.0506418014016021,0.0069689610481212,0.271659358105848,0.00238941441700574,0.0971786444126429,"BC23209_D1","14x15",0.0971786444126429,0.153173093737406,0.471019942695982,0.278628319153969
"87","BC23209_D1_7x15",0.0329437219486377,0.121844649411709,0.0258928981649499,0.528653984426605,0.030190402807645,0.0136382704149201,0.172513244136261,0.00670038506228604,0.0676224436269863,"BC23209_D1","7x15",0.0676224436269863,0.180681269525297,0.565544772296536,0.186151514551181
"88","BC23209_D1_15x15",0.0505986263205255,0.0601301373423159,0.0363764966654225,0.351596577559742,0.0450393531550633,0.00321368618196878,0.342277916301312,0.0321102075013864,0.078656998972264,"BC23209_D1","15x15",0.078656998972264,0.147105260328264,0.428746138216192,0.345491602483281
"89","BC23209_D1_17x15",0.0960429925616823,0.083709033537279,0.11783334605132,0.161596577635683,0.0241732846753623,0.0545788282084023,0.298441944511397,0.0240986684550302,0.139525324363844,"BC23209_D1","17x15",0.139525324363844,0.297585372150281,0.209868530766076,0.353020772719799
"90","BC23209_D1_12x15",0.0711956909733517,0.0410883295572437,0.0379745995704242,0.358761387128473,0.0417174451122048,0.0130038156811964,0.295721554925189,0.00636437854588339,0.134172798506034,"BC23209_D1","12x15",0.134172798506034,0.15025862010102,0.406843210786561,0.308725370606385
"91","BC23209_D1_4x15",0.0351524685974299,0.0626097740366068,0.068453902071243,0.325303610976887,0.0976120146774213,0.0381621982437239,0.201749708588141,0.07733241831428,0.0936239044942675,"BC23209_D1","4x15",0.0936239044942675,0.16621614470528,0.500248043968588,0.239911906831865
"92","BC23209_D1_5x15",0.10038937463759,0.177764269102869,0.100558136156811,0.219398473783535,0.0262515618407295,0.0871231150702502,0.181895193789904,0.0145523426307363,0.0920675329875753,"BC23209_D1","5x15",0.0920675329875753,0.37871177989727,0.260202378255001,0.269018308860154
"93","BC23209_D1_6x15",0.116152698961015,0.092843409670669,0.0442008925484493,0.426340008292546,0.0196286662724553,0.0390657184910125,0.182644440273352,0.0247434678812688,0.0543806976092315,"BC23209_D1","6x15",0.0543806976092315,0.253197001180133,0.47071214244627,0.221710158764365
"94","BC23209_D1_18x15",0.0298220083892672,0.0433102110593461,0.0158805305256639,0.482229212516998,0.0485834153258408,0.0156695726522044,0.170969630625863,0.0354087224641379,0.158126696440679,"BC23209_D1","18x15",0.158126696440679,0.0890127499742772,0.566221350306977,0.186639203278067
"95","BC23209_D1_11x16",0.0498551628639735,0.026879608725992,0.0268890623545302,0.430292241773501,0.0700025921446634,0.00862268190577101,0.245788775574855,0.00816449172984119,0.133505382926872,"BC23209_D1","11x16",0.133505382926872,0.103623833944496,0.508459325648006,0.254411457480626
"96","BC23209_D1_22x16",0.0362392885048007,0.214371533983975,0.0495368732257154,0.1642150348522,0.0572014035481341,0.298719437990333,0.0208093581723087,0.144572029960701,0.0143350397618315,"BC23209_D1","22x16",0.0143350397618315,0.300147695714491,0.365988468361035,0.319528796162642
"97","BC23209_D1_21x16",0.0345896479300912,0.203211802573022,0.0184092850263471,0.227671325799904,0.0424796798549086,0.365364603280014,0.019191851596838,0.0672484257114827,0.0218333782273925,"BC23209_D1","21x16",0.0218333782273925,0.25621073552946,0.337399431366295,0.384556454876852
"98","BC23209_D1_10x16",0.109925819351987,0.0674485056865388,0.0351546226696905,0.10394563737168,0.0371013164459196,0.0366276495248718,0.359452204770064,0.0143770931033619,0.235967151075886,"BC23209_D1","10x16",0.235967151075886,0.212528947708216,0.155424046920962,0.396079854294936
"99","BC23209_D1_5x16",0.109380324941464,0.0727987806820329,0.0526844264341298,0.167338302553414,0.0204035418785221,0.0382829016054442,0.412586931198851,0.0382209636518404,0.0883038270543016,"BC23209_D1","5x16",0.0883038270543016,0.234863532057627,0.225962808083777,0.450869832804295
"100","BC23209_D1_9x16",0.0306332794620023,0.0547957174331143,0.0290860775969952,0.463601888771142,0.0537648903698903,0.0127506703701855,0.100591606506369,0.180226505322449,0.0745493641678524,"BC23209_D1","9x16",0.0745493641678524,0.114515074492112,0.697593284463481,0.113342276876555
"101","BC23209_D1_18x16",0.0298255640960244,0.0230638567075896,0.0489209231395684,0.616967301807242,0.0544459353200494,0.00431133937995659,0.0985589543382675,0.0176314916720928,0.10627463353921,"BC23209_D1","18x16",0.10627463353921,0.101810343943182,0.689044728799384,0.102870293718224
"102","BC23209_D1_24x16",0.0246360086150399,0.209900517208237,0.0345739700440093,0.29987755988054,0.0178218797631227,0.304558527105288,0.0100273209685367,0.087877958269846,0.0107262581453804,"BC23209_D1","24x16",0.0107262581453804,0.269110495867286,0.405577397913509,0.314585848073825
"103","BC23209_D1_3x16",0.104883572770919,0.056195153025404,0.0499703147864414,0.160232975847637,0.0265108395763402,0.0909411191206853,0.27581941377157,0.0797055502507238,0.15574106085028,"BC23209_D1","3x16",0.15574106085028,0.211049040582764,0.266449365674701,0.366760532892255
"104","BC23209_D1_19x16",0.0778519956674878,0.155351283203441,0.0672453731870055,0.279050646423445,0.0574316386088691,0.106214388553156,0.079634460876434,0.10330438078509,0.0739158326950712,"BC23209_D1","19x16",0.0739158326950712,0.300448652057934,0.439786665817404,0.18584884942959
"105","BC23209_D1_8x16",0.0191199219859722,0.243227727099447,0.0290392153552216,0.316514061724229,0.0700213436705231,0.0835168547057015,0.0405986091884531,0.160120433945021,0.0378418323254321,"BC23209_D1","8x16",0.0378418323254321,0.291386864440641,0.546655839339773,0.124115463894155
"106","BC23209_D1_25x16",0.0335044950223824,0.149720994806599,0.040280545166416,0.295912129906689,0.042299534083727,0.229692718669297,0.0227003306759527,0.16061301795019,0.0252762337187462,"BC23209_D1","25x16",0.0252762337187462,0.223506034995397,0.498824681940606,0.25239304934525
"107","BC23209_D1_16x16",0.058595609418228,0.0428327500685631,0.026744841415072,0.461818350168394,0.0766966266061073,0.00510078294558234,0.190079490556669,0.00632214261507519,0.131809406206309,"BC23209_D1","16x16",0.131809406206309,0.128173200901863,0.544837119389577,0.195180273502251
"108","BC23209_D1_23x16",0.0218045337623215,0.19043626345304,0.0415764480084341,0.252419691985494,0.0459235590189036,0.334484054609507,0.0654057457803033,0.0215246642172942,0.0264250391647035,"BC23209_D1","23x16",0.0264250391647035,0.253817245223796,0.319867915221692,0.39988980038981
"109","BC23209_D1_7x16",0.0250952463132837,0.17917431092547,0.0352332804152127,0.334314841772651,0.0448607258800135,0.0588097801757866,0.122718256562731,0.127350481980509,0.0724430759743417,"BC23209_D1","7x16",0.0724430759743417,0.239502837653966,0.506526049633173,0.181528036738518
"110","BC23209_D1_20x16",0.0530518824037319,0.138701958392035,0.0239757125861697,0.377965067151387,0.0649710080959049,0.13897535184688,0.128293590136309,0.0382740458829634,0.0357913835046191,"BC23209_D1","20x16",0.0357913835046191,0.215729553381937,0.481210121130255,0.267268941983189
"111","BC23209_D1_4x16",0.135825598800851,0.0937707944276869,0.0465710808701722,0.147142679432433,0.017084073599904,0.0529384084769439,0.356237248021754,0.0112137570536022,0.139216359316653,"BC23209_D1","4x16",0.139216359316653,0.27616747409871,0.175440510085939,0.409175656498698
"112","BC23209_D1_17x16",0.0909449412488634,0.105201612769549,0.0574045534800938,0.292283749273314,0.0298319279314744,0.034498525092009,0.265505292154712,0.0188210948494567,0.105508303200528,"BC23209_D1","17x16",0.105508303200528,0.253551107498506,0.340936772054245,0.300003817246721
"113","BC23209_D1_14x16",0.0660972487801247,0.0415320824300605,0.022437766466431,0.349754426335765,0.0606752898509768,0.00704703272214818,0.297174416744785,0.00821788328645921,0.14706385338325,"BC23209_D1","14x16",0.14706385338325,0.130067097676616,0.418647599473201,0.304221449466933
"114","BC23209_D1_6x16",0.0522892118890962,0.0481708140445633,0.0645659921312427,0.35652989953686,0.0518107618229082,0.0147183681416139,0.284448403705124,0.00396480582884295,0.123501742899749,"BC23209_D1","6x16",0.123501742899749,0.165026018064902,0.412305467188611,0.299166771846738
"115","BC23209_D1_15x16",0.0681693347699898,0.0299632884511692,0.0456081007180077,0.435287125132295,0.0739056805248207,0.00633294903323392,0.185938479964719,0.0148187551533604,0.139976286252404,"BC23209_D1","15x16",0.139976286252404,0.143740723939167,0.524011560810476,0.192271428997953
"116","BC23209_D1_13x16",0.121186796336631,0.037342646726451,0.0750030782669367,0.100726906056395,0.0319756838029741,0.0363500278514573,0.432376898101111,0.0227337783971647,0.14230418446088,"BC23209_D1","13x16",0.14230418446088,0.233532521330019,0.155436368256534,0.468726925952568
"117","BC23209_D1_12x16",0.0597375283329333,0.0548618162478093,0.028599474843785,0.170442880406778,0.0483802313695833,0.0198431934713286,0.390348582744763,0.0188371438002445,0.208949148782775,"BC23209_D1","12x16",0.208949148782775,0.143198819424528,0.237660255576606,0.410191776216092
"118","BC23209_D1_10x17",0.177125541802406,0.0633826503359203,0.115739311003735,0.0977896740736234,0.0273496447559162,0.0713053801641498,0.20516771894604,0.0215460974473848,0.220593981470825,"BC23209_D1","10x17",0.220593981470825,0.356247503142061,0.146685416276924,0.27647309911019
"119","BC23209_D1_22x17",0.107341947861776,0.14754211491252,0.0701233184052603,0.163821878694347,0.0556166040449794,0.247585499293681,0.142296094072,0.0194096346179587,0.0462629080974767,"BC23209_D1","22x17",0.0462629080974767,0.325007381179556,0.238848117357285,0.389881593365681
"120","BC23209_D1_11x17",0.0874359020787992,0.0528219824109069,0.11735528088709,0.13390733719229,0.0445634979618435,0.0439998795634997,0.310513801510667,0.0179410845127464,0.191461233882157,"BC23209_D1","11x17",0.191461233882157,0.257613165376796,0.19641191966688,0.354513681074167
"121","BC23209_D1_21x17",0.0538169515775686,0.134648166395781,0.0196509159056351,0.318233515110076,0.0535762702879518,0.238370088365364,0.0104357429998186,0.153828923805206,0.0174394255525992,"BC23209_D1","21x17",0.0174394255525992,0.208116033878985,0.525638709203234,0.248805831365183
"122","BC23209_D1_8x17",0.110701282239033,0.107520478570831,0.0612489506483062,0.11347742390778,0.0213224689188619,0.118099689310189,0.314589567726753,0.0515944325800254,0.101445706098219,"BC23209_D1","8x17",0.101445706098219,0.27947071145817,0.186394325406667,0.432689257036942
"123","BC23209_D1_17x17",0.0548452211967077,0.0365676180131677,0.0288946016561107,0.335179197520812,0.065844554017434,0.00401348373139421,0.336622198203612,0.00864211164593231,0.129391014014828,"BC23209_D1","17x17",0.129391014014828,0.120307440865986,0.409665863184178,0.340635681935006
"124","BC23209_D1_16x17",0.0157149974597498,0.0390035873202812,0.027412100941813,0.585925473957301,0.0322621312766547,0.0230145201107607,0.165441992800854,0.00365947461846701,0.107565721514118,"BC23209_D1","16x17",0.107565721514118,0.082130685721844,0.621847079852423,0.188456512911615
"125","BC23209_D1_26x17",0.0113472305118234,0.163261098891387,0.0160201047864384,0.0490448109824561,0.00493394476933757,0.349297731484681,0.0018955873520816,0.402098122637277,0.00210136858451783,"BC23209_D1","26x17",0.00210136858451783,0.190628434189649,0.456076878389071,0.351193318836763
"126","BC23209_D1_18x17",0.0725751110192811,0.110635997634633,0.0499773464732255,0.413146893215971,0.049496673974793,0.0259189572492197,0.186140480097949,0.0203489244534106,0.0717596158815179,"BC23209_D1","18x17",0.0717596158815179,0.23318845512714,0.482992491644175,0.212059437347169
"127","BC23209_D1_19x17",0.0803402407106293,0.0832309310824951,0.0646888965608677,0.368811617071326,0.0453841554399298,0.0669339229935332,0.113547770055149,0.00877309601990397,0.168289370066166,"BC23209_D1","19x17",0.168289370066166,0.228260068353992,0.42296886853116,0.180481693048682
"128","BC23209_D1_20x17",0.106071025033687,0.103088215668574,0.0456031117309427,0.339562492493656,0.0205303930288463,0.195122754371351,0.103553858945371,0.057881199856643,0.0285869488709282,"BC23209_D1","20x17",0.0285869488709282,0.254762352433204,0.417974085379145,0.298676613316722
"129","BC23209_D1_5x17",0.115466196593012,0.0800843450891126,0.0741725523928405,0.169939053578668,0.0231447935283523,0.100405047177692,0.19644938953574,0.0767321934940786,0.163606428610505,"BC23209_D1","5x17",0.163606428610505,0.269723094074965,0.269816040601099,0.296854436713432
"130","BC23209_D1_15x17",0.0593195756208384,0.0472702108041381,0.0377568392593211,0.316087214381856,0.0333898664662616,0.0237673391658949,0.18514086169419,0.0243317953364009,0.272936297271098,"BC23209_D1","15x17",0.272936297271098,0.144346625684298,0.373808876184518,0.208908200860085
"131","BC23209_D1_12x17",0.0566104480497589,0.0941952309209925,0.0407487962549141,0.310909697373379,0.037330951147275,0.0267582910747923,0.216436853924275,0.0261455501779216,0.190864181076692,"BC23209_D1","12x17",0.190864181076692,0.191554475225665,0.374386198698576,0.243195144999067
"132","BC23209_D1_25x17",0.0313864860851114,0.241905650630609,0.0311306095888011,0.171889523517484,0.0420902288296903,0.234788375052397,0.0124069636636298,0.219059493237107,0.0153426693951713,"BC23209_D1","25x17",0.0153426693951713,0.304422746304521,0.433039245584281,0.247195338716027
"133","BC23209_D1_9x17",0.0470895776964839,0.112559162786598,0.059524285313055,0.503489220238892,0.0284046411272931,0.01306108156067,0.12156446922335,0.0443564976456514,0.0699510644080058,"BC23209_D1","9x17",0.0699510644080058,0.219173025796137,0.576250359011837,0.13462555078402
"134","BC23209_D1_14x17",0.0408472563010528,0.0155378483828232,0.0393271841315514,0.163555663600922,0.103933252295587,0.0303026480812035,0.393692519778017,0.0283582870095521,0.18444534041929,"BC23209_D1","14x17",0.18444534041929,0.0957122888154274,0.295847202906061,0.42399516785922
"135","BC23209_D1_24x17",0.0476378731371804,0.250784981904635,0.0509315738045086,0.133358041509289,0.0284220505370979,0.340731264709033,0.0557467636144646,0.0543492939548829,0.0380381568289089,"BC23209_D1","24x17",0.0380381568289089,0.349354428846324,0.21612938600127,0.396478028323498
"136","BC23209_D1_4x17",0.221490937329159,0.0698005262218202,0.201177139739098,0.00456370801468036,0.00669156247500309,0.0790403793582802,0.321187266859272,0.00519963933292368,0.0908488406697638,"BC23209_D1","4x17",0.0908488406697638,0.492468603290077,0.0164549098226071,0.400227646217552
"137","BC23209_D1_23x17",0.100258041273469,0.143392540115798,0.0652490846165822,0.261723400300944,0.0580223007845459,0.211905322670985,0.0538609542252365,0.0479276435538242,0.0576607124586142,"BC23209_D1","23x17",0.0576607124586142,0.308899666005849,0.367673344639314,0.265766276896222
"138","BC23209_D1_6x17",0.142585489668912,0.116829264191643,0.0808066528977563,0.0557647924116431,0.0548496268441303,0.0613740317607154,0.326883151738533,0.00476411036695438,0.156142880119713,"BC23209_D1","6x17",0.156142880119713,0.340221406758311,0.115378529622728,0.388257183499248
"139","BC23209_D1_13x17",0.0319899122147513,0.0232681990427665,0.0162893173311664,0.518422872123737,0.0536738181445711,0.00132415573712163,0.20001706226034,0.0182277694149667,0.136786893730579,"BC23209_D1","13x17",0.136786893730579,0.0715474285886842,0.590324459683275,0.201341217997462
"140","BC23209_D1_7x17",0.128830244860109,0.10100664472694,0.0634252605474916,0.173790217492021,0.0365271060565213,0.0722290405243081,0.260609271651026,0.0107963108068722,0.152785903334711,"BC23209_D1","7x17",0.152785903334711,0.293262150134541,0.221113634355415,0.332838312175334
"141","BC23209_D1_2x17",0.107977963065061,0.108639627400131,0.0624866363288604,0.244539653726846,0.0142531476021398,0.101876653508888,0.254548702356858,0.0106667894613824,0.095010826549832,"BC23209_D1","2x17",0.095010826549832,0.279104226794052,0.269459590790368,0.356425355865746
"142","BC23209_D1_3x17",0.0915802237771667,0.116957809297497,0.166471106817133,0.0443574680845549,0.0328767996885283,0.108266631498246,0.19520990201165,0.0987996350774325,0.145480423747791,"BC23209_D1","3x17",0.145480423747791,0.375009139891797,0.176033902850516,0.303476533509896
"143","BC23209_D1_11x18",0.116220567976798,0.0564205109294158,0.0578827846741606,0.262822825773384,0.0566101166551631,0.0399479845533393,0.277347041042378,0.00143033525206366,0.131317833143297,"BC23209_D1","11x18",0.131317833143297,0.230523863580374,0.320863277680611,0.317295025595717
"144","BC23209_D1_22x18",0.128723051462073,0.117707757713246,0.0715527734501461,0.142557904195656,0.0877409590007967,0.172256665975882,0.145118273290832,0.021974860981449,0.112367753929918,"BC23209_D1","22x18",0.112367753929918,0.317983582625465,0.252273724177902,0.317374939266714
"145","BC23209_D1_8x18",0.0849452625861776,0.0949074897150371,0.0535283791237284,0.278349159921915,0.0495423491080467,0.0362819000335193,0.217939117046755,0.0567131084227191,0.127793234042102,"BC23209_D1","8x18",0.127793234042102,0.233381131424943,0.384604617452681,0.254221017080274
"146","BC23209_D1_21x18",0.036018092985038,0.255895099682821,0.0439267450983325,0.132008144155016,0.0568544145388771,0.303999166117168,0.0629153571036575,0.0168764195089771,0.0915065608101128,"BC23209_D1","21x18",0.0915065608101128,0.335839937766191,0.20573897820287,0.366914523220826
"147","BC23209_D1_26x18",0.0333070172959032,0.149841168054338,0.0299673647444466,0.0841815005808664,0.0291231293610005,0.438134262926368,0.0113230205319681,0.218345783293143,0.00577675321196506,"BC23209_D1","26x18",0.00577675321196506,0.213115550094688,0.33165041323501,0.449457283458336
"148","BC23209_D1_24x18",0.0230761653556135,0.145171718700078,0.0439093671248495,0.447893663845229,0.0933026813421226,0.142028768876263,0.0197871543937673,0.0516523951584272,0.0331780852036497,"BC23209_D1","24x18",0.0331780852036497,0.212157251180541,0.592848740345779,0.16181592327003
"149","BC23209_D1_25x18",0.0327034464113156,0.19412086761197,0.018193654047428,0.341225315315555,0.0208304956101741,0.125498452064411,0.0219134537473559,0.229269648698825,0.0162446664929649,"BC23209_D1","25x18",0.0162446664929649,0.245017968070714,0.591325459624554,0.147411905811767
"150","BC23209_D1_5x18",0.132098442825998,0.0599161669196687,0.0861672058112339,0.0872273900902249,0.0459223185090707,0.0953579865071941,0.353026985357073,0.0319208949796157,0.108362608999921,"BC23209_D1","5x18",0.108362608999921,0.278181815556901,0.165070603578911,0.448384971864267
"151","BC23209_D1_19x18",0.120022323621927,0.0670279173464693,0.0401687335578596,0.249215346342796,0.0744570409581061,0.0378788446241851,0.178947050624142,0.0300825970565638,0.202200145867951,"BC23209_D1","19x18",0.202200145867951,0.227218974526256,0.353754984357466,0.216825895248327
"152","BC23209_D1_9x18",0.110129715878928,0.0545942519472259,0.0702709207651814,0.115805081287259,0.0695486830898476,0.043314778778067,0.354296645773092,0.0092341865983302,0.172805735882069,"BC23209_D1","9x18",0.172805735882069,0.234994888591335,0.194587950975437,0.397611424551159
"153","BC23209_D1_17x18",0.0653337003036037,0.0315240374174717,0.05994600452123,0.362498058478062,0.056293659798291,0.0124333116104076,0.203799361100426,0.0107664136940106,0.197405453076497,"BC23209_D1","17x18",0.197405453076497,0.156803742242305,0.429558131970364,0.216232672710834
"154","BC23209_D1_20x18",0.113404098879712,0.126338388213769,0.0446014346849563,0.256634066568653,0.0608918420793787,0.0599971361456957,0.18859676384548,0.00446290417843554,0.145073365403919,"BC23209_D1","20x18",0.145073365403919,0.284343921778437,0.321988812826467,0.248593899991176
"155","BC23209_D1_16x18",0.0747073096707045,0.0530652627300755,0.0372391393240237,0.191109018750882,0.0614984829320654,0.0210347570971512,0.342344108376896,0.00497295847458156,0.21402896264362,"BC23209_D1","16x18",0.21402896264362,0.165011711724804,0.257580460157529,0.363378865474047
"156","BC23209_D1_7x18",0.0469640220711884,0.0890837100090411,0.0886640363367395,0.066045960841488,0.0339530868938785,0.0809688628136059,0.226581066523053,0.111220607000918,0.256518647510088,"BC23209_D1","7x18",0.256518647510088,0.224711768416969,0.211219654736285,0.307549929336659
"157","BC23209_D1_15x18",0.0464462709244272,0.0235952987546349,0.0149359987714118,0.416689096537167,0.0429996350607665,0.00594545704096218,0.335698195983767,0.0100578674791037,0.10363217944776,"BC23209_D1","15x18",0.10363217944776,0.0849775684504739,0.469746599077037,0.341643653024729
"158","BC23209_D1_4x18",0.0806627556036265,0.0686405843342098,0.0459698513997433,0.367584474223862,0.0603958807989765,0.0324716000499254,0.212486627756326,0.0181824597201161,0.113605766113215,"BC23209_D1","4x18",0.113605766113215,0.19527319133758,0.446162814742955,0.244958227806251
"159","BC23209_D1_14x18",0.116576670079093,0.0198875756774423,0.040778978599994,0.18353841113403,0.0782487837688342,0.0474393412938507,0.166350018402861,0.0519240694964296,0.295256151547465,"BC23209_D1","14x18",0.295256151547465,0.177243224356529,0.313711264399294,0.213789359696712
"160","BC23209_D1_23x18",0.101698057950807,0.128793760062259,0.0539091771367055,0.251197435690734,0.0641932367434046,0.182869671481836,0.0587929501594848,0.0378078171836276,0.120737893591141,"BC23209_D1","23x18",0.120737893591141,0.284400995149772,0.353198489617766,0.241662621641321
"161","BC23209_D1_6x18",0.0800871203701206,0.0597841733587044,0.0395581261387446,0.145321201874279,0.0218973601283782,0.0895872358774454,0.283931611950728,0.115872255894904,0.163960914406695,"BC23209_D1","6x18",0.163960914406695,0.17942941986757,0.283090817897561,0.373518847828173
"162","BC23209_D1_3x18",0.110945706194795,0.091787777464245,0.0736084637746208,0.0957760829446188,0.033364981495986,0.172339152453136,0.110721711019137,0.121808911618373,0.189647213035088,"BC23209_D1","3x18",0.189647213035088,0.276341947433661,0.250949976058978,0.283060863472273
"163","BC23209_D1_13x18",0.0462066009726278,0.0540309383669794,0.0288621420364248,0.332191284258057,0.0543741646631313,0.0142690097854731,0.32642300125868,0.0107220027835372,0.132920855875089,"BC23209_D1","13x18",0.132920855875089,0.129099681376032,0.397287451704725,0.340692011044153
"164","BC23209_D1_12x18",0.081788555700493,0.0253111752993526,0.0148926746500628,0.176228966606265,0.0393623155089588,0.04082884414078,0.417496945729099,0.00987846518188421,0.194212057183104,"BC23209_D1","12x18",0.194212057183104,0.121992405649908,0.225469747297108,0.458325789869879
"165","BC23209_D1_10x18",0.120746471696851,0.104438119901865,0.0531967632784522,0.279096941695746,0.0463128412149986,0.0508149130450175,0.200958780243909,0.00422364575290229,0.140211523170258,"BC23209_D1","10x18",0.140211523170258,0.278381354877168,0.329633428663647,0.251773693288927
"166","BC23209_D1_20x19",0.0654389763577103,0.0668213230622603,0.0526197226745576,0.415940505019151,0.105428595449349,0.0302388009529691,0.0949570706130231,0.00564273285019446,0.162912273020785,"BC23209_D1","20x19",0.162912273020785,0.184880022094528,0.527011833318694,0.125195871565992
"167","BC23209_D1_14x19",0.0657414960860882,0.0615453350110085,0.0584415144590814,0.194951191111998,0.0413418504536861,0.0607426038844515,0.284349101891607,0.0112700159624905,0.221616891139589,"BC23209_D1","14x19",0.221616891139589,0.185728345556178,0.247563057528175,0.345091705776059
"168","BC23209_D1_22x19",0.0440214569569159,0.196722128723041,0.0559435406635851,0.154933802359803,0.0636050478388056,0.321748148295348,0.0546281685049946,0.0532270469424256,0.0551706597150806,"BC23209_D1","22x19",0.0551706597150806,0.296687126343542,0.271765897141034,0.376376316800343
"169","BC23209_D1_9x19",0.111977269278118,0.0655235553657263,0.0472650276268019,0.294298774112629,0.0528787509599294,0.0503249342464432,0.204936982503785,0.0304740266094081,0.142320679297159,"BC23209_D1","9x19",0.142320679297159,0.224765852270646,0.377651551681967,0.255261916750228
"170","BC23209_D1_10x19",0.053813356349219,0.0676064348719446,0.0526417997494857,0.262878097616898,0.0354594980621747,0.0689927936244542,0.313294854137783,0.0398754351602952,0.105437730427745,"BC23209_D1","10x19",0.105437730427745,0.174061590970649,0.338213030839368,0.382287647762237
"171","BC23209_D1_27x19",0.0500191364308046,0.0722051629884381,0.0327533213896779,0.444751494709389,0.0362308383767756,0.0652765546750631,0.111937847556957,0.119364136555192,0.0674615073177014,"BC23209_D1","27x19",0.0674615073177014,0.154977620808921,0.600346469641357,0.17721440223202
"172","BC23209_D1_21x19",0.0359710855066041,0.156663260611614,0.0507930881185885,0.257958152623899,0.0900536185884321,0.249199762900908,0.0436336643448163,0.0571481183784619,0.058579248926677,"BC23209_D1","21x19",0.058579248926677,0.243427434236807,0.405159889590793,0.292833427245724
"173","BC23209_D1_11x19",0.0931987926106538,0.0687266014949343,0.0938835975237906,0.309517266832924,0.0275830999022509,0.018340374601165,0.239351948626797,0.0195065586492876,0.129891759758197,"BC23209_D1","11x19",0.129891759758197,0.255808991629379,0.356606925384462,0.257692323227962
"174","BC23209_D1_18x19",0.0658969693511839,0.0764974035638324,0.0412781041051891,0.231551091511476,0.0460444334914069,0.0627120435479688,0.350537193823689,0.002150808451205,0.123331952154049,"BC23209_D1","18x19",0.123331952154049,0.183672477020205,0.279746333454088,0.413249237371658
"175","BC23209_D1_13x19",0.0660945622145208,0.073436434622747,0.0542878798357901,0.264486081133263,0.0586058962722761,0.0234490023752028,0.282110468937128,0.00349632300299581,0.174033351606076,"BC23209_D1","13x19",0.174033351606076,0.193818876673058,0.326588300408535,0.305559471312331
"176","BC23209_D1_23x19",0.0382228331189415,0.151455474452892,0.027485376015863,0.194955571631241,0.0253109846476556,0.30306988894353,0.026861864278635,0.183140440049751,0.049497566861491,"BC23209_D1","23x19",0.049497566861491,0.217163683587696,0.403406996328648,0.329931753222165
"177","BC23209_D1_19x19",0.159182118558111,0.0805401594584011,0.0582661907907334,0.140589437095333,0.0723304633237583,0.0685357847301981,0.183022459194904,0.00335354349426342,0.234179843354297,"BC23209_D1","19x19",0.234179843354297,0.297988468807245,0.216273443913355,0.251558243925102
"178","BC23209_D1_24x19",0.0794326809909518,0.106683414354207,0.0569980201656929,0.498072033291015,0.0297592430805403,0.0908732510316785,0.0253631991453772,0.0873063930083989,0.0255117649321388,"BC23209_D1","24x19",0.0255117649321388,0.243114115510852,0.615137669379954,0.116236450177056
"179","BC23209_D1_26x19",0.032672174028169,0.0306805082674781,0.0246135965425517,0.47402517492143,0.087771744747005,0.091904263352143,0.158796210944616,0.0584518178129831,0.0410845093836242,"BC23209_D1","26x19",0.0410845093836242,0.0879662788381988,0.620248737481418,0.250700474296759
"180","BC23209_D1_17x19",0.0990424993798446,0.0963957845246145,0.0199930014051377,0.107097842143199,0.0302439858503429,0.0547416829265034,0.256923097247364,0.0168168750479915,0.318745231475002,"BC23209_D1","17x19",0.318745231475002,0.215431285309597,0.154158703041533,0.311664780173867
"181","BC23209_D1_3x19",0.0443169003213362,0.0994430263898478,0.0349946626590907,0.344039646884766,0.0474832567286054,0.0911267269910342,0.292768877840468,0.00241051042638235,0.0434163917584699,"BC23209_D1","3x19",0.0434163917584699,0.178754589370275,0.393933414039754,0.383895604831502
"182","BC23209_D1_8x19",0.0562766678537063,0.0908717673196982,0.0458336293208274,0.37663623087111,0.0488196859445324,0.0312265757949034,0.244052320398546,0.00637611592264248,0.0999070065740342,"BC23209_D1","8x19",0.0999070065740342,0.192982064494232,0.431832032738285,0.275278896193449
"183","BC23209_D1_12x19",0.0635900236006636,0.0652273583797616,0.0445557443417487,0.333685204328708,0.0601651203473382,0.0322173447461286,0.259953524266331,0.00489420022918078,0.13571147976014,"BC23209_D1","12x19",0.13571147976014,0.173373126322174,0.398744524905227,0.29217086901246
"184","BC23209_D1_16x19",0.0426297707161578,0.0600339872534322,0.0325520971659719,0.623270642260164,0.0556605872246599,0.0143164163006999,0.103845158565811,0.00692807275510521,0.0607632677579987,"BC23209_D1","16x19",0.0607632677579987,0.135215855135562,0.685859302239929,0.118161574866511
"185","BC23209_D1_25x19",0.077156890878011,0.163664726798453,0.0590667128532285,0.262197207126978,0.056247206468199,0.168074591562134,0.0175584137065913,0.173549739786752,0.0224845108196529,"BC23209_D1","25x19",0.0224845108196529,0.299888330529693,0.491994153381929,0.185633005268725
"186","BC23209_D1_15x19",0.0336680697099689,0.0322785513501389,0.0511084200395479,0.619081963931023,0.0263799263935488,0.00455319292689599,0.116840917774074,0.0638899277805433,0.0521990300942586,"BC23209_D1","15x19",0.0521990300942586,0.117055041099656,0.709351818105115,0.12139411070097
"187","BC23209_D1_4x19",0.103958992227365,0.092364767826682,0.0738789174878614,0.115533175811072,0.0203985850956069,0.120158359712583,0.334294026478099,0.0434123248707042,0.0960008504900268,"BC23209_D1","4x19",0.0960008504900268,0.270202677541908,0.179344085777383,0.454452386190682
"188","BC23209_D1_6x19",0.110561742905292,0.0591754356134855,0.0343043747638059,0.0511956400570518,0.0460185170641537,0.044526321714556,0.382320396891748,0.065137626314275,0.206759944675632,"BC23209_D1","6x19",0.206759944675632,0.204041553282583,0.16235178343548,0.426846718606304
"189","BC23209_D1_7x19",0.0734099231498672,0.126445817181577,0.0782093128770458,0.372842040416424,0.0386373577691822,0.146461381061848,0.0891134566485103,0.0238948868755508,0.0509858240199948,"BC23209_D1","7x19",0.0509858240199948,0.27806505320849,0.435374285061157,0.235574837710358
"190","BC23209_D1_5x19",0.155945828705719,0.11249358201788,0.142358461695695,0.0119585899194199,0.0138436598719054,0.0627191550459323,0.401592148612882,0.00526493902295336,0.0938236351076127,"BC23209_D1","5x19",0.0938236351076127,0.410797872419294,0.0310671888142787,0.464311303658814
"191","BC23209_D1_11x20",0.0797680386648321,0.0415662833351334,0.0325550420635029,0.196413887883128,0.0546583100413892,0.0373597480730632,0.359489803677146,0.0080084277299326,0.190180458531873,"BC23209_D1","11x20",0.190180458531873,0.153889364063468,0.25908062565445,0.396849551750209
"192","BC23209_D1_21x20",0.0670071043143534,0.124452942582894,0.0655880445998496,0.37165103909353,0.055349199664218,0.176422701162492,0.088577347581566,0.00161193671205679,0.0493396842890398,"BC23209_D1","21x20",0.0493396842890398,0.257048091497097,0.428612175469805,0.265000048744058
"193","BC23209_D1_9x20",0.0487591370637185,0.0505671405594406,0.0466033387435421,0.293665703952107,0.0626880616852853,0.0250795889935808,0.275663689515574,0.0283338307932695,0.168639508693482,"BC23209_D1","9x20",0.168639508693482,0.145929616366701,0.384687596430662,0.300743278509155
"194","BC23209_D1_22x20",0.111767169519393,0.143063432299894,0.0556326781879021,0.243378235534388,0.076231894273079,0.120990718304953,0.112597618153928,0.027052062110909,0.109286191615554,"BC23209_D1","22x20",0.109286191615554,0.310463280007189,0.346662191918376,0.233588336458881
"195","BC23209_D1_27x20",0.0949960949446098,0.0508303723254337,0.0464470044732503,0.268035819637545,0.0349793929047984,0.0353761717358748,0.248110126397072,0.0320319297284965,0.18919308785292,"BC23209_D1","27x20",0.18919308785292,0.192273471743294,0.33504714227084,0.283486298132947
"196","BC23209_D1_26x20",0.072382154511372,0.0356320140349657,0.0390308283924392,0.368051786332734,0.0822445392825795,0.0311005713970122,0.165722990221992,0.013891012578113,0.191944103248793,"BC23209_D1","26x20",0.191944103248793,0.147044996938777,0.464187338193427,0.196823561619004
"197","BC23209_D1_20x20",0.054894496849425,0.107423209357086,0.0342044801266085,0.458799345929105,0.0314958588440953,0.0504151937013282,0.144834259439937,0.00699267420577204,0.110940481546643,"BC23209_D1","20x20",0.110940481546643,0.19652218633312,0.497287878978972,0.195249453141265
"198","BC23209_D1_10x20",0.0888828185434334,0.0362352794131463,0.0425295394339147,0.343326183775604,0.0928996678536559,0.0185860336584815,0.231978421239412,0.00770980834782813,0.137852247734524,"BC23209_D1","10x20",0.137852247734524,0.167647637390494,0.443935659977088,0.250564454897894
"199","BC23209_D1_19x20",0.134281790338585,0.0411963381475602,0.0748894895622235,0.177919120002694,0.0572060737757746,0.0426698455917313,0.210018357115234,0.00762737520826469,0.254191610257934,"BC23209_D1","19x20",0.254191610257934,0.250367618048369,0.242752568986733,0.252688202706965
"200","BC23209_D1_23x20",0.0522380553694942,0.108814154692873,0.0395543965770201,0.439349477150378,0.066129275466545,0.0485750826239416,0.137644227714192,0.0216156223316678,0.0860797080738894,"BC23209_D1","23x20",0.0860797080738894,0.200606606639387,0.527094374948591,0.186219310338134
"201","BC23209_D1_8x20",0.107266231904974,0.0679767195406733,0.0575746798636831,0.265330548679501,0.0414215674876837,0.0391728598169205,0.337797908668076,0.00247666996729531,0.0809828140711932,"BC23209_D1","8x20",0.0809828140711932,0.23281763130933,0.30922878613448,0.376970768484996
"202","BC23209_D1_25x20",0.0796467333482782,0.130324590313871,0.0892136287425592,0.316925654184677,0.044741419521646,0.140510305622371,0.120900422795002,0.0140675757938255,0.0636696696777693,"BC23209_D1","25x20",0.0636696696777693,0.299184952404708,0.375734649500149,0.261410728417373
"203","BC23209_D1_24x20",0.0560058398884188,0.0947337574197405,0.050281450246594,0.31962349995506,0.0693214389306226,0.0352783262849588,0.245733389868122,0.0414441456638699,0.0875781517426135,"BC23209_D1","24x20",0.0875781517426135,0.201021047554753,0.430389084549552,0.281011716153081
"204","BC23209_D1_16x20",0.0688813344202349,0.114685365519218,0.0488530333379856,0.408829783411613,0.0446209846806924,0.0799326804195712,0.0630804887630419,0.115715446631265,0.0554008828163779,"BC23209_D1","16x20",0.0554008828163779,0.232419733277439,0.56916621472357,0.143013169182613
"205","BC23209_D1_17x20",0.0382429823775788,0.0862832581128388,0.0427624757024405,0.552449816080276,0.0374997449699312,0.0196822067054985,0.0927565271105075,0.0582740827760018,0.0720489061649267,"BC23209_D1","17x20",0.0720489061649267,0.167288716192858,0.648223643826209,0.112438733816006
"206","BC23209_D1_18x20",0.0679078162387383,0.0320466335941551,0.032853331509715,0.260685259102864,0.111439563651926,0.0315606550769635,0.208539902778658,0.0479329444219476,0.207033893625032,"BC23209_D1","18x20",0.207033893625032,0.132807781342608,0.420057767176738,0.240100557855622
"207","BC23209_D1_7x20",0.0382941523627482,0.0703066224028223,0.0236989187812327,0.487436814428228,0.0818233602965181,0.0324499091734031,0.132142172539208,0.0106360319282091,0.123212018087631,"BC23209_D1","7x20",0.123212018087631,0.132299693546803,0.579896206652955,0.164592081712611
"208","BC23209_D1_12x20",0.0719929103921737,0.023904441160103,0.0422173108498594,0.217935730960586,0.0584164519904879,0.0178657479800077,0.340727313250522,0.00342455187318145,0.223515541543078,"BC23209_D1","12x20",0.223515541543078,0.138114662402136,0.279776734824255,0.35859306123053
"209","BC23209_D1_5x20",0.136895026719716,0.108387442096893,0.0806891750043545,0.0994111536734768,0.0231801823076456,0.0931045810018611,0.31022194580395,0.0345324679556218,0.113578025436481,"BC23209_D1","5x20",0.113578025436481,0.325971643820963,0.157123803936744,0.403326526805811
"210","BC23209_D1_13x20",0.106031482023009,0.0416041690906761,0.042289667996475,0.164698932201529,0.0381643722405856,0.021742613356482,0.380294569218568,0.0275722202230244,0.177601973649651,"BC23209_D1","13x20",0.177601973649651,0.18992531911016,0.230435524665139,0.40203718257505
"211","BC23209_D1_6x20",0.134247899236745,0.0709566059228774,0.0456996509489287,0.456437922510123,0.0661362013763456,0.0338690075816377,0.0615011588936672,0.0613554149679838,0.0697961385616916,"BC23209_D1","6x20",0.0697961385616916,0.250904156108551,0.583929538854452,0.0953701664753049
"212","BC23209_D1_14x20",0.0386295478235525,0.102333352045432,0.0295896092495474,0.545169139118495,0.0481414877168223,0.0387826133420666,0.124380713352069,0.0118906371580476,0.0610829001939677,"BC23209_D1","14x20",0.0610829001939677,0.170552509118532,0.605201263993365,0.163163326694136
"213","BC23209_D1_4x20",0.150248994195701,0.0817913863444152,0.109150996331444,0.126183909334262,0.0177364847535833,0.0558146840302358,0.263597424773159,0.0664642378803218,0.129011882356879,"BC23209_D1","4x20",0.129011882356879,0.34119137687156,0.210384631968167,0.319412108803395
"214","BC23209_D1_15x20",0.0542944216391434,0.103979644908775,0.0594039443007934,0.400957376490742,0.0586295501031986,0.0188845905434322,0.0867967231491229,0.147069223836882,0.0699845250279105,"BC23209_D1","15x20",0.0699845250279105,0.217678010848712,0.606656150430823,0.105681313692555
"215","BC23209_D1_22x21",0.0774853802342366,0.12060533603768,0.0640085485050602,0.359459727867003,0.0610618329415723,0.0220118900220178,0.138722139020011,0.00978645335920638,0.146858692013213,"BC23209_D1","22x21",0.146858692013213,0.262099264776977,0.430308014167782,0.160734029042029
"216","BC23209_D1_21x21",0.0673117222678592,0.160585394900159,0.108116587554179,0.286425875828995,0.0315922224615648,0.163023047162108,0.0944703853823285,0.00777641543584066,0.0806983490069653,"BC23209_D1","21x21",0.0806983490069653,0.336013704722197,0.3257945137264,0.257493432544437
"217","BC23209_D1_10x21",0.106449249513847,0.0613920022014843,0.109478746137107,0.185882803896226,0.0630260312740534,0.0696902220162695,0.261957484925849,0.021960499564843,0.12016296047032,"BC23209_D1","10x21",0.12016296047032,0.277319997852438,0.270869334735122,0.331647706942119
"218","BC23209_D1_11x21",0.0855156813090555,0.0475155067833113,0.0268508248918473,0.185400656019187,0.0700754986138161,0.0203691389524426,0.342434581654619,0.0391532969964742,0.182684814779246,"BC23209_D1","11x21",0.182684814779246,0.159882012984214,0.294629451629477,0.362803720607062
"219","BC23209_D1_16x21",0.0772535715354996,0.0845994798389811,0.0608032390570745,0.339536771591939,0.034209638301445,0.0639551431212222,0.0699220292000418,0.153812917357338,0.115907209996459,"BC23209_D1","16x21",0.115907209996459,0.222656290431555,0.527559327250722,0.133877172321264
"220","BC23209_D1_20x21",0.0592188030908879,0.0639911632466577,0.0461349892982808,0.383213217135327,0.0825873142323355,0.0340262004076574,0.193551023184931,0.00739323042502927,0.129884058978894,"BC23209_D1","20x21",0.129884058978894,0.169344955635826,0.473193761792692,0.227577223592588
"221","BC23209_D1_27x21",0.0478560967060963,0.0523458329894485,0.0365408516865186,0.362014292712306,0.0923244227466989,0.0458284553789604,0.200857523266486,0.00740806609996584,0.154824458413519,"BC23209_D1","27x21",0.154824458413519,0.136742781382063,0.461746781558971,0.246685978645446
"222","BC23209_D1_5x21",0.0459689481124955,0.131229657637492,0.0684970052986268,0.280192552076462,0.0383988026761987,0.0568737360067268,0.220716521457185,0.0931299556962312,0.0649928210385827,"BC23209_D1","5x21",0.0649928210385827,0.245695611048614,0.411721310448892,0.277590257463912
"223","BC23209_D1_18x21",0.0934028331072624,0.0715218010889649,0.0930321469917366,0.235081020380139,0.0712952543330486,0.0494273748225967,0.204684615486073,0.0149380257979723,0.166616927992206,"BC23209_D1","18x21",0.166616927992206,0.257956781187964,0.32131430051116,0.25411199030867
"224","BC23209_D1_19x21",0.0698067481264965,0.114802006545326,0.0462520862497722,0.382727323397195,0.0574832495987962,0.0338197437988495,0.135950195247969,0.0224019551882061,0.13675669184739,"BC23209_D1","19x21",0.13675669184739,0.230860840921595,0.462612528184197,0.169769939046819
"225","BC23209_D1_26x21",0.144905357986378,0.115777081311309,0.0821429381422288,0.314593534448008,0.0437806573142685,0.0309788151085475,0.196537562713394,0.00831551381994827,0.0629685391559175,"BC23209_D1","26x21",0.0629685391559175,0.342825377439916,0.366689705582225,0.227516377821942
"226","BC23209_D1_15x21",0.0597254372193711,0.138287614790419,0.0889551660554982,0.492754356514443,0.0331235243086368,0.0315394030712122,0.0263948383117762,0.102612993423163,0.0266066663054813,"BC23209_D1","15x21",0.0266066663054813,0.286968218065288,0.628490874246243,0.0579342413829884
"227","BC23209_D1_8x21",0.0822454320882623,0.0895713736653196,0.058452847417341,0.125620819834963,0.0378862418020573,0.0506618400881,0.317542292409883,0.00716919105118142,0.230849961642892,"BC23209_D1","8x21",0.230849961642892,0.230269653170923,0.170676252688202,0.368204132497983
"228","BC23209_D1_13x21",0.0524574155309197,0.0554872373327134,0.0457198270831663,0.298804524783035,0.0684362921528319,0.0243426904705424,0.270677209751819,0.0202917443850749,0.163783058509898,"BC23209_D1","13x21",0.163783058509898,0.153664479946799,0.387532561320942,0.295019900222361
"229","BC23209_D1_25x21",0.0530114922210467,0.0336938323147655,0.0583132468889123,0.410922405979164,0.0441851273054456,0.00934770221264086,0.253173606857344,0.00808526334980446,0.129267322870877,"BC23209_D1","25x21",0.129267322870877,0.145018571424724,0.463192796634414,0.262521309069985
"230","BC23209_D1_9x21",0.0987687622716989,0.0854531405318146,0.0681791879555175,0.237634256985313,0.0596064547152967,0.0623529949066477,0.213946920296369,0.0119117498736626,0.16214653246368,"BC23209_D1","9x21",0.16214653246368,0.252401090759031,0.309152461574272,0.276299915203017
"231","BC23209_D1_17x21",0.0725315891269753,0.0462862272338398,0.0529490555177937,0.298836694746949,0.10302452093407,0.0591353324352115,0.16702621113486,0.0155446684214106,0.184665700448889,"BC23209_D1","17x21",0.184665700448889,0.171766871878609,0.41740588410243,0.226161543570071
"232","BC23209_D1_24x21",0.0711424857420931,0.12584181838869,0.0630266348692763,0.360737303745842,0.0794112648487486,0.0532911653915424,0.0945720833366135,0.00373518182262439,0.14824206185457,"BC23209_D1","24x21",0.14824206185457,0.260010939000059,0.443883750417215,0.147863248728156
"233","BC23209_D1_7x21",0.0843623954426469,0.0610755529633518,0.0463814040181468,0.366345581778466,0.0308425622709047,0.0575595318492623,0.209387777446165,0.0731777905310867,0.0708674036999705,"BC23209_D1","7x21",0.0708674036999705,0.191819352424145,0.470365934580457,0.266947309295427
"234","BC23209_D1_12x21",0.0602097285338954,0.0604088227842219,0.048400745987399,0.348605571198459,0.0173271367976768,0.0111887209419562,0.348346980628928,0.0059176283238682,0.099594664803595,"BC23209_D1","12x21",0.099594664803595,0.169019297305516,0.371850336320004,0.359535701570884
"235","BC23209_D1_23x21",0.0633060496010924,0.0907760483123468,0.0397272365742177,0.413472569190211,0.056218349948881,0.0246185255191987,0.216766581601283,0.00272764767928024,0.092386991573489,"BC23209_D1","23x21",0.092386991573489,0.193809334487657,0.472418566818372,0.241385107120482
"236","BC23209_D1_6x21",0.0240796386112087,0.0658842566370086,0.0336042688802295,0.354941300935157,0.0749492901071365,0.0594627109209567,0.174617699942486,0.161886630929224,0.0505742030365935,"BC23209_D1","6x21",0.0505742030365935,0.123568164128447,0.591777221971518,0.234080410863443
"237","BC23209_D1_4x21",0.111856040062971,0.0492338038382824,0.0756640346406005,0.0619495899174909,0.01549331039287,0.0880269984638145,0.326903146387689,0.0305563212951135,0.240316755001168,"BC23209_D1","4x21",0.240316755001168,0.236753878541854,0.107999221605474,0.414930144851504
"238","BC23209_D1_14x21",0.0316598572174757,0.103964970217008,0.0532869430926955,0.5834306548166,0.0358945697569334,0.00603964417208598,0.0484534758243696,0.0927186864265233,0.0445511984763083,"BC23209_D1","14x21",0.0445511984763083,0.188911770527179,0.712043911000057,0.0544931199964556
"239","BC23209_D1_21x22",0.0695426664177968,0.0509196877265759,0.0293222638590377,0.106187953547308,0.03924923621526,0.0402706860862358,0.32200458897856,0.0321551387767554,0.310347778392471,"BC23209_D1","21x22",0.310347778392471,0.14978461800341,0.177592328539323,0.362275275064796
"240","BC23209_D1_22x22",0.101160419607786,0.107559788291932,0.0894012557629196,0.133759285821469,0.0377396254290324,0.0680609998390121,0.182544330645922,0.0537402473573543,0.226034047244573,"BC23209_D1","22x22",0.226034047244573,0.298121463662638,0.225239158607856,0.250605330484934
"241","BC23209_D1_11x22",0.0841763922588286,0.0709800853360321,0.0787086938382326,0.177433435112014,0.0329714424542519,0.0664657664893468,0.40142543279265,0.00530019066574064,0.082538561052904,"BC23209_D1","11x22",0.082538561052904,0.233865171433093,0.215705068232007,0.467891199281997
"242","BC23209_D1_10x22",0.147347383026167,0.0566913420438433,0.0667353054261092,0.335046640421142,0.0402066032455276,0.00609490704406055,0.281766825463948,0.00620616237572746,0.0599048309534752,"BC23209_D1","10x22",0.0599048309534752,0.27077403049612,0.381459406042397,0.287861732508009
"243","BC23209_D1_18x22",0.113497437410675,0.135210526020857,0.0772419385974235,0.100363449319711,0.0625831447868001,0.0447342617833469,0.244115467240997,0.00980366861676807,0.212450106223421,"BC23209_D1","18x22",0.212450106223421,0.325949902028955,0.172750262723279,0.288849729024344
"244","BC23209_D1_20x22",0.0628565967705047,0.234206309024808,0.101209082813755,0.131486855976555,0.045920620615902,0.0994426956813804,0.157792240743399,0.0249286382697317,0.142156960103965,"BC23209_D1","20x22",0.142156960103965,0.398271988609068,0.202336114862189,0.257234936424779
"245","BC23209_D1_19x22",0.0862911104458666,0.0929953502305796,0.0623223199227002,0.489164196918807,0.0341435774977171,0.0384022427132553,0.10669863551093,0.0079145725766174,0.0820679941835271,"BC23209_D1","19x22",0.0820679941835271,0.241608780599146,0.531222346993142,0.145100878224185
"246","BC23209_D1_12x22",0.12458806640024,0.0441921557218899,0.0587248059498865,0.202464529332763,0.0560366548575658,0.0178748258601604,0.303102322182289,0.0208124750186932,0.172204164676513,"BC23209_D1","12x22",0.172204164676513,0.227505028072016,0.279313659209022,0.320977148042449
"247","BC23209_D1_16x22",0.112792580382618,0.0702682374046736,0.0400694833408097,0.226508608714983,0.0635800805705825,0.0778841768165126,0.177190291057898,0.0771448150533849,0.154561726658538,"BC23209_D1","16x22",0.154561726658538,0.223130301128101,0.36723350433895,0.255074467874411
"248","BC23209_D1_25x22",0.0641869664578379,0.086343138480416,0.0572665128988417,0.451212107777985,0.0552310699413369,0.0197338494358592,0.163690283611235,0.00666050505961168,0.0956755663368764,"BC23209_D1","25x22",0.0956755663368764,0.207796617837096,0.513103682778934,0.183424133047094
"249","BC23209_D1_9x22",0.104186884749988,0.0309893088781006,0.0356460334939151,0.189870632109945,0.0533775928572106,0.0355680424989176,0.308578613218918,0.0853655307683242,0.156417361424681,"BC23209_D1","9x22",0.156417361424681,0.170822227122004,0.32861375573548,0.344146655717836
"250","BC23209_D1_26x22",0.085763079851432,0.0670295732557813,0.0173943079284174,0.365286958866044,0.0872462586692836,0.0220260898149343,0.20241636972366,0.0119972895993602,0.140840072291086,"BC23209_D1","26x22",0.140840072291086,0.170186961035631,0.464530507134688,0.224442459538594
"251","BC23209_D1_15x22",0.0682946657801835,0.139950849638893,0.0669076582696411,0.452236754133473,0.0346834997535453,0.0661918587897056,0.064118185168981,0.0718360810016432,0.035780447463934,"BC23209_D1","15x22",0.035780447463934,0.275153173688718,0.558756334888661,0.130310043958687
"252","BC23209_D1_13x22",0.0789322055765358,0.129397712618655,0.0453277253299731,0.500855382046435,0.056094091695443,0.0344956474024515,0.0947776431360035,0.0089987333892651,0.0511208588052385,"BC23209_D1","13x22",0.0511208588052385,0.253657643525164,0.565948207131143,0.129273290538455
"253","BC23209_D1_14x22",0.0515852204234875,0.10247593475334,0.0333455393626249,0.178518818184525,0.036646036127109,0.0880465701036971,0.280039201512222,0.065353389168387,0.163989290364607,"BC23209_D1","14x22",0.163989290364607,0.187406694539452,0.280518243480021,0.368085771615919
"254","BC23209_D1_17x22",0.0476099861269105,0.0317908748335791,0.0484918948148791,0.313012148996376,0.0747701165804314,0.00841325128487098,0.210865857188767,0.012853722296063,0.252192147878123,"BC23209_D1","17x22",0.252192147878123,0.127892755775369,0.40063598787287,0.219279108473638
"255","BC23209_D1_23x22",0.0662460903445119,0.0669879411609561,0.0466199169761073,0.475131920012905,0.0350913660800883,0.0284252905093111,0.17147816481189,0.013488695297202,0.0965306148070285,"BC23209_D1","23x22",0.0965306148070285,0.179853948481575,0.523711981390195,0.199903455321201
"256","BC23209_D1_5x22",0.0541840643171489,0.0704927634811318,0.0454678872238659,0.341101669576226,0.0644251872828515,0.082432396812622,0.0752583975614419,0.116688298075351,0.149949335669362,"BC23209_D1","5x22",0.149949335669362,0.170144715022147,0.522215154934428,0.157690794374064
"257","BC23209_D1_6x22",0.0301063942016997,0.0798214304976572,0.0340412708455714,0.414793280476777,0.0702924377844549,0.0372906587570998,0.162338367800156,0.0576635077869441,0.11365265184964,"BC23209_D1","6x22",0.11365265184964,0.143969095544928,0.542749226048176,0.199629026557256
"258","BC23209_D1_8x22",0.0925059336993913,0.0470889548089255,0.0501561868519845,0.150204431482908,0.0633041187378994,0.0496962381115975,0.337286093944616,0.0237234321179825,0.186034610244695,"BC23209_D1","8x22",0.186034610244695,0.189751075360301,0.23723198233879,0.386982332056214
"259","BC23209_D1_7x22",0.0706906663056316,0.101463605311829,0.0614168332953032,0.29680637332432,0.0642374637457472,0.111736726314568,0.14448499053886,0.0524891716238242,0.0966741695399171,"BC23209_D1","7x22",0.0966741695399171,0.233571104912764,0.413533008693891,0.256221716853428
"260","BC23209_D1_11x23",0.0836851923851564,0.065441205415613,0.0549311683604635,0.372970160365613,0.0838504686247405,0.0442126611670755,0.159282801040033,0.0143547401113471,0.121271602529958,"BC23209_D1","11x23",0.121271602529958,0.204057566161233,0.471175369101701,0.203495462207109
"261","BC23209_D1_22x23",0.177308321921908,0.0716019520783026,0.0901748631322976,0.210371649239943,0.0623082540166613,0.0171206469289302,0.198789435100869,0.00719702334261576,0.165127854238472,"BC23209_D1","22x23",0.165127854238472,0.339085137132508,0.27987692659922,0.215910082029799
"262","BC23209_D1_21x23",0.186835018703518,0.07163346134159,0.105089210285719,0.022308640357863,0.0249174557901467,0.128520056690387,0.180334970303535,0.00539066645183151,0.274970520075409,"BC23209_D1","21x23",0.274970520075409,0.363557690330827,0.0526167625998412,0.308855026993922
"263","BC23209_D1_19x23",0.103627253630442,0.128797380744254,0.098223518852159,0.097276328312807,0.0449278826146125,0.0978240407017559,0.238474028723939,0.0746159344582347,0.116233631961796,"BC23209_D1","19x23",0.116233631961796,0.330648153226855,0.216820145385654,0.336298069425695
"264","BC23209_D1_7x23",0.10580576124495,0.0442285657227635,0.040331874173114,0.225478263883427,0.0447419858713793,0.0516797529820234,0.297658574756871,0.0389479987981879,0.151127222567284,"BC23209_D1","7x23",0.151127222567284,0.190366201140828,0.309168248552994,0.349338327738894
"265","BC23209_D1_18x23",0.0910996103359132,0.0998196521228867,0.0509314260233621,0.349631522684835,0.0390775808742296,0.0413295270449759,0.0858114837585307,0.180819727211674,0.0614794699435928,"BC23209_D1","18x23",0.0614794699435928,0.241850688482162,0.569528830770739,0.127141010803507
"266","BC23209_D1_20x23",0.163715397829754,0.0511933972987475,0.0325211084202172,0.105690543516049,0.0545507297393194,0.0264025136397054,0.255222463381651,0.00542026631867012,0.305283579855887,"BC23209_D1","20x23",0.305283579855887,0.247429903548719,0.165661539574039,0.281624977021356
"267","BC23209_D1_16x23",0.0434749683315977,0.0266355816156156,0.0313609882872031,0.605210275214224,0.0338591584210776,0.000998697169313389,0.075463638911725,0.108236440147936,0.0747602519013083,"BC23209_D1","16x23",0.0747602519013083,0.101471538234416,0.747305873783238,0.0764623360810384
"268","BC23209_D1_17x23",0.0152877114689959,0.108375585594489,0.0210163296442006,0.416552776285892,0.0359206125187695,0.0145937645944373,0.0700880192312958,0.253533069758373,0.0646321309035476,"BC23209_D1","17x23",0.0646321309035476,0.144679626707685,0.706006458563034,0.0846817838257331
"269","BC23209_D1_5x23",0.108867411607784,0.0715917537650957,0.0843009919577984,0.112737773444087,0.0269892904440035,0.0333286269472407,0.423397159408206,0.0322607653601958,0.106526227065589,"BC23209_D1","5x23",0.106526227065589,0.264760157330678,0.171987829248286,0.456725786355447
"270","BC23209_D1_9x23",0.10855543260812,0.0566853800579498,0.125719420508924,0.0143492788621167,0.00901911540314838,0.056171474064306,0.424019333971037,0.0916839824707377,0.113796582053661,"BC23209_D1","9x23",0.113796582053661,0.290960233174994,0.115052376736003,0.480190808035343
"271","BC23209_D1_23x23",0.0449900385292617,0.0844931867889794,0.0412363283198097,0.456165497395004,0.0754826236327431,0.0179187379928131,0.171065335225552,0.0158566542629828,0.0927915978528543,"BC23209_D1","23x23",0.0927915978528543,0.170719553638051,0.54750477529073,0.188984073218365
"272","BC23209_D1_14x23",0.0259169532763339,0.109087943390629,0.0803993535615223,0.0673740394699542,0.00199791072445732,0.0885012382997688,0.0587064832537034,0.552718658789639,0.0152974192339917,"BC23209_D1","14x23",0.0152974192339917,0.215404250228485,0.62209060898405,0.147207721553472
"273","BC23209_D1_6x23",0.0864533215512368,0.0351388462818791,0.0506508024832197,0.0671817072013932,0.0321888090330183,0.0150840730235229,0.458824976500857,0.0904388306383957,0.164038633286478,"BC23209_D1","6x23",0.164038633286478,0.172242970316336,0.189809346872807,0.47390904952438
"274","BC23209_D1_15x23",0.0648337824911467,0.103135173830223,0.0520126404511529,0.171933382883311,0.0212200170238914,0.0746507764386366,0.124207828201995,0.286786781266022,0.10121961741362,"BC23209_D1","15x23",0.10121961741362,0.219981596772523,0.479940181173224,0.198858604640632
"275","BC23209_D1_8x23",0.0966753332577226,0.115538067975361,0.0680933797511818,0.0447426324864133,0.0104214374462817,0.0650783580744575,0.453391868660998,0.0348132714321655,0.111245650915419,"BC23209_D1","8x23",0.111245650915419,0.280306780984265,0.0899773413648605,0.518470226735456
"276","BC23209_D1_12x23",0.0325174862720795,0.0724424252826011,0.0193842270781089,0.357456046822387,0.0605645259679376,0.0243914565740448,0.284472229262498,0.0373710750144764,0.111400527725866,"BC23209_D1","12x23",0.111400527725866,0.12434413863279,0.455391647804801,0.308863685836543
"277","BC23209_D1_10x23",0.114649585682965,0.0964077563685125,0.0821749259734101,0.048800753649306,0.0122453500416736,0.100281994146525,0.391861366933792,0.0391292889869068,0.114448978216909,"BC23209_D1","10x23",0.114448978216909,0.293232268024888,0.100175392677886,0.492143361080317
"278","BC23209_D1_20x24",0.110953018208567,0.223152406428904,0.038645157423382,0.329822615785263,0.0457152867555581,0.0737085389110779,0.102739436853851,0.0114609154105666,0.0638026242228295,"BC23209_D1","20x24",0.0638026242228295,0.372750582060853,0.386998817951388,0.176447975764929
"279","BC23209_D1_11x24",0.0853935628212264,0.124505441327446,0.0918083369785718,0.0456469399670155,0.0196371071557148,0.0996794607815945,0.347357276827249,0.0325107670484537,0.153461107092729,"BC23209_D1","11x24",0.153461107092729,0.301707341127244,0.097794814171184,0.447036737608843
"280","BC23209_D1_9x24",0.0889334518179108,0.0778378632165278,0.0427021480260472,0.254142469634556,0.0541264015260637,0.0902964650837137,0.212754256037479,0.0313765444849928,0.147830400172709,"BC23209_D1","9x24",0.147830400172709,0.209473463060486,0.339645415645612,0.303050721121193
"281","BC23209_D1_19x24",0.0282948910112103,0.170072934917821,0.045936280182641,0.252879575214818,0.0232306610400238,0.07884669486129,0.0183124995309006,0.359617249997886,0.0228092132434089,"BC23209_D1","19x24",0.0228092132434089,0.244304106111672,0.635727486252728,0.0971591943921906
"282","BC23209_D1_10x24",0.173623334254862,0.0845948293070922,0.148546040650215,0.0831115175636635,0.0253087869935703,0.069044092732778,0.205008198491909,0.0302202464734888,0.180542953532422,"BC23209_D1","10x24",0.180542953532422,0.406764204212169,0.138640551030723,0.274052291224687
"283","BC23209_D1_16x24",0.164685224987525,0.0542135522311202,0.111154482362555,0.301181814256136,0.0345238167113587,0.035350083111781,0.177083114106564,0.0150607544525529,0.106747157780407,"BC23209_D1","16x24",0.106747157780407,0.3300532595812,0.350766385420048,0.212433197218345
"284","BC23209_D1_17x24",0.0221215466028913,0.0846845489019338,0.015638708601696,0.216445090222713,0.0160429446106821,0.0387412375183614,0.157333331005793,0.411853695146031,0.037138897389897,"BC23209_D1","17x24",0.037138897389897,0.122444804106521,0.644341729979426,0.196074568524154
"285","BC23209_D1_18x24",0.138752393458325,0.100496572136597,0.0570403863121079,0.117049861150042,0.014772660732301,0.017471465596823,0.383538633219815,0.0360310706385706,0.134846956755419,"BC23209_D1","18x24",0.134846956755419,0.29628935190703,0.167853592520914,0.401010098816638
"286","BC23209_D1_7x24",0.0514585905992829,0.0357699652636177,0.0487202323460527,0.204199084772972,0.0345504875874734,0.035096081832486,0.309773298514742,0.0193518575955823,0.261080401487791,"BC23209_D1","7x24",0.261080401487791,0.135948788208953,0.258101429956028,0.344869380347228
"287","BC23209_D1_8x24",0.0435051244475066,0.085231106080334,0.0588165973804018,0.177662569746985,0.0460422311191288,0.126119966507856,0.242515167102702,0.00802280761604644,0.21208442999904,"BC23209_D1","8x24",0.21208442999904,0.187552827908242,0.23172760848216,0.368635133610558
"288","BC23209_D1_12x24",0.0534668484591022,0.104345998341336,0.0235734112688069,0.485151637738503,0.0352620296007412,0.0397459547226315,0.115439683856846,0.0222641319608011,0.120750304051233,"BC23209_D1","12x24",0.120750304051233,0.181386258069245,0.542677799300045,0.155185638579478
"289","BC23209_D1_14x24",0.0463298764613905,0.119264344904889,0.0483876218297465,0.188684833020507,0.0334371239080188,0.123700471152603,0.104349702100051,0.221230338493649,0.114615688129145,"BC23209_D1","14x24",0.114615688129145,0.213981843196026,0.443352295422175,0.228050173252654
"290","BC23209_D1_15x24",0.0454661933020805,0.115580409562163,0.0395765618317927,0.269384518319259,0.0144099002552365,0.101044917270649,0.0486040791991077,0.314702092112568,0.0512313281471429,"BC23209_D1","15x24",0.0512313281471429,0.200623164696036,0.598496510687063,0.149648996469757
"291","BC23209_D1_13x24",0.0478697254261114,0.160626367663862,0.0886910844995377,0.10927142952351,0.0128650718002286,0.0639819477630308,0.141138279151137,0.301142510738924,0.0744135834336594,"BC23209_D1","13x24",0.0744135834336594,0.297187177589511,0.423279012062663,0.205120226914168
"292","BC23209_D1_6x24",0.0707640733158535,0.0574430976349609,0.0606851029687426,0.223661843028674,0.0771665899139074,0.023927594436655,0.298294956986577,0.0145019818998686,0.17355475981476,"BC23209_D1","6x24",0.17355475981476,0.188892273919557,0.31533041484245,0.322222551423232
"293","BC23209_D1_10x25",0.0900032552306154,0.0538592519566024,0.0357223526107488,0.194368229908013,0.0230319042182861,0.0116234664673397,0.48375088955939,0.024939869992291,0.0827007800567128,"BC23209_D1","10x25",0.0827007800567128,0.179584859797967,0.24234000411859,0.49537435602673
"294","BC23209_D1_11x25",0.0626487473818139,0.0573949049011951,0.084890717746127,0.180147346238225,0.0565897877349575,0.0264159511800806,0.343846161546926,0.00494563904642469,0.18312074422425,"BC23209_D1","11x25",0.18312074422425,0.204934370029136,0.241682773019607,0.370262112727007
"295","BC23209_D1_15x25",0.115356318043034,0.0465464366971582,0.0735299481392194,0.210957801031248,0.035526618761372,0.0365389705804849,0.245737786240362,0.0989963933190898,0.136809727188032,"BC23209_D1","15x25",0.136809727188032,0.235432702879412,0.34548081311171,0.282276756820847
"296","BC23209_D1_16x25",0.0819220333705574,0.0779053037565664,0.0379811310216983,0.421599567021772,0.0308679313028801,0.0427617646830084,0.168800347474038,0.0178638571954937,0.120298064173986,"BC23209_D1","16x25",0.120298064173986,0.197808468148822,0.470331355520146,0.211562112157046
"297","BC23209_D1_17x25",0.165830254864733,0.050596438509072,0.0735697300427313,0.044103150113754,0.0242342329602679,0.0312454259501421,0.420112784465199,0.0332296832390833,0.157078299855018,"BC23209_D1","17x25",0.157078299855018,0.289996423416536,0.101567066313105,0.451358210415341
"298","BC23209_D1_7x25",0.103065085315155,0.0373230148900484,0.0423755844531687,0.45232537375824,0.0564070179117179,0.0174647832587203,0.200953938241485,0.0131391503562773,0.0769460518151882,"BC23209_D1","7x25",0.0769460518151882,0.182763684658372,0.521871542026235,0.218418721500205
"299","BC23209_D1_8x25",0.0874445080118312,0.0984978376808566,0.0955469061295625,0.114148891087048,0.0341311258000813,0.0603298599952661,0.33183580366434,0.00822638976943415,0.16983867786158,"BC23209_D1","8x25",0.16983867786158,0.28148925182225,0.156506406656563,0.392165663659606
"300","BC23209_D1_9x25",0.137519056005043,0.0617043362344554,0.0629055092956959,0.12378142394946,0.037358119367039,0.0513333113741926,0.403178690208143,0.0196378803732817,0.10258167319269,"BC23209_D1","9x25",0.10258167319269,0.262128901535194,0.180777423689781,0.454512001582336
"301","BC23209_D1_12x25",0.0961996622478229,0.0689429240207342,0.0558074101661319,0.105280268161307,0.0525329231633896,0.0500052391679545,0.383175307606453,0.00762629014073764,0.180429975325468,"BC23209_D1","12x25",0.180429975325468,0.220949996434689,0.165439481465434,0.433180546774408
"302","BC23209_D1_13x25",0.0703907874996989,0.115812745524829,0.0841110222501557,0.385186235020365,0.0559463535145216,0.0268027001472345,0.134816210986421,0.0282827395027965,0.0986512055539781,"BC23209_D1","13x25",0.0986512055539781,0.270314555274684,0.469415328037683,0.161618911133656
"303","BC23209_D1_14x25",0.102382549051943,0.0341031495407764,0.017905122552471,0.341791355979649,0.0504804018839755,0.0218758329753265,0.291019500932558,0.0202372975229106,0.12020478956039,"BC23209_D1","14x25",0.12020478956039,0.15439082114519,0.412509055386535,0.312895333907885
"304","BC23209_D1_10x26",0.0230321680635278,0.0745573687608344,0.0567062709655754,0.138519376863469,0.0234921683286416,0.0968648340271481,0.349972417928115,0.0182724451719327,0.218582949890756,"BC23209_D1","10x26",0.218582949890756,0.154295807789938,0.180283990364043,0.446837251955263
"305","BC23209_D1_11x26",0.0606674557187214,0.0304841362866617,0.0303833509961738,0.449187277514335,0.0789530422551528,0.050095983043827,0.0629631571767836,0.00351309564228722,0.233752501366058,"BC23209_D1","11x26",0.233752501366058,0.121534943001557,0.531653415411775,0.113059140220611
"306","BC23209_D1_9x26",0.193152232607525,0.0406820245056451,0.0266156419006031,0.227713709995442,0.0398642772774143,0.03876515868828,0.283182105138339,0.00395455514053518,0.146070294746216,"BC23209_D1","9x26",0.146070294746216,0.260449899013773,0.271532542413391,0.321947263826619
"307","BC23209_D1_15x26",0.0585212032156029,0.0327870444331114,0.0337768941322118,0.459160823115406,0.0866320011801645,0.0114285930546214,0.169460101769571,0.0294873076267783,0.118746031472532,"BC23209_D1","15x26",0.118746031472532,0.125085141780926,0.575280131922349,0.180888694824192
"308","BC23209_D1_8x26",0.0696766376985759,0.0717289031741879,0.0692174005568685,0.120392299138033,0.0161669021926379,0.0974453194578547,0.252201415893376,0.0993447925160765,0.20382632937239,"BC23209_D1","8x26",0.20382632937239,0.210622941429632,0.235903993846747,0.349646735351231
"309","BC23209_D1_7x26",0.0385276517552391,0.123096299741375,0.172609147128074,0.056433890281603,0.00781067063517435,0.0507781764704507,0.100586259777862,0.418225561603205,0.0319323426070163,"BC23209_D1","7x26",0.0319323426070163,0.334233098624688,0.482470122519982,0.151364436248313
"310","BC23209_D1_12x26",0.0932720375102127,0.0975268778586438,0.0585065271479569,0.0732221812584297,0.0318531732654882,0.0428693667892104,0.431682519008085,0.031911692673564,0.139155624488409,"BC23209_D1","12x26",0.139155624488409,0.249305442516813,0.136987047197482,0.474551885797295
"311","BC23209_D1_14x26",0.0454999153111126,0.084637195106088,0.022128185044787,0.418684177878973,0.0531461110969253,0.0192535952848957,0.222137553092513,0.0270616968070775,0.107451570377628,"BC23209_D1","14x26",0.107451570377628,0.152265295461988,0.498891985782976,0.241391148377409
"312","BC23209_D1_16x26",0.0640919010457045,0.027935080987498,0.0195355728293432,0.322880275495702,0.0969971107979585,0.0341935949032893,0.226762348822492,0.0587339677918816,0.148870147326131,"BC23209_D1","16x26",0.148870147326131,0.111562554862546,0.478611354085542,0.260955943725781
"313","BC23209_D1_17x26",0.169040986379672,0.0687604600592673,0.0655699056340905,0.186572373627429,0.0239724528265926,0.04620509237625,0.23479876075404,0.0656883475096938,0.139391620832965,"BC23209_D1","17x26",0.139391620832965,0.30337135207303,0.276233173963715,0.28100385313029
"314","BC23209_D1_13x26",0.0155517278694819,0.0333173691564372,0.0201910121377342,0.588634929229503,0.0458204825743644,0.00308001756452682,0.165536451034651,0.0363039089388597,0.0915641014944422,"BC23209_D1","13x26",0.0915641014944422,0.0690601091636533,0.670759320742727,0.168616468599178
"315","BC23209_D1_11x27",0.073685274934534,0.132100710483424,0.0740889424601596,0.08366097006248,0.0101797417034193,0.0603494715376106,0.371704198389319,0.103317103110435,0.0909135873186192,"BC23209_D1","11x27",0.0909135873186192,0.279874927878118,0.197157814876334,0.43205366992693
"316","BC23209_D1_8x27",0.048245983238835,0.128091645288228,0.101450891387484,0.134214402032657,0.0157384782772953,0.0919967254471979,0.271047056701294,0.136715065899346,0.0724997517276628,"BC23209_D1","8x27",0.0724997517276628,0.277788519914547,0.286667946209298,0.363043782148492
"317","BC23209_D1_15x27",0.0550468088319406,0.0726404726110231,0.06788841481432,0.244481080920693,0.0290238332711186,0.0328655619231097,0.291523098415399,0.0403178959424884,0.166212833269908,"BC23209_D1","15x27",0.166212833269908,0.195575696257284,0.3138228101343,0.324388660338509
"318","BC23209_D1_10x27",0.132454187737245,0.0814064704705127,0.0435232442956702,0.0964689367784785,0.0231579180637279,0.104226248858991,0.17416378745215,0.025360065526581,0.319239140816643,"BC23209_D1","10x27",0.319239140816643,0.257383902503428,0.144986920368787,0.278390036311141
"319","BC23209_D1_9x27",0.0709897585249624,0.0801281897770149,0.0593263227435781,0.0237053269114829,0.00462137324113936,0.0784488002301746,0.155924089003875,0.471972421001368,0.0548837185664044,"BC23209_D1","9x27",0.0548837185664044,0.210444271045555,0.50029912115399,0.23437288923405
"320","BC23209_D1_14x27",0.132725333722178,0.0470927058054949,0.0522847621891913,0.0792593007013365,0.0385208619565524,0.0796092772089148,0.308585630241028,0.0623758549440537,0.19954627323125,"BC23209_D1","14x27",0.19954627323125,0.232102801716864,0.180156017601943,0.388194907449943
"321","BC23209_D1_12x27",0.0541004384076877,0.138526745970845,0.0599603960202393,0.248682306159856,0.0375149881745327,0.0658524616937583,0.106386467856916,0.0915062015760768,0.197469994140089,"BC23209_D1","12x27",0.197469994140089,0.252587580398772,0.377703495910466,0.172238929550674
"322","BC23209_D1_13x27",0.0702519448075882,0.0402641226081744,0.0569803722895878,0.423003671713828,0.0424645747286509,0.0166013088839357,0.18631611501951,0.0153869477486545,0.14873094220007,"BC23209_D1","13x27",0.14873094220007,0.16749643970535,0.480855194191133,0.202917423903446
"323","BC23209_D1_11x28",0.161320441053957,0.143719634579463,0.159457160327207,0.158684991367375,0.00970700719464124,0.0657740188760829,0.199456638895581,0.031605815340839,0.0702742923648529,"BC23209_D1","11x28",0.0702742923648529,0.464497235960627,0.199997813902855,0.265230657771664
"324","BC23209_D1_10x28",0.0591416565096532,0.265632045948607,0.0527077265396998,0.028071722996101,0.00418601861058572,0.18954560624329,0.176089186238622,0.176735396312841,0.0478906406005993,"BC23209_D1","10x28",0.0478906406005993,0.37748142899796,0.208993137919528,0.365634792481912
"325","BC23209_D1_12x28",0.144426361145323,0.120837146683009,0.0846434210156661,0.102505269256501,0.0420202094779265,0.0980448730671224,0.223475900881386,0.0143646235579046,0.169682194915161,"BC23209_D1","12x28",0.169682194915161,0.349906928843998,0.158890102292332,0.321520773948508
"326","BC23209_D1_13x28",0.0628107038516969,0.0618750531261995,0.0319071639061188,0.383979377232768,0.0725896773582547,0.0182207249827454,0.230776944038059,0.0335292149254959,0.104311140578662,"BC23209_D1","13x28",0.104311140578662,0.156592920884015,0.490098269516519,0.248997669020804
"327","BC23209_D1_9x28",0.0199887809684164,0.15828745336094,0.0907586128584823,0.142510886581249,0.0232619903431227,0.313266913140442,0.0607578038366598,0.1394492734463,0.0517182854643881,"BC23209_D1","9x28",0.0517182854643881,0.269034847187839,0.305222150370672,0.374024716977102
"328","BC23209_D1_8x28",0.0549783041415517,0.102551968956529,0.012899834801997,0.0665889612985691,0.000461660060226501,0.0769162050047186,0.00830783033558678,0.674748533919442,0.00254670148138027,"BC23209_D1","8x28",0.00254670148138027,0.170430107900078,0.741799155278238,0.0852240353403054
"329","BC23209_D1_11x29",0.0316469801591929,0.112620108330737,0.0470808238315713,0.238707389456264,0.0463206633641348,0.0669524158821829,0.10412346546171,0.246419086100666,0.106129067413541,"BC23209_D1","11x29",0.106129067413541,0.191347912321501,0.531447138921065,0.171075881343893
"330","BC23209_D1_9x29",0.0305323413303694,0.232943865801488,0.0450568522711423,0.142205370247269,0.00878814632884947,0.233014269289578,0.0142247156784734,0.276979856583614,0.0162545824692156,"BC23209_D1","9x29",0.0162545824692156,0.308533059403,0.427973373159732,0.247238984968051
"331","BC23209_D1_10x29",0.087865916134446,0.247367449326412,0.0911789368958094,0.00731863042479795,0.00164533321475011,0.149615161062671,0.0040246861269614,0.409235784024857,0.00174810278929584,"BC23209_D1","10x29",0.00174810278929584,0.426412302356667,0.418199747664405,0.153639847189632
